title,content
죽을때까지 못 해본 사람 잇을까?,ㅇ
나도 해보고 싶다,ㅇ
이거보는중,https://youtu.be/E6-vRk_64YU?si=r4Bi0Wi37Qd0GxVq
걍 인생 좆같네 ㅈㄴ 안풀린다,하 ㅅㅂ
나도이제슬슬집나가라고한다 념글처럼,"26년에 20중반이면 나보다어리긴하네
그냥 흙수저의 운명인듯"
이거보는중,https://youtu.be/5R-L0SPUUIo?si=E090bCulYs135NGc
인생망해서 우울하네,살기가싫다
가슴을 데인 것처럼 눈물에 베인것처럼,"지워지지 않는 상처들이 괴롭따아아아아아아아아
- dc official App"
제2의 인격이 생겼으면 좋겠다,"그 인격이 나랑 평생 친구가 되어주면 좋겠어 ... 

아니면 상상친구를 다시 만들어볼까

예전에 지원이라고 내가 만든 상상친구 있었는데

얘조차 나를 무시해서 그냥 없애버림"
울어도 봤고 웃어도 봤다,그래도 웃는게 낫더라
할게 업워서 유튜브 쇼츠나 보면서 우는중,내 인생.....
늙기 싷다,지금도 비참하지만 늙으면 훨씬 더 비참해지겟지
집에왔음,마지막으로 정리 해야겠음
글 쓰면 간격이 자기 마음대로네,수정을 몇번이나 하는건지;
몇년 전에 개미 키우는 게임 찾아봤었는데,"https://store.steampowered.com/app/463530/Empires_of_the_Undergrowth/
 Empires of the Undergrowth on Steam
Command swarms of warriors at an unprecedented scale of warfare in this blend of RTS and base-building. Lead ant colonies against the many fearsome threats of the insect world, while building intricate nests, developing pheromone-based tactics, and evolving to meet growing dangers.
store.steampowered.com



리얼하게 생긴건


마음에 들긴하더라"
인터넷 야메로,"https://youtube.com/v/sgvJ1UZiVqE?si=GYBACWQXdxltwW0Y
 Aiobahn feat. KOTOKO - INTERNET YAMERO [한국어 가사] [자막]
#INTERNETYAMERO #인터넷야메로 #Aiobahn #KOTOKO #니디걸 #NEEDYGIRLOVERDOSEOriginal : https://youtu.be/51GIxXFKbzk
youtube.com


은근 명곡이다 이기"
이비인후과 이제 가지 말아야지,"오른쪽귀 가려워서 갔는데 귀가 좁아졌다고

18일동안 계속 오게 하더니 이젠 멀쩡한

코후비고 있음 동네병원은 속물로밖에 안보인다"
야로나 걸린거같다,몸이 으슬으슬춥고 목이 아파오기 시작함ㄷㄷ
나무는 물 없이 살아갈 수 없어..,나에게도 비가 왔으면
인생이달구나,달다 달아
ㅠ,"https://youtu.be/ewT8gXCx7hI?si=HT3RUBfPfOSQMrg-
 2030 젊은 세대 캥거루족 독립·알바 거부하며 '무기력'/ KNN
#knn뉴스 #2030 #독립 #알바 ▷ 전화 부산 051-****-9000경남 055-****-0505▷ 이메일 jebo@knn.co.kr▷ knn 홈페이지/앱 접속, 제보 누르기▷ 카카오톡 친구찾기 @knnKNN 뉴스는 24시간 여러분의 제보를 기다립니다.▶KNN 뉴스 채널 구...
youtu.be"
애초에 타인을 믿지앟으면 실망할 일도 업을텐대,역시 믿을건 내 자신과 돈 밖에 업어
죽기도 귀챃음,"예전에 살자 시도한적이 잇어서 그런가
이젠 살자 시도하면 실패해서 병언 입언하는게 무서워"
배고프고 목마르고,"열나고 머리아프고 기침나고

역시 건강한게 최고임
365일내내 아픈 사람들은 어케 삼..
늙으면 또 몸 여기저기아플텐데 어케 삼"
나를 개이라고 부르다니 참을 수 없다,내가 비록 맵찔이고 운동도 안 하고 그렇긴 하지만? 나는 샤워도 비누로만 하고 3분 전으로 끝낼 수 있고? 슬픈 거를 보거나 많이 다쳐도 즙 한방울 나오지 앜고? 여자를 좋아하고? 불의를 참지 않는데 이 나를? 이 사나이를 모욕하다니 참을 수 없다. 주딱 현실애서 마주치면 용서하지 안갯다.
시리얼 먹고옴,에혀...
토쇼칸니 이코우~~,도서관 50분 정도 걷고 이십분 간 오르막길 우효wwwwwww 마 힠히들도 책 읽어라. 다 우리 엄빠들 세금이다 마.
튀.우.,"농심 튀우인데, 전보다 맛이 덜해진 게 확실하다. 감칠맛이 덜함. 물 정량 맞췄는데 걍 간 자체가 밍밍함. 오뚜기 튀우는 좀 낫나?"
자체적으로 열나는 중,like 과열된 휴대폰
과일먹고 싶다,귤 딸기 배  수박
점심도 먹기싷다,아무것도 안하고 잇지만 아무것도 하기 싷음
모든게 재미업어,에혀...
이 영화를 끝까지 봐야댈 의무라도 잇는걸가,"결말은 이제 다들 어느정도 예상이 갈텐대
그걸 끝까지 보는건 미지에 대한 두려움 때문?"
ㅂㄹ ㅇㅋㅇㅂ 다시는 안할거임,"24시간 안 지나서 아직 탈퇴 안대니가
내일 복구 안되도록 초기화 시켜버리고 탈퇴할거야"
ㅂㄹㅇㅋㅇㅂ 갑자기 생각나서 계정 복구해봣는대,"여전히 게임은 노잼이내.....

캐릭 보는 재미로 하는 미연시임 ㄹㅇ"
근대 보성 녹차가 컨샙이라고 아이스크림도 녹차아이스크림 파는거 으이가업내,극한으 컨샙충 아니냐 ㄹㅇ
긋대 자꾸 모바일겜 두개 하고십어짐,하나만 하면 숙제 끝나고 너무 심심헤
녹차밭,"1
이미지 순서 ON

2

3

4

5

6

7

8

9

10

11

12

13

14

15

16

17

18

19

20

21

22

23

24

이제 가야지..."
야한얘기하지마세요,.
몇도 낮아졌다고 어젯 밤에 모기 첫 입갤함,열대야 없는건 좋은데 이젠 모기땜에 짜증나겠네
기력없다,"잠도 확 늘어지고
밥도 잘 안먹고
약도 챙겨먹기 힘들고
글 쓰는것조차 지쳐
걍 죽어버렸음 좋겠다
- dc official App"
오늘목표,"12~2시까지 디시 안보기
한번만 딸치기"
녹차밭,"1
이미지 순서 ON

2

3

4

5

6

7

8

9

10

11

12

13

14

15

16

17

18

19

20

21

22

23

24

이제 가야지..."
야한얘기하지마세요,.
몇도 낮아졌다고 어젯 밤에 모기 첫 입갤함,열대야 없는건 좋은데 이젠 모기땜에 짜증나겠네
기력없다,"잠도 확 늘어지고
밥도 잘 안먹고
약도 챙겨먹기 힘들고
글 쓰는것조차 지쳐
걍 죽어버렸음 좋겠다
- dc official App"
오늘목표,"12~2시까지 디시 안보기
한번만 딸치기"
딸말고는 취미도 없다,마약같음
술 안마신지 4년쯤된듯,"술만먹으면 머리 ㅈㄴ 아프고 맛도없고 토 나오고

내 입장에선 도저히 술 왜 마시는지 모르겠음 히키생활하면서 유일하게 좋은점은 술마실일이 없다는거임 ㅎㅎ"
눈물나와,우울하다
우울하네,우울하다 시팔
폰 배터리가 70퍼 미만이면 몹시 불편해짐,강박증인가
모바일 겜 그냥 하나만 해야겟음,모바일겜 두개 하는건 시간 너무 잡아먹워...
닝3는 안나가나,"언제 나가냐ㅡㅡ
머 삿다고 오늘 온다던데(과자랫ㄴㅏ)
생수나 사지..
수돗물은 찝찝해서 못 마심.."
폰겜 두개 하는건 역시 아니려나,디시할 시간이 엄청 줄어들거갛은대
또 배아프네 시발,나좀 그만 괴롭혀
오늘 녹차밭 가보려고,좋은곳이면 좋겠다
인생어쩌다이리된걸까,억울하다 ㅅㅂ
히키하이,오늘도 화이팅
요즘 무슨 꿈들 꿈,"보닌 은갤애 꿈 얘기 자주 적는 거 같은데. 꿈일기 갤루리로 쓰고 있음. 근데 대부분 슬프고 무서운 꿈이라 망. 아 저번애 딱 한번 카리나랑 춤 추는 꿈 꿨다. 갤에 썼지? 존나 행복했는데..ㅜ
무슨 꿈들 꿈. 잠 좋아함? 내 취미는 잠임. 그래서 꾸는 꿈도 많음"
폐렴걸린거 같은 느낌임,"밤에 춥지도 않앗는데 이게 감기일리가...
열나고 기침 콧물남 목아픔
어차피 병원갈일은 없어서 먼지 모르겟지ㅋㅋ"
학교 477곳ㄷㄷ,"조선일보 보니까 딥페 전국의 초중고교 대학 합해서 대략 477곳이라네. 계속 제보 들어오고 있다네.

근데 왜 지인 여학생 얼굴로만 합성하는 거임. 왜 남자는 수요가 없는 거임.

디시 보니까 유명해지고 싶은 게이들 많던데 어. 신은 왜 필요로 하는 사람한테는 여체를 안 주고?
아 근데 딥페는 유명해져도 돈 안 들어오나. 무단도용이라.

애들은 전문 배우의 야동을 못 봐서 현실 인간으로 장난 치는 거임? 라떼는 어릴 때도 봤는데 요즘 애들 참."
인터넷으로 체크카드 신청할랬는데,"엄빠가 하라해서. 인터넷으로 할라했는데, 체크카드 만드는데도 직장 주소랑 전번 입력하라고.. 직장 정보 입력 안 하면 페이지가 안 넘어가.. 그래서 포기함. 무직은 안 되는구나"
어제 발견한 고양이,"차위에서 뒹굴뒹굴 거림
귀여움"
인생 망해서 우울하네,ㅅㅂ
좀비 아포칼립스 기원..,단 나는 안전한 장소에 있어야 됨 ^오^
이거는 실패,맛이 애매함
살 의지가 없어,님들 왜살아
회피성성격장애있니,"나야시발
의심되서 병원가봐야겠는데
병원미루는게
게을러서인지 그냥 도태찐따되는지 판가름나서인지 나도모르겠다
- dc official App"
할머니가 맨날 어떤 할머니한테 맨날 내뒷담깟는데 그할머니죽음,"잘됐다 어디다풀지도 못하고 암걸려뒤졋으면 좋겟다 싶엇는데
이젠 기도하면서 하나님한테 내뒷담까고잇음ㅅㅂ기도도 못하게하고싶은데 뭔수없나"
님들은 주로 몇시에 잠,"전 요즘 생체 리듬 개박살나서 2~3시에 잠

어제는 좀 피곤해서 1시반에 잤다만"
사람 한명잇는거 같음,"잇는줄 몰랏는데
공원한바퀴도는데 운동기구쓰고 잇는거 보임
걍 벤치에 앉아잇어야겟다ㅋㅋ
와파도 되고 집보다 훨 시원해서 좋음"
공원옴,여기 와파되구나
시이발,"새벽에 오래 나가잇어야지
ㅈ같은 집구석"
에어컨때문인지,"기침남
어차피 안시원한데 끄라고 시발년아"
Zzz,
인생은 모른다는데,내 인생은 알 것 같음..
인생망해서 눈물나와 약 그냥 늘려달라할걸,암담하다
히키 6년차 오늘 제사 다녀왔는데,"친척 어른들이 이제 나에게 아무것도 묻질 않음

전에는 그래도 요즘 뭐하냐 이런거라도 물었는데 ㅋㅋ

포기했나봄"
배부름,"자피 4조각은 힘들다

3조각이 적당하네"
공공근로 할라 했는데,"부모님 재산 때문에 자격 미달이라 안되네

내 통장이 좆거지인데...

이력서 넣어도 연락 하나도 안오고 열람도 안하고

왜 사나싶노"
디시 어케 끊음 진짜,차라리 딸을 끊지 디시는 못끊겠노 시발 ㅠㅠ
아씨발 배불러///,트름 꺼어어억 하고 가요.
사교성<<어케 기르는거임?,스몰토크가 뭔데 그거 어떻게하는건데
식당에서 밥사먹으면 안되는 이유,락스물먹을 확률잇음
동생이 자피 주문함,후후
선풍기가지러가도,"분해안되면 어카지
집에 드라이버가 잇나...
진심 더워서 가지러 가고 싶다"
빨리 추웟졋으면....,좀 쌀쌀해지려면 얼마나 남앗냐..
ㅋㅋ 진짜 노답새끼,"겨우 구한 일도 못버티고 나가버리는 한심한새끼
노답새끼
이틀만에 튀어버리는 개등신노답새끼
병신새끼진짜쓰레기 개좆밥새끼
나가뒤져라

- dc official App"
식당에서 밥사먹으면 안되는 이유,락스물먹을 확률잇음
동생이 자피 주문함,후후
선풍기가지러가도,"분해안되면 어카지
집에 드라이버가 잇나...
진심 더워서 가지러 가고 싶다"
빨리 추웟졋으면....,좀 쌀쌀해지려면 얼마나 남앗냐..
저녁만되면 존나 답답하고 토할것같다,디시질도 재미없고 그냥 누워있음 ㅜ
죽어라,
와 엄마 걷기 어플 캐시 모아서 치킨 삼,"대단하노 ㅋㅋㅋㅋ얼마나 모은 거임?ㅋㅋ 난 인내심 없어서 컵라면으로 진작 다 바꿔먹었는데.
제일 가까운 치킨집이 1.7km군. 포장해야겠지?"
주딱셀카공유함요,"그것은 사실 태어난지 얼마 안 된 새끼 고슴도치였구연
냐쨩 마지만지 (˵ •̀ ᴗ - ˵ ) ✧"
갑자기 이 영화 생각난다,"https://naver.me/xGIiru3o

 싸이보그지만괜찮아 : 네이버 검색
'싸이보그지만괜찮아'의 네이버 검색 결과입니다.
naver.me


동질감 느껴지는 부분이 있었던건지


두번 볼 정도로 좋아했었음


괜히 나를 사람 탈 쓴 야생동물 같다고 여겼던게 아니었나 봄"
자기전에 죽은 후에 평온을 상상하며 자면 편안해짐,근데 그 전 과정을 생각하는 순간 잠이 다 달아남
아이스크림 잇는대 걍 이걸로 저녁 머글가,배달시키는것도 귀챃음
닝1한테 보이스톡옴,"(애미 유심잃어버려서 전화못함ㅋㅋ)
닝2한테 연락하려고 햇는데
잘못걸엇다노ㅋㅋ"
식사 알약 갛은거 나왓으면 좋겟음,알약 하나로 영양소를 적절하게 섭취할수잇는거임
애효,
덥고 배고프고,"온지 24시간정도 됏는데
이온음료밖에 못먹음"
사건 터지는거 보니가 인류는 멸종하는게 맞음,지구의 정상화.....
지금은 슬퍼해줄 사람이라도 잇지,"나중에는 무연고자로 죽을걸

신문은커녕 통계청에서 발간하는
통계에 숫자로 표현댈텐대"
인간들은 전부 역겨워,특히 종교 믿는 사람들은 위선적이여서 더 시러
딥페 기사 중간에 엄나홀 뭐임,골때리는 새끼노ㅅㅂㅋㅋ 도대체 엄마의 어떤 점이 꼴리는 거임
살기싫으네,ㅇ..
특수학급 첫출근하고옴 휴,"쌤들이랑 같이 점심먹었는데 다들웃을때 혼자만 웃지를못하네 개 ㅆㅂㅆㅂ
인생난이도 개빡셈
기본적으로 사람이 너무 무섭고 한마디만 해도 개쫄림
약먹어도 발전이 없고 진ㅁ짜 우째야되냐 진심 하"
체크인했는데,뚫려있었으면 더 좋았겠다
10분 뛰는게 저질체력인가,나 3분뛰고 뒤질뻔했는데
ㄱㅂㅁㄱ 어플에서는 ㄱㅂㅋㅅ로만 구매 가능함,어플 지워버릴거임 ㅅㄱ
날씨가 애매하니가ㅇ더 짜증이 나내,"에어컨 틀면 살짝 추운대
선풍기는 또 더운거갛음"
웹소설 괜히 구독햇내,"웹소설은 그냥 소설이랑 다르게
읽다보면 저능아 되어가는 기분이야"
여행왔어,"1
이미지 순서 ON

2

3

내 인생 처음이자 마지막일거야
수학여행 조차 못가본 인생
녹차밭이랑 주암호생태공원 가보면
그래도 좋은건 보겠다"
헿2,"캐시배들옴 
개꿀이구나"
헿,냠
인생망해서 불안해죽겠네 약 안먹으면,못버티겠네
방 더러운사람 잇니,"나 티비에서만 보던 쓰레기집 원룸이였는데 가사도우미 알바 아주머니 어플로 4만원인가 결제하니까

몇일에 몇시간 고용할건지만 입력하면 예약 끝나더라
꼭 얼굴 볼필요도없음  
예약해놓고 코노가서 3시간 박혀있다오니까 깨끗해뎌있더라

원룸이면 아무리 길게잡아도 4시간인데 5만원정도 됨


진짜 뭐 허리높이까지 쓰레기 쌓여있는수준은 아니고 배달음식 좀 쌓여있고 팬티랑 옷이랑 널부러져있고 바닥에 쓰레기 많고 어떻게든 걸어다닐수는 있는 수준이엿음

어떻개든 얼굴 안보려고

걸레랑 고무장갑이랑 쓰레기봉투 큰거랑
음식물봉지 주방세제 락스 쑤세미 화장실청소하는솔 천마스크
이렇게 쿠팡으로시켜놓고 귀중품만 빼놓고 걍 나가있었음
어플에 비번 입력해놓는칸까지잇어서

대신 미안해서 업체에 아주머니 번호 물어봐서
문자로 고맙다하니까 건강에 안좋다고 청소 자주하라더고 답장옴 ㅠ"
오늘 아침에 부모님앞에서 밥그릇 깨버림,"어릴적부터 내 머릿속에는 
폭력적인 아빠 
이기적인 아빠 
사고치는 아빠
사건은 말로하기에도 심할정도로 많고
정말 이기적임 분명히 우리 가족을 사랑하는건맞음
신 이 내려와서 우리가족모아두고 너네중 한 명 가족을 위해서 희생한다면 나머지는 행복해질것이다
라고 하면 우리아빠는 자발적으로 희생할 사람이야

여기까지가 그냥 내가 생각하는 아빠의 모습이고
나는 어릴적부터 그냥 어느순간 히키처럼 되더라
그걸 어느순간부터 매일매일 싸우는 모습을 보여주고 집안을 다 때려부수려하는 아버지때문이라고 탓하면서 살아온거같다
현재는 직장에서 7년정도넘게다니다가 2년동안 히키코모리로 지냈음
애초에 군대전역하고 3년히키코모리 > 직장7년 퇴사후 2년히키> 현재 기술배우고다님 (개힘들고 매일 포기할까생각하고 열심히 다니지도않음)

엄마랑 아빠 둘다 일을다님 엄마는자영업을하시고 아버지는 버스운전기사를 하고
아빠는 새벽/오후 이렇게 교대로 출근을하심
새벽은 새벽5시쯤 나가셔서 오전12시정도 
오후일은 10시쯤 나가셔서 23시정도.

오후일 할때는 엄마가 매일 도시락을 싸주며 23시퇴근하는 아빠를위해 매일 그 시간에 잠도못자고 식사를 준비하심.

예전부터 아빠가 다혈질에 성격이 정말 괴팍하고
오늘 사건은 오늘 아침을먹는데 국에서 비린내가난다 
> 엄마가 원래 멸치를넣으면 그렇다 
아빠가 표정이안좋아짐 
>엄마가 좀 이제 혼잣말로 너네아빠도 참 이런거 민감해한다
이러니까 아빠가 이제 숟가락 젓가락을 던짐
그거에 내가 이성을잃었다 나도모르게
그냥  내 밥그릇을 그냥 방바닥쪽으로 야구공던지듯 던져버림 
밥그릇은 사혼의구술처럼 터졌다
진짜 이성을 잃으면 이렇게된다고 싶더라
그 pc방 김성수사건이 딱 이랬을거같았음 
진짜 내 자신이 이게 꿈인지 생인지 모르겠었고
정말 죽어야하나 싶더라 
그냥 조언을바래서 글 쓴거도아니고
위로를바란거도 아니고 
예전에도 히키생활오래하고 태생이 히키로 여기갤도 가끔 눈팅하러 왔는데
난 친구도없고해서 오늘 있던일 어디라도 말 하고싶어서 와봐서 처음 글 써봤어"
정신병자는 애 낳으면 절대 안됨,연애는 상관 없는데 애는 안됨
정신병자가 정신병자랑 만나봣자 정신병자 두명임,아무 의미 업음.....
찐특) 술맛 모름,ㄹㅇ
차라리 벙어리인 편이 낫다고 생각하는중,조금은 귀여울지도 몰라
형제가 나 무시하는 것 같음,이거 피해망상임?
본인 채팅으로도 대화 잘 못함,"얼굴 보고 하는건 가망 없으니까 연습겸 오픈채팅 같은거 여러번 시도해봤는데
3일 이상 이어진 적이 없음........."
나도 딥페이크 해줘,내얼굴로 딸딸이쳐줘
꿈을 꿨는데요,"주딱이 무릎배게 해주는건 로또사라는 꿈이냐?
냐쨩 마지만지 (˵ •̀ ᴗ - ˵ ) ✧"
한남새기들이 또 사고를쳣군아,어휴 한남아
나중에 코인빨래방이나 갈까 햇는데,"(세탁기찝찝,오래된 세제땜에)
생각해보니깐 고양이키우면 이용하면 안된다고 햇던듯.."
유튜브도 망해버림,볼게 업내 진자루
살기싫다,"못버티고 나감
- dc official App"
너무 심심해,할게 업음
새벽에 선풍기나 가지러 갈까,"걸어서 왕복 4시간거리ㅋㅋ
사실 힘든거 ㄱㅊ을거 같은데
닝겐들 마주칠까봐..."
꿈을 꿨는데요,"주딱이 무릎배게 해주는건 로또사라는 꿈이냐?
냐쨩 마지만지 (˵ •̀ ᴗ - ˵ ) ✧"
한남새기들이 또 사고를쳣군아,어휴 한남아
웹소설이라도 읽어봐야겟음,할게 진자 너무 업어서 심심함...
나중에 코인빨래방이나 갈까 햇는데,"(세탁기찝찝,오래된 세제땜에)
생각해보니깐 고양이키우면 이용하면 안된다고 햇던듯.."
유튜브도 망해버림,볼게 업내 진자루
살기싫다,"못버티고 나감
- dc official App"
너무 심심해,할게 업음
새벽에 선풍기나 가지러 갈까,"걸어서 왕복 4시간거리ㅋㅋ
사실 힘든거 ㄱㅊ을거 같은데
닝겐들 마주칠까봐..."
화장실도 더러움...,"창문도 막혀잇어서 환기도 안되고
(종이로 못 열게 막아놈)
벽에는 빨간곰팡이 천국
세면대×
세탁기는 누런 구식 세탁기인듯

닝3가 에어컨 시원하지도 않은데
계속 틀어놈
냄새만 나는거 같은데 걍 꺼버리고 싶다"
김치볶음밥 완성,"한시간 걸림 이번에 양파 제대로 썰었음
근데 기름이 흥건함"
히키하이,그에엑
아무리 생각해도 로또랑 연금복권 같수오가 정답임,같수오 1등 당첨되면 행복해질수 잇워
(),"기록-2408XX













말을 하고 나면

잘못이 보이고

적잖이 괴롭다



닥쳐야겠다"
아침부터 모바일 맞고 갈겼는데,"카똑 연동 겜인데, 실명 쓰고 셀카 사진 프로필로 올려놓은 등산 애호가 아저씨한테 3판 내리 발리고 껐다 시바 ㅋ
난 도박 하면 안 되겠다"
인생망해서 울적하네,하 ㅅㅂ
좀 누워야겠다,피곤
애트카 섬,"알래스카 애트카 섬
추락한 비행기 발견




이렇게 한적한 곳에서 살고 싶음"
어려지고싶다,아니면 태어나기 전으로 돌아가거나
스윙칩 on,
방금 근처공원 산책다녀옴,"노래들으면서 좀 걸음
30분정도
닝겐들 없엇음
밖이 훨씬 시원함ㅋㅋ"
술이 달다는건 삶이 쓰다는거다,"공업용 알콜 희석한 술이 맛나긴 쉽지 않지
진짜 힘들면 밥맛은 없어도 술은 참 달더라
그래서 사람이 술을 찾기 시작하고 의지해가고 취해간다
취하면 적어도 외롭고 춥고 공허함을 잊을 수 있다
어느 지경까지 오면 술이 아니면 이것들을 채울 수 없고"
은붕이들 형제 험담 하는데,"난 외동이라 형제 있는 사람이 부럽다
세상에 적어도 의지할 수있는 사람
같은 피를 유대한 사람이 있다는게
난 부모 돌아가시면 세상에 철저하게 혼자 남는다
솔직히 그 외로움 감당할 자신없음
가장 부러운건 사랑해서 서로 의지하는 사람들이고
난 죽을때까지 외로울거다."
운동 다녀왔는데 칭찬해줘,"앞으론 매일 갈 생각이야
- dc official App"
닝3년 같이 가자고 한거 짜증나뒤지겟네,"닝3년이 자꾸 그렇게 말하니까 애미도 같이 나가라햇지
후진데서 더 후진 환경으로 온ㅋㅋ
(히키가 뭘 바라는것도 많노 )"
그냥 사계절 가을겨울이면 안되냐,"너무 덥다
냐쨩 마지만지 (˵ •̀ ᴗ - ˵ ) ✧"
더워서 짜증난다 시발,"여긴 감옥이다
은붕인 벌을 받는 중이다"
살기싫어…,살기..
인생이쓰다,"문닫았댄다……
냐쨩 마지만지 (˵ •̀ ᴗ - ˵ ) ✧"
롯리 새우버거 신메뉴 나왔던데,"찍먹해볼까
냐쨩 마지만지 (˵ •̀ ᴗ - ˵ ) ✧"
언어능지 어디다쓰나요..,쓸모없는거같은데스..
나란인간 너무 나약해,
술이달구나,사실 쓰구나...
국가에 축제열렸네,"https://youtu.be/WGhmV6qULuE




https://youtu.be/dVZDZ2H0RzI


ㅋㅋ"
줌마트라우마 올거같음,"서비스직 존나싫어서
피하려고 여기까지 왔는데
여기서도 줌마들한테 웃음웃음^^ 네네알겠습니다^^
아이시발
소통할 나이대가 비슷해줘야 말맞춰보지

시발 숫기없다라고 했으면 그나마 덜 상처받았을텐데
일경험 전혀 없지? 라고 찍어맞추는 질문을 던지는게
존나 악마같음 개씨발년들같음
너무살기싫음내일가기싫은데
내일존나살기싫은데
이거가지고 도망가면
어디서도 못버티는 압박 심리 가질만한 멘탈은 또 아니여서
미칠거같음 못하면 못하는거잖아
이걸로 버티려는게 에바야
근데 일 못나갈거같다고 얘기하는건 너무 강박들어서
말을 못꺼내겠어
일을 못하겠다고 말 못해서 미칠거같아
무서워
버틸 수가 없어
하지만 갚아나아갈건 너무 많은데
이러지도 저러지도 못하는게 너무 괴로워
악깡버하고싶은데 멘탈이 안잡혀 도망치고싶어

- dc official App"
ㅈㄷㄴ,https://youtu.be/JGqSEM9-LWM?feature=shared
말 나온 김애 다중 능지 테스트 해바라,"내게도 능지가 있었다니 호오
https://multiiqtest .com/"
인터넷 심리테스트하니까 정신과에서 돈 주고 한 테스트 생각남,"처음 진단할라고 한번 받는 거 그것도 몇만원 짜리였는데. 그 뒤에 30만원 짜리인가. 무슨 전문 상담사 불러서 데칼코마니 그림이랑 낱말 보여주면서 하는 테스트도 했음.

지금 생각해보니까 돈 존나 아까움. 일반인 입장에서는 인터넷에 있는 애니어그램 검사, 아이큐 ㆍ이큐 테스트랑 ㅅㅂ모가 다른지 몰겠음.
생각하니까 막 존나 슬퍼짐. 그딴 거애 거금 투자(힠히한테는 액수 큼)하면서까지 부모님이 은붕이를 제정신으로 돌려놓고 싶어하는 마음이.. 나도 내가 어쩌다 일케 됐는지 몰루갯다..


존나 셰익스피어의 4대 비극 같노. 5대 비극: 히키 정신과 데려가서 돈 쓰기. 솔직히 현대 심리의학 안 믿김. 장사치 같음. 약물 필요한 심한 질병 말고 그냥 나같은 찐따말임"
월요일이라니,출 근 싫 어
내일 왜 월요일임..,"시발...시블..시발..
- dc official App"
타갤에서 히키코모리 만화 봣더니 기분이 안 좋아졋어,"은붕이 우울헤.,..."
평범한사람들은 일해도 별로 안힘들어하는거같음,하긴 건강타고낫으니
하아.. 이게 사는건가,
불안하네 불안하다,불안하다
하 애미년 진짜...,"애미 요새 이사하는 일 나가고 그랫거든
근데 며칠전인가 세제랑 섬유유연제를 엄청 많이 가져온거임
공짜로 얻엇다고 그러더라고
근데 지금 세제쓰려고 보니까 제조년이 2017년임ㅋㅋㅋㅋㅋ
인터넷쳐보니까 3년정도까지 써도 된다더라고
지금 2024년이니까 3년하고도 4년 더 지난셈임
이사하는 집에서 버린걸 들고 온건가...
짜증나네 진자"
인생 좆같다 ㅅㅂ,ㅅㅂ
선풍기를 어떻게 깜빡할 수가 잇지,"은붕인 당연히 챙겻겟지 싶엇는데
확인 좀 할껄 대가리 빠가사리 은붕...
선풍기를 가지러간다고 올때 택시타면 만원넘게 듬ㅋㅋㅋ
그거가지러 간다고 닝3가 갈리도 없고ㅋㅋ
짐 여러가지 챙긴다고 깜빡한거 같은데
걍 가방 하나랑 선풍기만 들면 되지
뭐하러 김치랑 휴지 챙기고 ㅈㄹ이노..
내가 어제도 선풍기 챙겨야된다고 햇는데 ...
고양이를 걔가 챙기고 내가 물건 챙길걸 그랫다"
야,네
인터넷 심리테스트하니까 정신과에서 돈 주고 한 테스트 생각남,"처음 진단할라고 한번 받는 거 그것도 몇만원 짜리였는데. 그 뒤에 30만원 짜리인가. 무슨 전문 상담사 불러서 데칼코마니 그림이랑 낱말 보여주면서 하는 테스트도 했음.

지금 생각해보니까 돈 존나 아까움. 일반인 입장에서는 인터넷에 있는 애니어그램 검사, 아이큐 ㆍ이큐 테스트랑 ㅅㅂ모가 다른지 몰겠음.
생각하니까 막 존나 슬퍼짐. 그딴 거애 거금 투자(힠히한테는 액수 큼)하면서까지 부모님이 은붕이를 제정신으로 돌려놓고 싶어하는 마음이.. 나도 내가 어쩌다 일케 됐는지 몰루갯다..


존나 셰익스피어의 4대 비극 같노. 5대 비극: 히키 정신과 데려가서 돈 쓰기. 솔직히 현대 심리의학 안 믿김. 장사치 같음. 약물 필요한 심한 질병 말고 그냥 나같은 찐따말임"
월요일이라니,출 근 싫 어
내일 왜 월요일임..,"시발...시블..시발..
- dc official App"
타갤에서 히키코모리 만화 봣더니 기분이 안 좋아졋어,"은붕이 우울헤.,..."
평범한사람들은 일해도 별로 안힘들어하는거같음,하긴 건강타고낫으니
하아.. 이게 사는건가,
불안하네 불안하다,불안하다
하 애미년 진짜...,"애미 요새 이사하는 일 나가고 그랫거든
근데 며칠전인가 세제랑 섬유유연제를 엄청 많이 가져온거임
공짜로 얻엇다고 그러더라고
근데 지금 세제쓰려고 보니까 제조년이 2017년임ㅋㅋㅋㅋㅋ
인터넷쳐보니까 3년정도까지 써도 된다더라고
지금 2024년이니까 3년하고도 4년 더 지난셈임
이사하는 집에서 버린걸 들고 온건가...
짜증나네 진자"
인생 좆같다 ㅅㅂ,ㅅㅂ
선풍기를 어떻게 깜빡할 수가 잇지,"은붕인 당연히 챙겻겟지 싶엇는데
확인 좀 할껄 대가리 빠가사리 은붕...
선풍기를 가지러간다고 올때 택시타면 만원넘게 듬ㅋㅋㅋ
그거가지러 간다고 닝3가 갈리도 없고ㅋㅋ
짐 여러가지 챙긴다고 깜빡한거 같은데
걍 가방 하나랑 선풍기만 들면 되지
뭐하러 김치랑 휴지 챙기고 ㅈㄹ이노..
내가 어제도 선풍기 챙겨야된다고 햇는데 ...
고양이를 걔가 챙기고 내가 물건 챙길걸 그랫다"
야,네
선풍기만 가져왓으면....,인생이 달라졋음ㄹㅇㅡㅡ
닝3잔다,"은붕인 더워서 씻고 싶다...
수건세탁중인.."
감자 슬라이스 찜닭.......,"1
이미지 순서 ON"
인생망해서 우울하네 ㅠ,ㅅㅂ
애미가 지폰 지딸이 가져간거 알고 나서,"개지랄하더라
애미가 은붕이도 쟤가 가져간거 알앗으면서 말안한거 아니냐고 그러던데 은붕인 오늘 걔가 집왓을때 알앗거든...
그년은 지가 가지고 갓으면서 골목에서 주웟다ㅇㅈㄹ떨던데ㅋㅋㅋ

애미폰 유심칩 사라졋다더라
그 유심넣는 부품도 사라짐
아니 그걸 누가 뺏냐...."
인내심키우기 놀이해야될듯....,"흙수저의 본격 더위나기체험임?
선풍기 왜 안챙겻짓ㅂㅅㅂㅅㅂㅅㅂㅅㅂㅅㅂㅅㅅㅂㅅㅂㅅㅂㅅㅂㅅㅂㅅㅂㅅㅂㅅ뵶ㅂㅅㅂㅅㅂㅅㅂㅅㅂㅅㅂㅅㅂㅅ
ㅅㅂㅅㅂㅅㅂㅅㅂㅅㅂㅅㅂㅅㅂㅅㅂㅅㅂㅅㅂㅅㅂㅅㅂㅅㅂㅅㅅㅂㅅ1ㅅ1ㅅㅂㅅ1ㅅ1ㅅㅂㅅ1ㅅ1ㅅ1ㅅ1ㅅ1ㅅㅅㅅㅅㅂㅅ1ㅅ1ㅅ1ㅅㅅ1ㅅ1ㅅ1ㅅ1ㅅ151ㅅㅂㅅㅂㅅㅂㅅㅂㅅㅂㅅㅂㅅㅂㅅ뵤뵤뵤뵶ㅂㅅㅂㅅㅅㅂㅅㅂㅅ1ㅅ1ㅅ1ㅅ1ㅅ1ㅅㅅㅂㅅ1ㅛㅂㅅㅂㅅㅂㅅ1ㅅ1ㅅ1ㅅ1ㅅ1ㅅㅂㅅㅂㅅㅂㅅㅂㅅㅅㅂㅅ1ㅅㅂㅅ1ㅅㅂㅅㅂㅅㅂㅅㅅㅂㅂㅅㅅㅂㅅㅂㅅㅂㅅㅂㅅㅂ"
아까 도착햇음...,"개후짐ㅋㅋ
에어컨도 잘안되서 짜증나노 개더움
(닝3년 냉장고문 열어놓더라ㅋㅋ)
선풍기도 안들고 옴.........시발
내가 고양이 챙기기로 햇고 딴건 닝3가 잘 챙길줄알앗는데
걔가 안챙김...
인생시발
도1배냄샌지 먼지 개나고"
세일 끝나서 장보러 갔다 그냥 왔음,"큰 마트 세일도 끝났고 근데 사람은 존내 많아서 빡쳐서 그냥 왔음. 엄빠가 ㅋㅋㅋㅋ존나 병신 보듯이 쳐다보면서 ㅋㅋㅋ세일 안 한다고 그냥 오냐 그거 몇백원 차이도 아니고 그냥 장 봐오면 되지 에휴 됐다 집에 있어라 마 ..이래가 우렀워
근데 원래 목적이 세일품목 사오기인데 목적을 달성 못했는데 그냥 오는 게 낫지 않냐. 나중에 필요하면 동네 구멍가게에서 급히 조달하면 되고.. 내가 너무 사고방식이 폐급인가 시벌..ㅜ"
지원아.......,너가최고야........
여자들은 다 노래잘하는듯,목소리 예쁘고 고음도 잘되서
미륵이 배가 고프구나,돈을 입금해라
길거리지나다니면 그냥 내인생은 좆망한게느껴지더라,여러가지의미로
히키들 연애 해봤어?,난모솔
내가 곧 미륵이니라,"가만히 보아하니
네 머릿속에는 사악한것이 가득하구나"
공익은 후임이 별로 없는거아님?,후임없으면 무슨재미로 삼;;;;
내일..월요일실환가..,"와.. 내일도 버티는건 존나 힘든데..
은붕씨 더 이상 일하긴 어려울것같다는 문자는 왜 안옴...

하... ㅅㅂ
예전 피패킹 때는 재밌고 그나마 혼자만의 작업을 할 수 있어서
잘릴 때까지 버틸 수 있었던건데

여긴.. 줌마년들이랑 프리토킹에.. 아... 오지랖에 염병에.. 아.. 스트레스가 제대로 터지니 금욜날 집 도착하자마자 몇시간 쳐울다가 잠들었는데..

혹시나 잘릴까봐 무겁고 큰 물통을 공장에다 두지않고 매일 들고 다니는데..

맘같아선 확 때려치고 게임만 주구장창 하고싶은데

대출이라던지 창고료라던지 지역의료보험..
이건 내야하잖아...
자유롭게 때려칠 수 있는 상황도 아니고
자활은 몇달 더 기다려야돼고
아.. 미칠거같아 아 미칠거같아
간편히 일하는 건 어디에도없지만
왜 직장도 준비못하는 상황에서 뭘 어떻게 버티고 나아가야하는지를 모르겠어
살기싫다 내가 왜이리 유리멘탈인지 모르겠어
- dc official App"
문서에 스템플러 박는건 스스로 해야하는거 아냐?,오래 걸리지도 앟는대 그걸 쳐시키고잇내
살기 싷은 하루임,지구 망해라 ㄹㅇ
결혼해도 노년 대면 요양원 가야대내,늙기 싷음 진자
한심하구나,
히키하이,오늘도 화이팅
ㄱㅁ,ㄱㅁ
에효,
한국에서 태어난게 문제가 아냐,"https://www.youtube.com/watch?v=CG4UZvZeooU

그냥 태어난거 자체가 잘못댄거야"
공익에게 성실과 친절을 원한다면 최저시급 줘라,내 책임 아니면 알 바노임
긋데 공익도 키 클수잇는거 아님?,낮잠 자는 시간을 보장해야 185가 댈텐대
애미가 폰잃어버렷다고 햇잖아,"그거 닝3가 가져간거엿음ㅋㅋ
닝3 지가 숨겻으면서 앰한테 모른척하는중"
나에게 은갤(은붕이들)은 _____다,"친구다.
나는 친구가 없지만 은갤이 잇기에 친구가 없다고 볼 수 없지 않을까"
와.......청소 끝!!!!!!!!!!!!!!!!!!!!!!!!!!!!,"처음 왔을때 느낌이네 
새롭다
중간중간 쉰거포함 5시간 반 걸렸다
새로운 마음으로 게임해야지!"
지듣노,https://www.youtube.com/watch?v=eg_yMhrRD0A
살아잇어서 불행한 하루,그치만 은붕이들은 오늘 하루도 화이팅!!!
4년만에 집청소 하는중........,"재대하고 돈이나 벌어야지 하다가 
바로 자취 시작
25살 첫 취업
26살 이직, 이사
28살 안좋게 퇴사해서 반년동안 우울증 치료 받으면서 히키짓

28살 돈없어서 2교대 공장 들어갔다가

30살 건강 창나서 퇴사

근데 유투브 보다가 문뜩 정신건강에는 사는 집 청소가 1번이다라는 걸 봐버림

그래서 새벽에 화장실청소 하고 대충 쓰레기 줍줍하고 바닥 물티슈로 딱았는데 
쓰봉 20리터짜리 8개나옴..;;;아직 덜치움

담배하나 태우면서 쓰봉보는데 나쁜생각도 쓰봉에 넣은건가 조금은 편안하다."
살다보면,"살아있길 잘했다는 그런 날이 올까

더운 날 컵에 얼음 막 때려 넣고 제로콜라를 마시면 느끼는 행복감
새벽에 과자를 하나 까먹으면서 유튜브를 보며 새벽의 운치를 느끼는 행복감

그런 소소한 순간들이 좋지만 뭔가가 부족하다"
참깨라면,
인생망해서 울적하다,ㅅㅂ
음,야미
토트넘 4대떡으로 개처발랐네,ㅅㅂ 경기못봄
인생망해서 울적하다,ㅅㅂ
음,야미
과거,"1988년 서울올림픽
1991년 소련 붕괴
1996년 국민학교->초등학교
1997년 외환위기

내 기억엔 없는 것들"
토트넘 4대떡으로 개처발랐네,ㅅㅂ 경기못봄
오늘은 그래도 5시간 잤네,더잘수있었는데 시발;; 담부턴 문을 잠구고 자야겠음;;;
은갤러들 다 거짓말쟁이야,어떻게 이시간에 잘수가있노!
다들 왜 아직 안자노,- dc official App
ㅜ,ㅜㅜ
넥슨을다람쥐를뿌려라,
일찍자고 일찍일어나는 은붕이들,바른 생활하는 ㄱㅁㅈ인 거시엿다
글리젠 좆박았네,"살려ㅜㅠㅠ
- dc official App"
어 형 왔다,"내가 누군지 모르지?

어어 정상이야
- dc official App"
뉴스 보는데 인도라는 나라 닉값 못하는 거 존나,"나라 이름은 인도인데 존나게 비인도적임. 참깨 수준 뛰어넘지 않나? 이미 인구도 중국 제꼈다더라. 저기 여행 가는 애들 뭔 생각임.

수십 명이 여자 하나 따먹고 고어하게 끔살해놓질 않나. 갓난 여아도 따먹지 않나 존나 무한 무료 뷔페임. 남자도 개뚜드려맞고 돈 뜯기고 가끔 뒤도 뜯는대. 나라 전체가 스너프 필름 고어 십하드 망가이자 폭력물..
갠지스 강 한쪽에서 시체 태우고 다른 쪽에서 볼일 보는데 빨래랑 목욕이랑 요리도 강물로 하네?
내가 저것들보단 낫다.. 자존감 올리기 좋음."
인생어쩌다 꼬인걸까 억울하다,억울해
갓반인들 쓰는 개노잼시기라는단어,"개노잼시기라는 언어가있단게
내인생이씹억까가아닐까란의문에대한
단서라고여겨짐난시기가아니라
인생내내그래왔는데이게그냥일부시기인사람들이있단거잖음매일조금씩이라도도파민나오고과거보다조금이라도과거추억회상할때드는기분보다비슷한정도라도의기분좋음을
다른사람은느낄수도있단거잖음..
그니까이게차라리병이라서
알고보니이게정상아닌게맞았다 라고누가말해줬으면함"
다들 오늘 토트넘 경기 보냐?,ㅈㄱㄴ
당첨됐음,"5천원

괜히 기분좋네

근데 본전이구요"
닝3 왜 자꾸 전화검?,"짜증나네
아니 언제는 애생겻다더니 술먹고
애 생겻다는 것도 거짓말인가?
암걸렷다ㅇㅈㄹ도 떨던데 그것도 거짓말일거같고ㅋㅋ

아니 말을 안하면 죽는 병이라도 걸렷나
먼 할말이 그렇게 많은지
그걸 친구들한테도 주저리주저리 지끼다가 손절당햇나
왜 친하지도 않은 은붕이한테 그렇게 쳐지끼는지
걔 연락하는거보면 거의 남친밖에 없던거같던데
쟤하는 꼬라지보면 질려서 친구떨어질만하다ㅋㅋ"
인생망해서울적하네,우울하긴하다
하아,"번호 3개 맞춤

3 9 24

5천원 리롤 획득"
님들 10년 후 미래를 상상한 적 있음?,난 깜깜한거보니 전생에 성공했나봄
왜.....,왜..............나만안됨........
인생이 귀칞다....,"사는 것에 무슨 의미를 둘 필요없지만
하찮은 인생이라...

하는 것도 없는 하루하루라
지루지루하고....

이 생활이 힘들지만 편안하다

안락사만 해주면 이 삶에서 해방될텐데

꾸역꾸역 먼가를 이겨낼 필요가 잇을까
틀어박혀 남들에게 비난받을 필요가 잇을까"
ㅇ,
은붕이 2등 당첨된것 같다.......,구라다...
지보영,"https://www.youtube.com/live/-JhoMGoAfFc?si=K3hVRfsr8leFX7dm
 [4K] Seoul Korea 24/7 Hangang Live Cam & Lofi Radio 韓国ライブカメラ (since 2020)
24/7 Live Cam streaming the scenery of Hangang & Banpo Bridge in Seoul, South Korea. Feed is LIVE with a 30~60 sec delay. Feed can be rewound up to 12 hours ...
www.youtube.com
한강이 보이는 아파트에서 산다면 이런 풍경을 매일 보겠지 하며 2시간째 티비로 보고있음 
잘때도 켜놓고 자야지"
대화라도 나눠볼려고 옾챗들어갔는데,1대1방이었는데 인사하고 나보고 자기소개하라니까 대략적인 나이랑 은둔하고 있다니까 바로 킥해버리네 자기가 태그랑 방제에 은둔형외톨이랑 히키코모리 적어놔놓고 그냥 대화하기 싫으면 아무말없이 나가거나해도 될걸 킥하는건 ㄹㅇ 인성하자가 있는게 맞긴하구나....
대답도 안하는데,"지혼자 통화로 10분넘게 떠들고 잇음ㅋㅋ
은붕인 초반에 몇마디빼곤 듣지도 않는데ㅋㅋㅋㅋㅋ"
adhd 우울증 무기력증 저지능 대인기피증 회피성성격장애 씹멸치고졸,"이번주 외출횟수 두번


아."
몰랏던 사실을 오늘 알게 됏는데,"사실 별의미없다고 생각한다
어차피 어....

착각하면서 살아온거라고 생각해도
나한테는 착각이 아니라 생각함
남들은 어떻게 생각할지도 모르지만
내알빠임?ㅋㅋ"
헿,달콤한 냄새 크…
두근두근,로또 1등 기원
팩트는,"로또 사면
당첨안되고


돈만 날린단거임

로또를 안사면
돈을 아낀다는거임"
로또사라...,3분남았다.....
3일전 새벽 은갤에 치킨 깊콘 뿌린거 아깝네..,에이쉬.. 그냥 내가 먹을껄....
꼬북칩,달달하네
아무리 생각해도 성별혐오당할바엔 일베충할란다,"디씨하면 다 이기야노 일베충이라는데 정작 지들은 씹덕갈드컵 성별갈드컵 스펙갈드컵 하다못해 야추길이 갈드컵을 쳐하는데
그럴 바엔 그냥 갤질에 고여서 일베충소리 들으면서 정신승리 하는게 훨 낫지 않나
냐쨩 마지만지 (˵ •̀ ᴗ - ˵ ) ✧"
왜또갤이씹창낫노,"그럴시간에 케리아한테 구마유시 키 나눠줄 수 있는 방법이나 고민해줘
냐쨩 마지만지 (˵ •̀ ᴗ - ˵ ) ✧"
주말에 리젠이 줄어드는 은갤,하긴 붕어빵에 붕어 없다. 마 그럴 수 있다
ai가 인류를 멸종시킬수잇워,그런 ai를 개발하고십구나
은붕이 행님덜 안녕하십니까 인사 오지게 박겠습니다!!!,굿모닝입니다!!!!!
요즘 식욕이 없어서,"음식마다 핵불닭소스 넣어서 먹으니까
딱 적당히 매콤히니 좋네"
공익도 아가야 낮잠 자게해조,1시간의 수면권을 보장해야댐
옵치 시네마틱 보는대,외국어 들으면서 멋지다는 느낌 드는건 첨이내
페이커고 네이커고 머고 관심업음,"아무튼 내 알 바 아니라서
롤 리그 망하기만을 기다리고잇음"
와 페이커 이젠 안쓰럽네,욕 하기도 미안해지는 지경에 이른거같다
공익 끝날대 인수인계를 내가 꼭 해줘야되는거임??,"어디서 날로 먹으려고 그래

직접 뛰면서 배워라 수고하고"
제미니한테 물어봤음,시발 선형대수학 네이놈......언제나 내 앞을 막는건 너였다..
공익도 아가야 낮잠 자게해조,1시간의 수면권을 보장해야댐
옵치 시네마틱 보는대,외국어 들으면서 멋지다는 느낌 드는건 첨이내
페이커고 네이커고 머고 관심업음,"아무튼 내 알 바 아니라서
롤 리그 망하기만을 기다리고잇음"
공익 끝날대 인수인계를 내가 꼭 해줘야되는거임??,"어디서 날로 먹으려고 그래

직접 뛰면서 배워라 수고하고"
제미니한테 물어봤음,시발 선형대수학 네이놈......언제나 내 앞을 막는건 너였다..
지구를 오렌지주스로 만들어줄수잇는건 ai 뿐이야,그런 ai를 개발하고십음
팩트는 약을 먹어야한다는거임,빨리 약 드십쇼..
요즘 디시에 그냥 쓸 글이 업음,"내가 썻던 글 살펴보는대
결국에는 동일한게 반복대"
쓸 글이 업다,인생이 허무헤
인생이 노잼이야,에혀...
공익 말년인대 점심 전에 퇴근시켜주면 안대나,현역보다 복무기간도 더 긴데
하는게 암것도 엄따,"밥도 안먹고 술도 안마시고 겜도 안하고

인터넷하고 담배피는게 다임

너무 허송 세월 보내니까 9급 노려볼까 생각중인데 인강 종류도 너무 많고 가격도 비싸서 고민된다
150만원이라고?"
니 삶을 살아라,
Forever love,".
- dc official App"
say anything,".
- dc official App"
인생을 살아라,
자퇴도 더이상 흠이 아닌 사회가 됨,"이혼도 예전에는 살아가는데 큰 주홍글씨였지만 지금은 전혀 아닌것처럼
안맞는 선생 안맞는 새끼들 강제적으로 보고 살아야할 이유 1도 없음

오히려 강제로 참고 스트레스받고사는게 인생 더 망가짐
무엇이든 안맞는다싶으면 능동적으로 자기 길 찾아 떠나는게 맞는거임"
영원한 잠을 자고십구나,깨어나고십지 앟아
에효,
인스타를 하십쇼,디시를 하면서 시간을 낭비하지마세요
애미가 폰없어져서 내 폰 빼앗으려고 하더라ㅋㅋㅋ,줫음 끝이지 진짜 맨날 지폰이래
아니 ㄹㅇ 별거아닌말인데 이해가안가더라고,"뇌속에서 뭉게지는느낌이랄까
내 능지 조졌다
이런식으로 히키탈피못하는거구나
사회복구하려해도 능지조져진게느껴지니 뭘못하겠음
집에서만있을때는 못느꼈음
아근데 가끔 이제 안틀리던맞춤법도틀리고  알던 단어가생각안나더라 십알
- dc official App"
아니 나 머리안좋아진거느껴짐,"그래서 나 전에 교육받다가 우울증인가??때문에 기억을못하셔서 자진포기하신분계신데
내 미래같아서 나도모르게 포기한듯
- dc official App"
애미 그쪽이랑 같이 살 생각인가봐ㄷㄷ,"애미 술먹고 폰잃어버려서 내 폰으로 통화햇는데
그분(?)한테 이사할거니까
빨리 방구하라고 하더라ㄷㄷ"
멀 해도 행복할수 업을거갛음,에혀...
친구1도없으면 좋은점,"비교될 일이 없음 ㅋㅋㅋㅋㅋㅋㅋㅋㅋㅋㅋㅋㅋㅋㅋㅋ

그냥 혼자서 혼자만의 세계에서 왕임 ㅋㅋㅋㅋ


야 기분 조타~"
꿈애 베라에 갔는대,꿈에서 손님이 정확하게 백그람을 담으면 공짜로 준다는 거임. 근데 나 혼자 성공함 ㅋㅋㅋ 근데 베라 알바 아가씨가 이거 성공한 사람 처음 본다고 같이 사진 찍자 함ㅋㅋㅋ 이개 뭔 꿈이노
애미가 은붕이안갈거엿음 편의점할랫다고 하던데,어챂 편의점도 매우 고난이도임ㅋㅋ
아니 나 사람한테 깨지면서 사회적응하는게무서운데 어뜨케,"깨지면서 못버틸듯 멘탈나가서
- dc official App"
애미 또 돈 잃어버렷단다,"술먹고 깨서 돈 없어졋다고 한게 지금까지 3번은 됨ㅋㅋㅋㅋㅋㅋㅋ 그래놓고 도둑년들ㅇㅈㄹ
지가 술먹고 기억없으면 지탓부터 하지 남탓ㅋㅋ"
나도 연애하고싶다,
애미한테 욕먹기 싫으니까,내 구역이랑 부엌 청소 좀 해야겟다
근데 난 진짜 변기안에 담궈졋던,"샤워기로 씻는건 ㄹㅇ ㅂㄱㄴ임....
하 아니 그걸 왜 넣음..."
걍 낼 가야겟다,"닝3가 낼 버스타고 오면 택시타고 같이 가기로 함
짐도 많앗는데 차라리 이게 나은듯"
사람들 보니까,"나이 5,60 대 돼서도 자격증따고 재취업하고 일하더라
갈길이 조온나 멀다

난 그때까지 일하기 싫어 늙은 몸을 이끌고 사는것도 별로야 안락사나 나왔으면 좋겠어"
너네 준비없이 사회에끼어들수있음?,"나중에 정신차리고 취준후 취업 가능할꺼같음?
- dc official App"
집에서 말을 안하니 언어능력이 어디까지 퇴화한건지 모르겠네,아
닝3 배터리없다하노,"충전기 안가져갓대

글고 고양이 나보고 데리고 오라던데
택시불러준다고 그냥 안고 타래 케이지 없거든...
짐도 옮겨야되는데 고양이를 어케 안고 탐..
선풍기도 잇고 휴지도 잇고 은붕이짐도 몇개 잇는데
그냥 선풍기는 포기하고(에어컨잇을테니까..)
짐 대충 한봉지에 챙겨서 고양이 안고 갈까
근데 택시에 고양이 안고 타도 되냐
닝3는 원래 자기는 그렇게 타도 머라 안햇다던데 민폐아니냐..."
시발 애미년 변기에다가,"샤워기헤드 넣어놈ㅋㅋㅋㅋㅋ
샤워하려고 햇는데 걍 접고 나중에 거기가서 샤워해야지"
병신,
옆집 땜에 개쫄림....,"옆집사람들이 우리(?)집 들낙거린적은 많은데
은붕인 인사한적도 없고 제대로 대면한적도 없는데
방금 왓다갓다한다고 제대로 대면한 꼴이긴 함....
근데 은붕이 눈잘안보여서 어케 생긴지는 모르고
애미랑 얘기하는건 들려서 목소리는 대충 암ㅋㅋ"
날씨 조금 시원해진거 갛다는 말 취소야,처서 지낫는대 날씨가 이게 맞냐...
닝3감,"짐은 쓰봉큰거 3개 채워서 갓음
닝3지인오는줄 알고 골목길앞에다가 쓰봉 두고 걍 오면 되는줄 알앗는데
택시타고 가는거라 실어다주는 거까지 같이 함....
짐들고 나를때 옆집 아저씨? 몇번이나 마주쳐서 눈치보이더라....
첨에 쓰레기냐고 물엇던듯
그래서 은붕이가 아니요...라고 돌아보지도 않고 말햇는데 들렷을려나...."
은붕이 나이들면서 먹는거에 대한 욕심이 줄어듬,"그 이유는..
소화가 옛날처럼 안되기때문임 ㅠㅠ"
음 그래그래,로또사라
인생..,외롭고 재미없다
음 그래그래,로또사라
인생..,외롭고 재미없다
매우 피곤하구나,
처서 지낫다고 날씨가 조금 시원해진듯??,은붕이들도 오늘 하루도 화이팅!!!
물티슈가 없어서 치우질 못하겟노,대충 휴지로 치우긴 햇는데...
나보고 치우라던데ㅋㅋ,
김치먹다가 생강쪼가리 씹으면 기분이 안좋다.,"생강..

정말 이 형용할 수 없는 잣같은 맛은 
맛이 이러니 몸에 반드시 좋아야한다."
인생망해서울적하네,하
시발ㅋㅋㅋㅋ,"닝3랑 누구랑 통화하던데
자기를 아빠라고 칭하던데
호칭돌앗노ㅋㅋㅋㅋ"
더이상 몼참아!!!!!!!!!!!!,"라면 끓여먹어야디 ~
술 먹은 다음날은 라면을 참을 수가없다
은붕이들아 봉지라면 뭘 살까"
아침에 간다던데,"짐 옮기는거 도와줄 닝3지인도 오나봄
은붕인 마주치기 싫으니까 새벽에 걸어갈까싶음ㅋㅋ"
너무힘들오요,"ㅠㅠㅠㅠ

스트레스………."
요즘 듣는,"https://youtu.be/AbHvYudeK9A

그냥 아무 생각없이 유튭에 뜨길래 들어봤는데
노래들이 괜찮아서 샤워하면서 듣고 이러고 있는데

아련해지면서 마음이 편안해짐

이거 진짜 90년대에 용량의 한계로 인한 조악한 멜로디 갬성.."
시발 원룸이라는데??,"저번에 말햇을땐 투룸갈거라고 들엇는데
...
이게 말이 되냐..."
잠못자겠어,
은붕이 닝3랑 가기로 함..,"그러면 돈받을 확률도 더 생기기도 하고
은붕이 쫓아내고 싶어하는 두 명이랑 같이 사는거보단 낫겟지 싶기도 하고..."
하 ㅅㅂ 덥네,좆같다
사람은 싫어하면서도 닮아가는 것 같다,"연락텀이 칼같다가 어느샌가 내가 보고싶으면 어련히 연락하시겠지가 되어가는 걸 보고
바깥의 삶을 보고싶다가도 집에 처박혀 살아가도 문제없이 살아가는 걸 보면 더더욱 나가고 싶지 않아하고
폭력으로 피해입은 사람이 자기보다 아래에 있는 사람만 패고싶어하고

너무 그런 것만 보고 살아오다 보니 이제 내가 동화되어가는 건가 싶다
냐쨩 마지만지 (˵ •̀ ᴗ - ˵ ) ✧"
애미년이 은붕이 빌붙어산다고 하니까,"기분나쁘네
은붕이도 그렇게 생각하고 잇엇지만..

하...낳음당한 인생ㅋㅋㅋㅋ"
애미년 또 은붕이보고 지딸이랑 나가라고 하네,애미년 짱나서 갈까싶기도......
아직도 안갓네,씹년들은 새벽부터 싸우고ㅋㅋㅋ
오늘의 다짐,꼭 운동한다
은붕이들 생활패턴은 좋네,난 망함
나 사주자체는 괜찮다던데,"그냥 내가그른건가
- dc official App"
탕후루 궁금함,아직 안 먹어봄
칸예?,"솔직히 누군지 잘 모름 

어어어어엄청 유명하다고는 들었는데"
하이루,인생 패배자 입갤
인생 망해서 우울하네,하
애미 이 시간에 누구 델고 왓나보네,"같이 술먹고? 집온듯
다행히 닝2방에 잇어서 여기 안올듯"
지겹다,- dc official App
내일은 오래 걸어야지,생각을 비우고 걷다보면 가끔 자신이 원하는 것에 대한 영감이 떠오른 다는데 나는 안락사에 대한 영감을 떠올릴 수 있을까
전역하고 자취방구해서 런치려는데 막막하다,집구하기 < 이거 쉽지않음
난 혼자서 잘지냄,ㅇㅇ
또 2시간자고 일어남,뭐지 수면장애 생겼나
확실히 친척 동생들 하나둘씩 취업하니까,"기어이 나에게도 시련이 찾아오는구나

오늘 부모님이 나에게 슬슬

취업 준비 하고 집 나가랜다

물론 부모님도 이제까지 참고 참으시다가

얘기하신거겠지만

장남이란 놈이 이따구로 사니까 눈치 많이 보이셨겠지

아 인생 시발..."
우울한 이유,"우울한데 딱히 이유가 없더라
주변 모든게 슬프고 자신이 하는 행동이 슬프고 결국 존재의 허망함에 대해 슬퍼서 움

건강하지 못한 생활을 해서 머리가 고장난거임"
아빠가 내년에 집 나가라 했는데,"내 꼬라지보면 집나가서 1주일 안에 살자하거나 죽을 힘도 없어서 노숙자될 굶어뒤질 것 같음 지금도 만성 불면 스트레스로 고통받는데


치매나 암환자 연령대가 낮아지고 있다는데 몸으로 느껴지는듯"
아무것도안해서우울한게아니라 그럴만한 평생먹고살돈이없어서우울한거잖슴,"돈내놔 로또당첨기원
- dc official App"
에효,
가볍게 산다는건 결국 스스로를 얽어매고,세상이 외면해도 나는 어차피 살아 살아 있는걸
히키 특,신경성
인생망해서 우울하다,어쩌다 이리된걸까
유튭이 노래 추천해줘서 들어봤는데,"내가 좋아하는 밴드의 명곡이 내가 말도 못할적에 나왔다는 사실을 알게됐다

요즘 듣는 대부분의 노래가 그래

나는 무슨 세상에 태어난걸까"
진자 현명한 사람은 디시를 접고잇을지도,ㅜㅜㅜㅜ
아포칼립스 기원 8일차,기도 챙기십쇼
야,
나가기 싫음,모든걸 집에서만 해결하고 싶음
사회생활은,무서움
아오 문서 파쇄할대 너무 맣이 넣지말라니가,"자꾸 과열 뜨잫아

몇번을 얘기해야 알아듣는거냐"
인방 홍3보하지마세요,경고 업이 밴 합니다
한국인이면 제발 일주일에 한번 폰 재부팅 합시다,전세계에 떳떳한 대한민국을 만들어가요
아 어제 만둣국 말인데,내가 연성한 것 말임. 아빠 표정이 이 해괴한 것은 뭐지 하는 듯한.. 그리고 김치를 많이 넣어드심ㅋ ㅋㅅㅂ
2시간자고 20시간 버티기 시작,몬스터레드불핫식스말표에너지 내게 힘을줘
9시에 자서 지금 기상,"어제 글쓰다 힘들어서 못적었는데

나는 자동차 와이어링 부품 조립 중 배선연결 담당이엇삼..

300여가지의 배선들을 제대로 끼워맞춰야하고
300여가지를 외워야햇삼..

근데 내가 전기공학도 다녀보지도 않고 공부한 적도 없는데
우째아노
실습 하는데 원래 1명당 한판 해야하는데 교육도 교육이니 1명 붙이면 될 것을 교육담당 1명 더 불러서 3명이서 해도 계속 내 판만 뒤쳐고 있는거임

심지어 올 리가 없는 과장(면접봐주신 사람)도 직접 나 하는거 보시러오셨더라고

덜덜 떨리고 습득하는게 매우 느린 경지라 ㅋㅋㅋㅋ
아 습 ㅋㅋㅋㅋ 망햇다싶다가

머릿속이서 진돗개 발령이 시작되었는지 그때부터 배선 조립 방향을 급하게 터득하게되고

점심 시간 이후 속도는 올라가게됨

물론 나는 300여가지 다 배운게 아니라서 오늘도 배우면서 일하겠지만 어제 안잘라줘서 너무 너무 다행임..

오늘 일잘리는지도 함 일해보겟다

---
아 글고 일 다하고나서 뒤늦게 내 일 관련 서치해봤는데

자동차 조립공장이 택배 상하차만큼 기피 1순위 라며..

아직 1일차밖에안돼서그런가.. 아직까지는 흠좀무임...
- dc official App"
수능원서 등록하러 가야되는데,"습관적으로 학교간다 생각하니 6시에 깨버림
학습된 공포 ㅁㅌㅊ"
위이이이잉,"어제 엄마가 화장실에서 혐기 발견해버림

올여름 최초발견"
흠..,"예전엔 뿌링클 맛있었는데
이제 나이드니까 뿌링클 맛이 별로임.."
씨발나폰하고있는데뭐가지나감,이거뭐야?이거뭐야?이거뭐야?이거뭐야?이거뭐야?
꼬릿말 귀여워서 달아놨는데,"이제 유동으로 글 써야 할 때 무의식적으로 그대로 올려버리니까 깨닫자마자 헐레벌떡 글 수정하러 뛰어감
냐쨩 마지만지 (˵ •̀ ᴗ - ˵ ) ✧"
지보동,동굴의 유일한 출구인 파이프에서 발생한 화재
요즘 하는 거,"온갖 갤 돌아다니기
냐쨩 마지만지 (˵ •̀ ᴗ - ˵ ) ✧"
은 붕 ~ 밤을 헤쳐나가~~~~~~~~,"밤에 안자고 있는 은붕이는 나 뿐인가요~♪
은붕~♬
홀로 밤을 헤쳐나가~"
근데 나는 낮에 돌아다닐수는있기는함,"밤에 대중교통타는게 더무서워 집가다가 막차끊겨서못갈까봐
- dc official App"
은둔 고수 갤루리,히탈 준비 히키 미소녀 육성 시뮬레이션 갤루리. 성장의 기쁨을 누려보세요
항상 주화입마를 경계해야,"정신차리고 내일부터 논어 읽기로 했음..
내가 못하는거에 열등감 가지지 않기
내가 잘할수있는거에 집중하기"
뿌링클 입갤,
우울하네,새벽에 드는생각은 믿지말아야하는데 쉽지않네
겜접고이제머하지 디시하는시간을 늘려야되나,ㅅㅂ
이 짤 볼때마다 생각하는건데,"맨 밑에 세개 보면 야스여행커플되기잖아
그럼 여행가서 좋아하는 사람과 사귀게 되서 야스하면 어케됨?
냐쨩 마지만지 (˵ •̀ ᴗ - ˵ ) ✧"
날씨가 좋아요,죽기 딱 좋아
오랫만에 스팀겜좀 건들까,"총겜리겜격겜 뭐하지
냐쨩 마지만지 (˵ •̀ ᴗ - ˵ ) ✧"
내일은 제발 공부라도 조금 했으면 좋겠어요,제발요
배는 별로 안 고픈 것 같은데,"씹는 게 좋아서 뭘 계속 먹으려고 하면 뭘 먹어야 하지
냐쨩 마지만지 (˵ •̀ ᴗ - ˵ ) ✧"
저녁약 먹고 누웠는데,"잠이솔솔와서 잤더니 2시간자고 일어남
시발 뭐야 제 잠 돌려줘요"
사이버 개미 키움,유치원생으로 돌아가서 개미집 관찰하는 기분이다.
1개 먹어버림,"않이..

동생이 과자 샀네 하고 맛있어보여서
이거 1개 먹고
과자 맛 ㅈㄴ없네 하고 용기 다시봤는데

구석하단에 고양이전용 ... 을 발견해버림

착각해서 고양이 간식을 먹어봤으니까

이거 완전 럭키비키자너?"
은갤에서 차단한 사람 4명임,호다닥 달려온 은붕이들을 낚아봤습니다.
자활하고싶어......,"ㅠㅠㅠㅠㅠㅠㅠㅠㅠㅠㅠㅠㅠㅠㅠㅠㅠㅠㅠㅠㅠㅠㅠㅠㅠㅠㅠㅠㅠㅠㅠㅠ
- dc official App"
아 오늘 하루 후기적고 싶은데,"정신적 육체적 에너지 0퍼임
글을 못쓰갯음
잘릴 때까지 버텨 보겠지만
무... 무리다... 글쓰기 포기...
- dc official App"
창문 열면 시원해짐,28도라 그럭저럭 버틸만함
왜케 허리아프지,살아 생전 운동 안해서 그런가
오늘의 고민,"1) 자짤을 싹 갈아엎을까 말까
2) 배가 별로 안 고픈데 지금 밥을 해야하나
3) 주딱과 파딱은 했는가
4) 세탁조 클리너를 사러 다이소를 갈까 말까
냐쨩 마지만지 (˵ •̀ ᴗ - ˵ ) ✧"
현실에 불만있어 범행,"처음 보는 사람 무작위로 갈겼다내
나같음 이왕 빠따 든 거 나 괴롭힌 새끼들 찾아갔을텐데 왜 랜덤임"
흠,흠......
내년 여름엔 올해보다 더 더워진다 하니까,내년 여름에 이세계 노려본다
솔직히 가능,ㅇㅇ..
주딱님..,이세계생활은즐거우신가요..
아 맞다 연금복권,기대는 커야대니 내일 확인하도록 하겟슴다
오늘 저녘은 토마토 파스타,내 인생 최후의 만찬은 뭘까
은붕노코노코노코코시탄탄!!,"은붕노코노코코시탄탄!!!
은붕노코노코코시탄탄!!!!!!!!!!!!!!!!!
은붕노코노코코시탄탄!!!!!!!!!!!!!!!!!!!!!!!"
만두국을 끓여볼 것이다,멸치 육수 빼는 중이다. 은붕이의 육수도 빠질 것 같다. 에어컨 < 가스렌지 불
아 맞다 연금복권,기대는 커야대니 내일 확인하도록 하겟슴다
오늘 저녘은 토마토 파스타,내 인생 최후의 만찬은 뭘까
은붕노코노코노코코시탄탄!!,"은붕노코노코코시탄탄!!!
은붕노코노코코시탄탄!!!!!!!!!!!!!!!!!
은붕노코노코코시탄탄!!!!!!!!!!!!!!!!!!!!!!!"
만두국을 끓여볼 것이다,멸치 육수 빼는 중이다. 은붕이의 육수도 빠질 것 같다. 에어컨 < 가스렌지 불
주딱놈 ㄹㅇ 로또 1등 먹어서,"밴틀리 뽑고 한강 드라이브중인거 아니냐

진짜면 치킨 쏴서 생존인증 해라"
아니 긋대 로또 1등 대면 나한테 15억 주기로햇는대,15억은 주고가.....
근데 진짜 로또1등 당첨된거면,정없게 사라지지말고 빨리 피자나 뿌려야한다고 생각해요..!!
님들 저녁먹으셈,밥먹는거부터 시작해서 하나둘씩 규칙적으로 사는 삶이 되는거임..!!
저녁 묵어야지!!! 스파게티 라면먹을거임,토마토 국수 묵땨!!!!!!!!!
봇치 이년도 운좋음,조선에서 와꾸 빻은 흙수저 한남으로 태어났으면 그냥 야붕이 은붕이 1임
이런 흙수저 고독사보면 무슨 생각듬?,
x,.
본인 괴롭힌 인간들 근황,"1. 국어교육과 나와서 임용 붙었다고 들음

2. 지거국 공대가서 좋은곳 취직했다고함

3. 인서울 체대 나와서 잘먹고 잘삼

4. 마지막은 여자인데 부모 잘살아서 잘 살듯

그외에도 많은데 나 보다는 달 살더라

스무살에 세상 뜨려다 실패 방구석 앰생 노가다꾼
부모 건강 상태도 안좋음
세상에 인과응보 이딴거 없고 능력있고 집안 좋으면 잘 산다"
개아싸찐따히키코모리가 할 수 있는 알바 뭐있지,돈은 벌어야지..
꺼져라 심마야,현실과 2D를 혼동하지말것 2D와현실은다르다는걸명심할것현실과 2D를 혼동하지말것 2D와현실은다르다는걸명심할것현실과 2D를 혼동하지말것 2D와현실은다르다는걸명심할것현실과 2D를 혼동하지말것 2D와현실은다르다는걸명심할것현실과 2D를 혼동하지말것 2D와현실은다르다는걸명심할것현실과 2D를 혼동하지말것 2D와현실은다르다는걸명심할것현실과 2D를 혼동하지말것 2D와현실은다르다는걸명심할것현실과 2D를 혼동하지말것 2D와현실은다르다는걸명심할것현실과 2D를 혼동하지말것 2D와현실은다르다는걸명심할것현실과 2D를 혼동하지말것 2D와현실은다르다는걸명심할것현실과 2D를 혼동하지말것 2D와현실은다르다는걸명심할것
`지금 내 몸이랑 정신상태 꼬라지보면,30 40 넘어가면 치매나 암 둘중 하난 확정일듯 가족한테 병원비 부담 안되게라도 빨리 뒤져야함
다다이마...,"............
- dc official App"
아아아아,마이크테스트
짜증나는 닝겐,들
더워,
간조사 누나 착해,은붕이 태풍 오는데 우산 없이 정신병원 갔워.. 물에 빠진 생쥐 됨. 간조사 누나가 갈 땐 비 맞지 말라고 병원 우산 빌려준다 함. 상냥해.. 근데 갈 땐 비 그쳐서 내가 괜찮다 하고 튀어왔워.
오늘 사진찍엇음,내일은 모교 가는날 ㅜㅜ
아 운동가야 되는데,"에어컨 벗어나기 왤케 싫냐
지금 매미 겁나 우는데 더운데서 땀 뻘뻘 흘리고

꼭 사서 고생 해야하나"
아무것도하기싫은데스,진짜아무것도하기싫은데스
주딱 자다가 이세카이간거임?ㄷㄷ,왜케 안오지
만약 안락사가 시행되면,이세상에서 인구 몇퍼가 사라질까
어릴대는 무존재가 되는게 무서웟어,"그치만 이제는 알아
무존재가 제일 행복하다는걸"
지듣노,https://www.youtube.com/watch?v=XAFS43NKFag
지금 민방위인거 아는놈들을 조심해야함,다 밖에서 놀고있는 인싸기만자들임
심장마비 걸리는줄 알앗음,아오
오늘부터 자각몽에 도전해볼거임,"내가 금방 죽어도 좋으니가
자각몽 한번만 꾸게해줘"
지보영,"https://youtube.com/v/bdWL6IIz5F8?si=cylRojRpzSJrXgV7
 과학적으로 집중력 높이는 법
책을 한 페이지 읽었는데 머릿 속에 아무것도 안 남아 있을 때...책상에 앉았는데 몇 분도 안돼서 딴 생각에 빠져들때...'와 내 집중력 쓰레기다...' 라고 생각한 적 있으시죠?우리는 왜 이렇게 집중을 못하는 걸까요?인간의 주의력과 산만함에 관한 영상입니다!* 사용한 자료책 '주...
youtube.com

응"
히키는 아무나 될 수 있음,"금수저도 히키가 있구
존잘도 히키가 있구
암살자도 히키가 있음"
디시끄고 책보다가 병원가기,"디시끄고 책보다가 병원가기
디시끄고 책보다가 병원가기
디시끄고 책보다가 병원가기
디시끄고 책보다가 병원가기"
"8월 28일, 그동안 우리가 알던 세상이 무너진다",8월 28일 호연 정식 출시
솔직히 우리같이,낳음 당한 애들은 그냥 빨리 극락완생 하도록 빌어야 함
죽음이 잇다는게 감사하고 죽으면 끝이라서 감사해,언젠가는 나도 영원한 안식을 누릴테니가
난 흙수저 지잡대생이다,으하하 그마저도 후학했지
인생평가좀.,"나이 25 군필 고졸백수.
초등학교 전따 6년 중학교 은따 3년
고딩때는 타지역으로가서 신분세탁하고 삼.
근데 의대가겠다고 3수처하다가 좆망하고 군대갔다오니 인간관계0됨.

내가 입시 망한거 쪽팔려서 일부러 은둔하고
선톡 오는것도 무안하게 거절하긴 했는데. 25살 고졸백수 인간관계 0 이니까 죽고싶다.
유일하게 군대 동기 톡방만 있는데 이것도 1년 넘어가니까 연말연시 말곤 보지도 않음.

집이 좀 잘 사니까 나도 생존에 위협도 없고 부모님도 걍 내다버린 자식 취급이라 돈만 주고 노 터치함.

그래서 아파트 하나 받아서 2년째 밥잘똥딸만 함. 이제 진짜 왜 사는지 이유를 모르겠음.

취미라도 만들면 살만한가"
주딱아 돌아와 ㅜㅜㅜㅜㅜㅜㅜ,어디 갓워
심심하다,하웁..
주임님 좋으신 분인줄 알앗는대,"얘기할대는 이어폰 빼라고 햇긴햇는대
노캔 꺼서 괜챃다고 하는데도

ㅇㅇ씨 내가 평소에는 터치 안하잖아요
얘기할때는 이어폰 빼고 얘기하세요 이럼"
진자 주딱님 히탈햇나봐,ㅜㅜㅜㅜ
뒤척이는중,불면증 극혐
히키하이,얼리히키들 오늘도 화이팅
덥슴다..습함다..덥슴다..,습함다..
야 김은붕 아침밥은 먹고 방에 들어가!!!,"은붕이들아 밥은 챙겨먹어라....
언제 아포칼립스가 터질지 몰라...."
오늘 아침 메뉴,"두부조림
두부된장국
오이고추
밥
김치


이상!!!!


맛있게 식사할 수 있도록 한다
알겠나!"
야 김은붕 아침밥은 먹고 방에 들어가!!!,"은붕이들아 밥은 챙겨먹어라....
언제 아포칼립스가 터질지 몰라...."
주딱 은갤 탈갤한거면 솔직히 나도 하기시른대,에혀...
긋대 정상인들은 슬슬 디시 안하는거 갛긴함,하더라도 눈팅만 할듯
주딱 현생살러간듯 ㄷㄷ,하는일이 바빠졌나 봄ㄷㄷ
모두들 좋은 아침!!,은붕이들도 오늘 하루도 화이팅!!!
병언가기시러,"정신과 으사가 나를 연금으로 보는 게 틀림없다. 약 그만 먹고 싶다고 하면, 님 바깥활동 늘리면 약 줄여줌ㅋ 이 말 반복함.
힠히가 병원 나오는 것만으로도 어"
인생망해서울적하네되는게없고화만난다,ㅅㅂ
아 집갈래,"집가고싶어 아직 마음의준비가안됐다고
- dc official App"
지구 공전 안 하냐,이제 슬슬 태양에서 멀어질 때가 됐는데 ㅅㅂ 왜 처서인데 아직도 더움 ㅅㅂ
아니 나는 모르겟다니가,"내가 갤질을 하는 것도 여기는 성별나이스펙외모목소리 상관없이 있는 그대로의 나를 보고 그것을 기반으로 이야기를 할 수 있어서고

내가 상대한테 물질이든 정신이든 도와주려는 거는 나도 그거에 도움받은 적이 있고 좋아서 고마워서 하는 거고 동시에 나는 그런 거로밖에 행복을 느껴본 적이 없어서 그런 걸 줄일 순 있어도 근절할 수는 없기 때문이기도 하고

사람은 보이는 것만 본다지만 역시 왜 그거를 멋대로 판단하려는 건지 모르겠음

내가 있는 그대로의 나로 남아있으면서 호감을 호의를 살 수 있는 범위는 어디까지인지도 모르겠는데 
미숙한 내가 섣불리 말한 것과 저지른 행동은 주워담을 수도 없음
더 멀쩡해진다는 범위도 나아간다는 기준도 모르겠는데 알려주지도 않고 뭘 어떻게 하라는 건지
냐쨩 마지만지 (˵ •̀ ᴗ - ˵ ) ✧"
컴디씨는 못써먹갰다,"띄어쓰기 엔터 다 쳐먹엇내…
냐쨩 마지만지 (˵ •̀ ᴗ - ˵ ) ✧"
미래가 안 오면 좋겠음,"옛날처럼 목메고 약털어먹고 그정도의 절망감도 사람한테 연명해서 망가졌을때의 결핍도 없는데 왠지 모를 해탈감이 무기력하게 만듬 하고 싶은 것도 있고 해야 할 것도 확고하고 뭘 해야 하는지도 아는데 그걸 실행해야 할 의미도 모르겠고 나는 미래를 보고 싶은데 모두가 현재부터 나아가라고 고집하는 그게 너무 이질감이 든다
미래가 절망적일지도 모르고 없을지도 모르는데 현재를 왜 살아야 하지...."
은톨이 봇치!!!!!!!!!!!!!!!!!!!!!!!!,"새벽을 헤쳐나가!!!!!!!!!!
은톨이 히토리!!!!!!!!!!!!!!!!!!!!!!!!!
은갤 망해라!!!!!!!"
심괴 특,"뒤져도 불 안 켬

어두컴컴한 실내,

푸르스름한 조명"
탈출하고 싶어도 시팔 대한민국 사회분위기가,"대학 졸업하고 4년차 히키짓하다가 작년에 정신차리고 알바하면서 취업학원 다니며 취준했는데

알바는 일을 잘했더니 돈은 쥐좆만큼 주면서 서너명이 해야 할 일을 나 혼자한테 시키길래 1년4개월만에 그만뒀고

그동안 하던 취준은 개인적인 트러블이 생기면서 잘 안됐다
한 두세달간 충전하는 시간을 가지고 다시 취업준비하는 학원을 알아보는데

다 나이 언급하면서 지금도 많이 늦었다고 하더라

뭘 시도하긴 늦었고 그냥 뭐든 빨리 막차 타래

어디서는 니 나이 nn년 인생이 늘 악수만 두며 살았다고 때려치라고 하더라고
ㅋㅋ참 창문런 마렵게 하네

방 밖으로 나오고 싶어도 다같이 손에 손잡고 문을 틀어막고 있는데 어떻게 해야하냐"
식사 on,
인생망해서 우울하네,ㅅㅂ
크으윽 취업하라고 압박이 들어오는구나...,"크아악... 괴로워..
날 시원해지면 할게요... 크아아악"
혼자 살면 제일 힘든게,"아플때 같다

정말...힘드네

세상에 홀로 남겨진 건 

내 선택이지만"
그래도 인생을 던질 명분은 있어야지,다시 한번 용기내서 이번엔 꼭 정신과 가서 진단받아온다
내상황이 이런데 어떻게 생각하냐,"대학안가고 공고 나와서 바로 취업하고 몇개월일하다가 그만두고 군대 갔다와서 5년정도를 아무것도안하고 그냥 백수로 살았음 
지금나이가 이제 20대 후반인데 뭐배워야하는데 할것도 딱히 생각안나고 그냥 한숨만나오네 나중에 그냥 막노동이나 하게 될거같아 
어떡하냐"
칭찬해줘,오늘도 달리기하고왔어
야,
우리 가문에서 나만 못난 게 아니라 요깟따..,"지금 폭행 음주운전 등등으로 깜빵 들어가 있는 사촌형, 사채빚 1억 외삼촌을 생각하면...

히키코모리는 진라면 순한맛 아님? 저 둘은 핵불닭볶음면인 거임.

물론 가문에 머기업 직원도 있음. 눈물남. 근데 좀 긍정적인 마인드가 되고 싶단 말임.

내가 쟤보단 낫다... 엄빠 보십셔. 제가 개노답 삼형제 중에서 제일 순한 미소라멘입니다. 어떠세요?"
지듣노갤에 지듣노,"https://youtu.be/-jSRuRZYTJY?si=Xi7GpcRbRqHbsI3W
 星空のいま
『星空のいま』[Hoshizora no Ima]From VN 「星空へ架かる橋AA」[Hoshizora e Kakaru Hashi AA]Composition 堀江晶太[Horie Shota](kemu)Lyrics 堀江晶太[Horie Shota](kemu)Vocal 相良心[Sagara Ko...
youtu.be

오랜만에 명곡"
근데진자주딱어디감,"또 자기만 갓생살지~~
냐쨩 마지만지 (˵ •̀ ᴗ - ˵ ) ✧"
나도지듣노,"https://www.youtube.com/watch?v=2IcKKQLbN3A
초딩때의 추억
냐쨩 마지만지 (˵ •̀ ᴗ - ˵ ) ✧"
그리마는 사랑 받을 수 없는거야?,해충도 잡고 사람한테 피해도 안주고 조용히 숨어 지내다 우연히 밖으로 나왔을 뿐인데 생긴 모양으로 혐오당하는게 참 슬프다
지듣노,"21세기를 손에넣어라
https://youtube.com/v/8e10ruFMkAU?si=L8LJ0Rpav5q8o96g
 어른제국의 역습 - 짱구의 질주 OST (21세기를 손에 넣어라)
편집미스로 뒷부분에 중복된 게 하나 있습니다.
youtube.com"
옛날엔 앰생이 되고 싶었다,"학교 째고 놀러다니고 자퇴하고 알바로 평생을 살 수 있을 거 같이 행동하던 애들이 부러웠다
그땐 마냥 저렇게 자유로우면 좋을텐데~ 했는데 막상 내가 그렇게 되니까 뭔가뭔가임
사실 내가 바라던 건 자유가 아니라 의지하고 공감해줄 사람이였던 걸가
냐쨩 마지만지 (˵ •̀ ᴗ - ˵ ) ✧"
어렸을때 머리 좋다 유망할거다 소리 자주 들었는데,커보니 백수노가다초차 폐급 찐따 빡대가리농 ㅋㅋㅋㅋㅋ
은갤은 문과투성이구나,나도 문과임..
정신차려보니 저능아가 되어있다,시발 뭘 해야할지도 막막하고 군대가서 체력이라도 길렀으면 일용직이라도 갈텐데
다이어트 기록영상 찍어봤다,"1
이미지 순서 ON

2

3

예전에 한번 글올린적 있었는데 다이어트도 시작한지 한달정도 됐고 몸변화 기록도 할겸 집에서 간단히 찍어봄
집에서 편하게 찍은거라 복장이 보기 거북해도 이해 좀 ㅠ"
재수할려면 다니던 학교 가야되네,하아아...왜 집에서 손쉽고 편하게 접수못하게함?
님들 대학은 나옴?,난 최악의 인문계 고졸 케이스라 인생 더 답이 안보인다
쿠팡에서 파는감자탕 개맛돌이,"깻잎이랑 들깨가루 더사서 부어먹고싶은데

부재료들 토핑 신면 뭔가 등신같이 할듯"
주딱님 진자로 어디감,은갤을 버리지마셈.....
점점 어린시절 꿈의 모습과 똑닮아가는 기분이군,"자자 어쩌면? 어릴 때 염원했지만 너무나 주제 넘고 부끄러워서 도저히 밝힐 수 없던 내 '꿈'은 미래예지였을지도 모르겠다

순서가 뒤바뀌어, 꿈을 꾸고 미래를 창조한 게 아니라 미래를 알고 꿈을 꾸고 그걸 어린 마음에 따라 나와 연관짓지 않으려 한 것일 수도 있어.

그렇다면 이제부터 마음가짐을 고쳐봐야 될까?"
술먹고싶다,머가리 뿌셔지게 차가운 칭따오 한잔..
원래 게임할때 피해의식 별로 없었는데,"아니 거의 없었는데 

라이엇 게임 <- 시발 다 조작같네"
지듣노,"https://youtu.be/sN9vafGli18

장국영 노래 듣닌다. 옛날 홍콩은 대단했네 어쩌다 중국노래 찾아듣고 있음"
님들뭐함?,"저녁식사들은 하셨는지요
내일도 구름껴서 안더웠으면 좋겠습니다..."
오늘은 두바이 초코쿠키를 먹엇슴다..,"트랜드를 따라가는..
뱁새임다..
황새들을..
따라감다.."
메이플 ㅈㄴ야껨임,"이런 아이콘의 스킬이 이름도 레디 투 다이임 ㄷㄷㄷㄷㄷ;;;;
냐쨩 마지만지 (˵ •̀ ᴗ - ˵ ) ✧"
메이플 ㅈㄴ야껨임,"이런 아이콘의 스킬이 이름도 레디 투 다이임 ㄷㄷㄷㄷㄷ;;;;
냐쨩 마지만지 (˵ •̀ ᴗ - ˵ ) ✧"
어른제국의 역습 보셈,20대지만 보고 눈물남
피크닉 입갤,
남한테 피해는,"ㅈ도 없는 새끼들이 애새끼깐거지ㅋㅋ
애미년 빨리 뒤졋음좋겟음ㅋㅋ"
헉..단수통보입갤..,시발 좆같은세상~
결국 뭐든지 메모를해야한다는거임,생각을 휘발성으로 놔두게 되면 결국 발전이 없다는거임..
근데 어차피 못받을거 짐작하긴 햇음,"그 년이 계좌바꾸고 그런거 보면
당연히 주기 싫으니까 바꿧겟지
여태 다 지돈처럼 써왓는데 주고 싶겟노ㅋㅋ
근데 ㅈㄴ웃긴건 그러면서 은붕이 위하는 척하는 게 개웃김
사람 무시하는 것도 정도가 잇지
역겨워죽겟다ㅋㅋ"
속보 은붕이 오늘 저녁 치킨,"몇주째 김치에 밥먹다가
무슨 바람이 불었는지 엄마가 치킨시키라함 
축하해주세연"
전기면도기 ㅅㅂ 산지 4달됐나 근데 배터리가고장남,좆같은걸팔네 좆팡
헬스장가서운동하고싶은데 들가기가 무서운데,헬창들이 처다보면서 비웃을거같다 무섭다어떡하냐 인생망했다
시발년 거짓말치는 꼬라지ㅋㅋㅋ,"수급비안들어왓다더니
그년 폰보니까 수급비들어와잇엇음
은붕이한테 돈주기 싫어서 거짓말 쳣나보노ㅋㅋ
애미랑 짜고 거짓말쳣을지도?"
호날두는 30분씩 낮잠을 4번잔다고함...,이게 오똫게 가능한거임...
애미년옴,애미년이 민폐끼치지 말고 저딸년이랑 같이 나가라노ㅋㅋ
메가커피 딸기초코프라페랑 공차 딸기초코스무디랑 많이다름??,"공차너무먼데
딸기초코스무디먹고싶어"
오늘 새벽에 목욕탕가기이랑 쓰레기버리기 간다,진짜로ㅇㅇ 알람 맞춰둠
게임 할 기분이 아니야,"내일부터 아침에 일찍 기상해서 나가야한다니..
이건 좀 떨리지만

떨린다고해서 기분이 나빠진 이유는 아님..

기분 나쁜데 이유는 없음...
무기력한데 강제대청소하니 뿌듯하다가 막타에 힘빠져서 죽을맛임..
또.. 집안일이 쌓여져서 오늘 저녁안으로 해야된다는 압박감..
별 거 아닌데 오늘 비가 갈팡질팡하게 오니
심리적으로 좀 데미지 회복이 안돼

약 때문에 세끼 밥을 꼭 처먹는 내가 오늘 아침 점심 거름...

저녁도 먹기싫다..

싫은 이유는 온전히 씹을 힘도 없을만큼 기운이 없어
- dc official App"
담주는 날씨 더 더울거라는대,에혀...
그냥 은붕이들 모두에게 소설 하나 추천함,"베로니카, 죽기로 결심하다

이거 소설이긴한데 글 시러하는 사람도
읽을수잇을만큼 지루하지앟고 재밋워...

긋대 약간 살자 관련댄 내용이 잇으니
이런거 싷어하는 은붕이들은 참고하길 바랄게"
피곤한데 닝3가 침대써서 잠을 못잠,"괜히 구역(내? 침대)에서 벗어나서 침대 내준 꼴이 됏네
애미침대에서 자야되나(거실에 잇어서 거기서 자기 부담스러움)
아 빨래돌려놓은것도 널고 자야되네..

근데 낼이면 이제 닝3 집나갈테니까ㅋㅋㅋ
씹년이 같이 갈거냐고 묻던데
그년이 맨날 어지르고 나불나불되는 꼬라지보면 속에서 화가 올라오는데
그거보면서 어케 같이 삼ㅋㅋ"
저번에 도서관 갔다는 은붕이 누구엿더라,"소설 하나 추천하고십엇는대
제목이 기억 안 나서 다른거 추천해버렷어..."
지금일어났다 인생 망했다,ㅅㅂ
주딱 마지막글이 잠옴이네,"겨울잠 아니라 여름잠자러 갔나봐
- dc official App"
멸치기준 키빼몸 몇뷰터임까..?,"115는 확신의 멸치임다..
하지만 110도 멸치임까?
애매함다.."
오늘은 뭐하고 하루를 보내볼까,"심심하군뇨
- dc official App"
4시반부터 디시접음,김유식 각오해라
공익 처음 시작할대는 공익 말년 대면 행복할거갛앗는대,행복하긴한대 먼가가 공허해
누구나 계획은 있다,에혀...
운동 다녀왔는데 1킬로 빠졌다,"아주 잠깐 밖에서 달렸는데 수분 차이가 엄청나구만 근데 달리기 앱에 내 몸무게 82로 기록되어 있는거 보고 신기했음
그때도 많이 쪘다고 생각하고 운동했는데 정말 상상을 초월하네
정병약 먹으면 살 찐다고들 하는데 걷잡을 수 없구만

하지만 건전지를 포기할 순 없지
92-86"
다음생엔 독재국가 지도자로 환생해야지,핵으로 인류를 정상화시키겟어
정신과도 왜 다니는지 모르겟내,"완치 안대면 평생 약 먹어야대는데
이거ㅣ마약 중독자랑 머가 다름"
히탈을 꿈꾸면서 디시한다는거 자체가 모순 아닐가,아 ㅜㅜㅜㅜ
긋대 파딱 한명도 히탈하려고 탈갤햇잫아,흠....
정신과 갓다왓음,먼 우울증? 설문하고 약받고 바로 나옴 담주에 또 가야되는데 무슨약인지는 안갈켜줌
지혼자 ㅈㄴ나불됨,"대답도 안하는데
은붕이 이름 끝만(ㅇ아~) 부르는 것도 짜증나고

저년이랑 집에 단둘이 잇으면 나불되는게 심해지는듯
나불될 상대가 없어서 그런가
아까처럼 통화나 쳐하지ㅋㅋ"
디시의 정상화의 정상화,다시 디시 맣이 할거임
아니 내년 전시 기획하는게 나랑 먼상관임,내 알바 아닌대 귀챃게 하내 진자
롤 5판 했는데 다졌어,"패배의식 좃나 쌓인다 

20대때 모든 게임 승률 70~90퍼였는데 

30대꺽이고 5퍼됨 ㅋㅋ 

rpg하면서 폼올라왔었는데 굴복하고 rpg해야할거같노 

문명6사서 20시간하고 접었는데

이번에 문명7 나오면 그거나할까... 시발ㅋㅋ"
쟤 내일 이사간다는거 같더라ㅋㅋ,"아 근데 방금 육회비빔밥 시킨다그러던데
가게에 전화해서 고양이한테 준다고 육회 따로 양념안하고 달라고 하던데 왤케 웃기냐ㅋㅋㅋ
베이비준다ㅇㅈㄹ떨다가 말바꿔서 고양이준다고 하던뎈ㅋ
술먹어서 그런가 횡설수설하더라"
ㅋㅋㅋ,
난 병신이야 씨발,정신과 바로 앞까지 가서 갑자기 머리가 핑 돌아서 쓰러질뻔해서 도망치듯 나왔어 난 병신이야 갓생살긴 글렀나봐
어? 이제 잠시후에 이용하라고 안하는대??,유식이형.....
나가기 싫다,"주민센터가 우리집 앞까지 걸어와주면 안됨?
냐쨩 마지만지 (˵ •̀ ᴗ - ˵ ) ✧"
나는 은붕이 임다..,"날 사랑해줘요..
날 울리지마요..
숨 쉬는 것보다 더..
잦은 이 말 하나도..
자신 있게 못하는..
늘 숨어만 있는..
나는 은붕이랍니다.."
감기기운이 안빠짐,"약먹고 그냥 에어컨 선풍기 안켜도 ㅅㅂ
- dc official App"
님들 점심 먹으셈,밥거르지말고 먹어야 건강해집니다
은붕이 26년에 대놓고 나가라고 하네,"그때가 딱 20대 중반이라 집구석 나가라함

너 키울돈 없다고함"
글쓸때마다 추천눌러 주는거 누구임?,감따합니다 ~
닝3가 아버지아버지ㅇㅈㄹ떨길래,"애비잇는거처럼 누구랑 통화중이길래
먼 거짓말을 하노 햇는데
새아버지ㅇㅈㄹ떠노ㅋㅋ
애미가 누구랑 만나든말든 상관없는데
집에만 데리고 오지 마라ㅋㅋ"
글쓸때마다 추천눌러 주는거 누구임?,감따합니다 ~
닝3가 아버지아버지ㅇㅈㄹ떨길래,"애비잇는거처럼 누구랑 통화중이길래
먼 거짓말을 하노 햇는데
새아버지ㅇㅈㄹ떠노ㅋㅋ
애미가 누구랑 만나든말든 상관없는데
집에만 데리고 오지 마라ㅋㅋ"
나보고 갓생 살라고 유식이가 내 머리에서 외치고잇어,나를 위해 디시를 정상화 시키고잇댓어
음식점 들어갈때마다 왜자꾸 혼자냐고 물어봄,"보면 모르나
혼자다 히토리
어차피 자리도 널널한데 들어갈때마다 물어보네

혼자데스까?"
사는기 지친다,너무 힘들다
셀프 삭발했는데 윗머리보다 수염이 더 길어질예정ㅋㅋ,ㅅㅂㅋㅋㅋ
나는 돈이없어야함ㅇㅇ,"있으니까 등신같이쓴다

부모님한테도 말했는데 내가돈이있어서 이지랄난다고

부모님상황에 나한테 돈안주면 안될상황일수도있는데

이게 날망치고있다고봄

망친다기보다 내 취약점이지

내가 컨트롤못할뿐

시발 모르겠다 이렇게살다갈란다"
진자 디시마저 정상화 대어가는건가,"맨날 잠시후에 이용하라고해서
진자 디시 잘 안하는중..."
ㅂㄹ ㅇㅋㅇㅂ 유저층이 좀 맣이 역겹내,유저가 게임 이미지 다 망치내 ㄹㅇ
다갛이 오렌지주스가 되자,"그리고 노을을 바라보며 모두 함께
다시는 깨어나지앟을 영원한 꿈을 꾸자"
날씨 개습하내,살기 싷은 날씨내 진자루
먼일임,?
은붕이 병원갔다가 집가는중......,히하!!!!!!!!!!!!!!
아진짜 살기싫다,"병신......... 하.........
- dc official App"
걍 행복해지고 싶었음,"평범하게 주에 한번 맛있는거 먹을수 있고
혼자 살만한 적당한 크기의 집을 가지고 있고
가끔 같이 놀러 나갈 한두명의 친구와 
공허감을 충분히 해소 가능할 취미

다 가지고 싶었음"
식자재 마트 진짜 개또라이 같다,가격대 보소. 유통업체 사장들 자식을 볼모로 잡은 게 틀림 없다. 어케 이 가격이 나오는 거임. 거대 마피아 조직임?
편안하게,"언젠가 편안하게 가고싶음
아프지 않고
잠자다가 ㅇㅇ"
히키하이,오늘도 화이팅
방법 찾음,가스가 답임
진짜 습하고 덥고 개좆같다,비가 와도 하나도 안시원하고 더워
소셜 에이전트도 이제 수가 줄어들듯...,"저출산으로 현역징집률이 무쟈게 늘어나는 가운데
헬복지기관은 무료노예를 구하기 힘들어지기 시작할듯..."
정신과 예약안해도되나,엄마는 걍 가라는데
이제 나 진자 말년인대,점심 먹고 바로 퇴근시켜주면 안대나
가뜩이나 짜증난대 비 와서 더 짜증나는 아침...,그래두 은붕이들은 오늘 하루도 화이팅!!
병원다녀오겠쯉니다~,"아니 비오네
귀찮은데 내일갈꽈..."
김치는 찌끄레기?같은게 거슬림,"고춧가루나 생강씹히는것도 싫고
차라리 동치미 백김치 이런 종류가 나음"
닝3 진짠지 모르겟는데,"지가 췌장암걸렷다던데ㅋㅋ
니한테만 얘기한다ㅇㅈㄹㅋㅋㅋ"
다른걸 몰라도 김치는 집김치가 맛있음,김치볶음밥 다른데선 김치에서 이 맛 안남..
3가지 지키기,"1) 충분한 수면시간
2) 소식 + 채소 많이, 인스턴트 자제
3) 1시간 운동

일단 이거를 베이스로 잡아야겠다.

평소에
1 - 늦은 취침으로 하루에 5시간 자는 경우도 있고 
2 - 과식 + 인스턴트와 육류 다수 섭취 (음식 남으면 아깝다고 입에 밀어넣는 안 좋은 습관도 버려야 된다)
3 - 운동을 계속 등한시함 (좀 피곤해서 안 하고, 두통있어서 패스하고, 내일부터 해야지 이런식으로 자꾸 그냥 넘겨버림)

일단 술담배는 안 하고 있으니까 저거 3가지 지키면 괜찮아보임"
해산물은,"무슨 맛인지 모르겠음.. 

멀쩡한 라면에 새우를 넣는다거나.."
주딱도와달라고,ㅋㅋㅋ
식사중,
ㅋㅋ 난 내년에 아빠가 강제로 히키탈출 시켜주는데,집밖으로 내쫓을 거래서 23살에 노숙자 될 예정
가성비마약빰,"기기를 입호흡에서 폐호흡으로 바꿨고요
겸사 액상을 9미리로 바꿔봄
묘하게 몽롱해지는 느낌이 꽤 나쁘지 않은듯……
냐쨩 마지만지 (˵ •̀ ᴗ - ˵ ) ✧"
콘서타 먹을땐 전능한 기분이좋았는데,추억보정인가 세상이 선명했는데
근데될리가,"일단 긍정적인 걸 보고 생각하고 싶은 거 보면 나도 참 망가진 사람이군아…
냐쨩 마지만지 (˵ •̀ ᴗ - ˵ ) ✧"
기적이란 건 있을지도 모른다는 생각을 한다,"좋아하는 버튜버가 이번에 일본에서 콘서트를 함
겹오시인 사람 있어서 지성없이 추첨예매 넣었던게 두 자리 다 붙어버림
만약에 정말로 일본을 가게 된다면 가서 좋은 일만 있게 된다면
그렇게 되면 밖에 나가기 위해 더 많이 노력해보려고..
대학은 자퇴박았지만 좀 나아지면 재입학도 시도해볼거고 
밖이 익숙해져도 낮설지 않게 강의도 이것저것 더 들어보고
내일배움카드도 발급받을거고 가고 싶던 도서관도 전시회도 보러 갈 거임..
냐쨩 마지만지 (˵ •̀ ᴗ - ˵ ) ✧"
일하자 시발 개심심해서 못살긋다,하
근데 디씨콘 저거 두개 붙이는거,"어케한거임 공앱업뎃해야함?
냐쨩 마지만지 (˵ •̀ ᴗ - ˵ ) ✧"
난 아무리 생각해도 adhd임,정신과 갈거임
본인쟝을 칭찬하도록,"은갤안오는동안 큰 결심함
메접했음 템도 조만간 팔아야함…
냐쨩 마지만지 (˵ •̀ ᴗ - ˵ ) ✧"
