Title,Content
의외로 우울할 때 하면 좋은 것.,"찾는 것이 중요합니다. 주의: 위 정보는 일반적인 건강 정보이며, 개인의 건강 상태에 따라 적용 방식이 다를 수 있습니다. 궁금한 점이 있다면 전문가와 상담...7가지 광양사랑병원: 불안한 마음을 달래주는 음식 best 7 [ 첨부] (우울증에 좋은 음식 사진, 뇌 건강 관련 등) [관련 키워드] 우울증에 좋은 음식, 뇌..."
우울할 때 뇌에 좋은 음식 챙기기,되는 것이고 발렌타인때 초콜릿을 주는 이유도 성질 내지 말라고 주는 것이다 1000012614.webp.ren.jpg 남녀 우울할때 기분 안좋을때 먹으면 좋은 음식 남자는 오메가-3가 풍부한 생선을 섭취하면 우울감이...
남녀 우울할때 기분 안좋을때 먹으면 좋은 음식 - 콘텐츠뷰,"다니는 것도 좋은 일이야. 역시 우리나라가 정신과 인식이 안좋은거지. 감기걸리면 병원가서 약 처방받고 나아지고, 여드름나면 피부과 가서 약 처방받아서 여드름을 낫게 하듯이 정신병도 병원가서 병을 치료..."
개인적으로 우울할 때 하면 좋은것들.txt,나아가기 위해 여러가지 활동을 시도해 볼 수 있는데요. 이러한 아주 작은 활동들은 긍정적인 마음으로 나아가는데 도움이 될 수 있습니다. 오늘은 우울할 때 하면 좋은 것들에 대해 이야기 해보려 합니다. 1. 운동 운동은 기분은 리프레쉬 시켜줄 수 있는 활동인데요 산책이나 요가 등의 잔잔한 움직임의 운동 또는...
우울할 때 하면 좋은것들,"안 하면 우울하다고 누워있다가 하루 망치기 십상이었습니다. 제 개인적인 우울의 이유와 대처 방안, 그리고 지켜야 할 생활 습관들을 폰 메모장에 적고 가끔...싫고 폰만 하게 되고 몸이 편하니 머리로 생각만 하면서 더 우울해져요. 그래서 저는 잘 때 아니면 되도록 누워있지 않으려고 합니다. 아무것도 하기 싫은..."
"개인적인 우울증 극복 방법(긴 글 주의), 우울할 때 하면 좋은 것들",맛없을것 같아서 안먹으려고 했는데 먹어보자고한 작은언니 그리고 쿠폰을 쓴 뚜비에게 감사하다. #투썸케이크 8. 발리에 놀러간 큰언니가 사롱을 골라보라고...고마워.. 그런데 정말 10개씩 매일 쓰는분은 대단하다.. 난 분명 이글을 해가 있을때 썼는데 다 쓰고 나니 늦은 밤이 되었다.. 난 매일은 못하겠고 뚜비...
우울할때 하면 좋은 감사일기 10가지 써보기,하면 효과가 있다는 사실! 알고계셨나요? 오늘은 우울과 운동의 관계에 대해 알아보고 우울할 때 하면 좋은 운동에 대해 파장동 헬스장 카인드짐 파장점과...있는 사람들에게 규칙적인 운동이 미치는 효과는 두 배 이상 높은 것으로 나타났는데요 우울이나 불안이 있는 사람들은 몸에 가해지는 스트레스로 인해 만성...
[파장동 헬스장] 우울할때 하면 좋은 운,"위해, 우울할 때나 화가 났을 때는 소비를 통해 자기 존재를 인정받기 위해 소비를 하게 된다는 것이다...외로 많은 소비를 한 경험이 누구에게나 있을 것이다. 따라서 재정 상태가 위험해서 그 분이 강림해서는..."
충동구매 - 나무위키,"콩 검은 콩은 트립토판, 마그네슘, 식이섬유가 풍부한 콩류입니다. 우울증 을 완화하고 포만감을 오래 유지시켜 줍니다. 6) 다크 초콜릿 다크 초콜릿은 코코아...인해 힘든 시간을 보내던 중, 영양소가 풍부한 음식을 꾸준히 섭취하기 시작했습니다. 그 결과, 기분이 개선되고 활력이 넘치는 것을 느낄 수 있었습니다. 특히"
기분이 우울할때 원인과 도움이 되는 좋은 음식,"연습 때 게임이 잘 안됐다. 그래서 그냥 하던 것만 하자는 마인드로 왔는데 결과가 잘 나와 다행이다""라고 말했다. 1라운드 다득점자의 대결이라 의식이 되었을 법도 한데, 이에 대해 김경식은 ""먹은 만큼 넣자는..."
"[eK리그] 대전 김경식 ""지금처럼 하면 좋은 결과 따라올 것"" 드래곤 크로니클: 블랙 티어스 언커버 더 스모킹 건 퍼스트 디센던트 스파이 패밀리 오퍼레이션 다이어리...",운동 책읽기 필사 영화보기 요리하기 산책
적당히 힘들때 하면 좋은것,ㅈㅏ살시도도 가끔 하고 그러는데 우울증일까요 기분이 안 좋고 우울할 때 세상사람들이 다 나를 무시하는 것 같고 그래서 기분이 안 좋고 우울할 때 어떻게 해야 이런 안 좋은 생각들을 무시하고 살 수 있을까요...
"요즘 무기력하고 우울할 때 많아서 걱정입니다 ..ㅠㅠ 먹는 것도 안 땡기고 여러모로 걱정이 많은데, 우울할 때 우울함 해소 방법 좀 알려주세요! : 궁금증 해결은...","없는 사람에게 이런 나눔을 할 수 있는, 따스한 말 한마디 전해줄 수 있는 좋은 이웃들을 만남에 감사하고 나 또한 나눔의 삶을 살아야겠다는 소박한(?) 결심을 해본다. 이웃님들 모두 모두 감사합니다. 오늘도 맑음. written by. 엔플 #우울함 #우울할때하면좋은것 #용기 #행복 #우울극복 #희망 #사랑 #나눔 #감사"
우울할 때 하면 좋은 것들,10. 긴장감을 느낄 상황이 있었나? - 바짝 긴장을 하고 있다가 그 긴장감이 확 풀어지면 엄청난 피로감을 느끼거나 우울감을 느낄 수 있어요. 우울할 때 하면 좋은 것 1. 따듯한 물로 샤워하기 2. 조금 일찍 잠자리에 들기 3. 좋아하는 향 맡기 4. 의지할 수 있거나 믿는 사람과 대화하기 5. 달달한 음식 먹기 6...
의외로 우울할 때 하면 좋은 것.,"찾는 것이 중요합니다. 주의: 위 정보는 일반적인 건강 정보이며, 개인의 건강 상태에 따라 적용 방식이 다를 수 있습니다. 궁금한 점이 있다면 전문가와 상담...7가지 광양사랑병원: 불안한 마음을 달래주는 음식 best 7 [ 첨부] (우울증에 좋은 음식 사진, 뇌 건강 관련 등) [관련 키워드] 우울증에 좋은 음식, 뇌..."
우울할 때 뇌에 좋은 음식 챙기기,되는 것이고 발렌타인때 초콜릿을 주는 이유도 성질 내지 말라고 주는 것이다 1000012614.webp.ren.jpg 남녀 우울할때 기분 안좋을때 먹으면 좋은 음식 남자는 오메가-3가 풍부한 생선을 섭취하면 우울감이...
남녀 우울할때 기분 안좋을때 먹으면 좋은 음식 - 콘텐츠뷰,"다니는 것도 좋은 일이야. 역시 우리나라가 정신과 인식이 안좋은거지. 감기걸리면 병원가서 약 처방받고 나아지고, 여드름나면 피부과 가서 약 처방받아서 여드름을 낫게 하듯이 정신병도 병원가서 병을 치료..."
개인적으로 우울할 때 하면 좋은것들.txt,나아가기 위해 여러가지 활동을 시도해 볼 수 있는데요. 이러한 아주 작은 활동들은 긍정적인 마음으로 나아가는데 도움이 될 수 있습니다. 오늘은 우울할 때 하면 좋은 것들에 대해 이야기 해보려 합니다. 1. 운동 운동은 기분은 리프레쉬 시켜줄 수 있는 활동인데요 산책이나 요가 등의 잔잔한 움직임의 운동 또는...
우울할 때 하면 좋은것들,"안 하면 우울하다고 누워있다가 하루 망치기 십상이었습니다. 제 개인적인 우울의 이유와 대처 방안, 그리고 지켜야 할 생활 습관들을 폰 메모장에 적고 가끔...싫고 폰만 하게 되고 몸이 편하니 머리로 생각만 하면서 더 우울해져요. 그래서 저는 잘 때 아니면 되도록 누워있지 않으려고 합니다. 아무것도 하기 싫은..."
"개인적인 우울증 극복 방법(긴 글 주의), 우울할 때 하면 좋은 것들",맛없을것 같아서 안먹으려고 했는데 먹어보자고한 작은언니 그리고 쿠폰을 쓴 뚜비에게 감사하다. #투썸케이크 8. 발리에 놀러간 큰언니가 사롱을 골라보라고...고마워.. 그런데 정말 10개씩 매일 쓰는분은 대단하다.. 난 분명 이글을 해가 있을때 썼는데 다 쓰고 나니 늦은 밤이 되었다.. 난 매일은 못하겠고 뚜비...
우울할때 하면 좋은 감사일기 10가지 써보기,하면 효과가 있다는 사실! 알고계셨나요? 오늘은 우울과 운동의 관계에 대해 알아보고 우울할 때 하면 좋은 운동에 대해 파장동 헬스장 카인드짐 파장점과...있는 사람들에게 규칙적인 운동이 미치는 효과는 두 배 이상 높은 것으로 나타났는데요 우울이나 불안이 있는 사람들은 몸에 가해지는 스트레스로 인해 만성...
[파장동 헬스장] 우울할때 하면 좋은 운,"위해, 우울할 때나 화가 났을 때는 소비를 통해 자기 존재를 인정받기 위해 소비를 하게 된다는 것이다...외로 많은 소비를 한 경험이 누구에게나 있을 것이다. 따라서 재정 상태가 위험해서 그 분이 강림해서는..."
충동구매 - 나무위키,"콩 검은 콩은 트립토판, 마그네슘, 식이섬유가 풍부한 콩류입니다. 우울증 을 완화하고 포만감을 오래 유지시켜 줍니다. 6) 다크 초콜릿 다크 초콜릿은 코코아...인해 힘든 시간을 보내던 중, 영양소가 풍부한 음식을 꾸준히 섭취하기 시작했습니다. 그 결과, 기분이 개선되고 활력이 넘치는 것을 느낄 수 있었습니다. 특히"
기분이 우울할때 원인과 도움이 되는 좋은 음식,"연습 때 게임이 잘 안됐다. 그래서 그냥 하던 것만 하자는 마인드로 왔는데 결과가 잘 나와 다행이다""라고 말했다. 1라운드 다득점자의 대결이라 의식이 되었을 법도 한데, 이에 대해 김경식은 ""먹은 만큼 넣자는..."
"[eK리그] 대전 김경식 ""지금처럼 하면 좋은 결과 따라올 것"" 드래곤 크로니클: 블랙 티어스 언커버 더 스모킹 건 퍼스트 디센던트 스파이 패밀리 오퍼레이션 다이어리...",운동 책읽기 필사 영화보기 요리하기 산책
적당히 힘들때 하면 좋은것,ㅈㅏ살시도도 가끔 하고 그러는데 우울증일까요 기분이 안 좋고 우울할 때 세상사람들이 다 나를 무시하는 것 같고 그래서 기분이 안 좋고 우울할 때 어떻게 해야 이런 안 좋은 생각들을 무시하고 살 수 있을까요...
"요즘 무기력하고 우울할 때 많아서 걱정입니다 ..ㅠㅠ 먹는 것도 안 땡기고 여러모로 걱정이 많은데, 우울할 때 우울함 해소 방법 좀 알려주세요! : 궁금증 해결은...","없는 사람에게 이런 나눔을 할 수 있는, 따스한 말 한마디 전해줄 수 있는 좋은 이웃들을 만남에 감사하고 나 또한 나눔의 삶을 살아야겠다는 소박한(?) 결심을 해본다. 이웃님들 모두 모두 감사합니다. 오늘도 맑음. written by. 엔플 #우울함 #우울할때하면좋은것 #용기 #행복 #우울극복 #희망 #사랑 #나눔 #감사"
우울할 때 하면 좋은 것들,10. 긴장감을 느낄 상황이 있었나? - 바짝 긴장을 하고 있다가 그 긴장감이 확 풀어지면 엄청난 피로감을 느끼거나 우울감을 느낄 수 있어요. 우울할 때 하면 좋은 것 1. 따듯한 물로 샤워하기 2. 조금 일찍 잠자리에 들기 3. 좋아하는 향 맡기 4. 의지할 수 있거나 믿는 사람과 대화하기 5. 달달한 음식 먹기 6...
의외로 우울할 때 하면 좋은 것.,"찾는 것이 중요합니다. 주의: 위 정보는 일반적인 건강 정보이며, 개인의 건강 상태에 따라 적용 방식이 다를 수 있습니다. 궁금한 점이 있다면 전문가와 상담...7가지 광양사랑병원: 불안한 마음을 달래주는 음식 best 7 [ 첨부] (우울증에 좋은 음식 사진, 뇌 건강 관련 등) [관련 키워드] 우울증에 좋은 음식, 뇌..."
우울할 때 뇌에 좋은 음식 챙기기,되는 것이고 발렌타인때 초콜릿을 주는 이유도 성질 내지 말라고 주는 것이다 1000012614.webp.ren.jpg 남녀 우울할때 기분 안좋을때 먹으면 좋은 음식 남자는 오메가-3가 풍부한 생선을 섭취하면 우울감이...
남녀 우울할때 기분 안좋을때 먹으면 좋은 음식 - 콘텐츠뷰,"다니는 것도 좋은 일이야. 역시 우리나라가 정신과 인식이 안좋은거지. 감기걸리면 병원가서 약 처방받고 나아지고, 여드름나면 피부과 가서 약 처방받아서 여드름을 낫게 하듯이 정신병도 병원가서 병을 치료..."
개인적으로 우울할 때 하면 좋은것들.txt,나아가기 위해 여러가지 활동을 시도해 볼 수 있는데요. 이러한 아주 작은 활동들은 긍정적인 마음으로 나아가는데 도움이 될 수 있습니다. 오늘은 우울할 때 하면 좋은 것들에 대해 이야기 해보려 합니다. 1. 운동 운동은 기분은 리프레쉬 시켜줄 수 있는 활동인데요 산책이나 요가 등의 잔잔한 움직임의 운동 또는...
우울할 때 하면 좋은것들,"안 하면 우울하다고 누워있다가 하루 망치기 십상이었습니다. 제 개인적인 우울의 이유와 대처 방안, 그리고 지켜야 할 생활 습관들을 폰 메모장에 적고 가끔...싫고 폰만 하게 되고 몸이 편하니 머리로 생각만 하면서 더 우울해져요. 그래서 저는 잘 때 아니면 되도록 누워있지 않으려고 합니다. 아무것도 하기 싫은..."
"개인적인 우울증 극복 방법(긴 글 주의), 우울할 때 하면 좋은 것들",맛없을것 같아서 안먹으려고 했는데 먹어보자고한 작은언니 그리고 쿠폰을 쓴 뚜비에게 감사하다. #투썸케이크 8. 발리에 놀러간 큰언니가 사롱을 골라보라고...고마워.. 그런데 정말 10개씩 매일 쓰는분은 대단하다.. 난 분명 이글을 해가 있을때 썼는데 다 쓰고 나니 늦은 밤이 되었다.. 난 매일은 못하겠고 뚜비...
우울할때 하면 좋은 감사일기 10가지 써보기,하면 효과가 있다는 사실! 알고계셨나요? 오늘은 우울과 운동의 관계에 대해 알아보고 우울할 때 하면 좋은 운동에 대해 파장동 헬스장 카인드짐 파장점과...있는 사람들에게 규칙적인 운동이 미치는 효과는 두 배 이상 높은 것으로 나타났는데요 우울이나 불안이 있는 사람들은 몸에 가해지는 스트레스로 인해 만성...
[파장동 헬스장] 우울할때 하면 좋은 운,"위해, 우울할 때나 화가 났을 때는 소비를 통해 자기 존재를 인정받기 위해 소비를 하게 된다는 것이다...외로 많은 소비를 한 경험이 누구에게나 있을 것이다. 따라서 재정 상태가 위험해서 그 분이 강림해서는..."
충동구매 - 나무위키,"콩 검은 콩은 트립토판, 마그네슘, 식이섬유가 풍부한 콩류입니다. 우울증 을 완화하고 포만감을 오래 유지시켜 줍니다. 6) 다크 초콜릿 다크 초콜릿은 코코아...인해 힘든 시간을 보내던 중, 영양소가 풍부한 음식을 꾸준히 섭취하기 시작했습니다. 그 결과, 기분이 개선되고 활력이 넘치는 것을 느낄 수 있었습니다. 특히"
기분이 우울할때 원인과 도움이 되는 좋은 음식,"연습 때 게임이 잘 안됐다. 그래서 그냥 하던 것만 하자는 마인드로 왔는데 결과가 잘 나와 다행이다""라고 말했다. 1라운드 다득점자의 대결이라 의식이 되었을 법도 한데, 이에 대해 김경식은 ""먹은 만큼 넣자는..."
"[eK리그] 대전 김경식 ""지금처럼 하면 좋은 결과 따라올 것"" 드래곤 크로니클: 블랙 티어스 언커버 더 스모킹 건 퍼스트 디센던트 스파이 패밀리 오퍼레이션 다이어리...",운동 책읽기 필사 영화보기 요리하기 산책
적당히 힘들때 하면 좋은것,ㅈㅏ살시도도 가끔 하고 그러는데 우울증일까요 기분이 안 좋고 우울할 때 세상사람들이 다 나를 무시하는 것 같고 그래서 기분이 안 좋고 우울할 때 어떻게 해야 이런 안 좋은 생각들을 무시하고 살 수 있을까요...
"요즘 무기력하고 우울할 때 많아서 걱정입니다 ..ㅠㅠ 먹는 것도 안 땡기고 여러모로 걱정이 많은데, 우울할 때 우울함 해소 방법 좀 알려주세요! : 궁금증 해결은...","없는 사람에게 이런 나눔을 할 수 있는, 따스한 말 한마디 전해줄 수 있는 좋은 이웃들을 만남에 감사하고 나 또한 나눔의 삶을 살아야겠다는 소박한(?) 결심을 해본다. 이웃님들 모두 모두 감사합니다. 오늘도 맑음. written by. 엔플 #우울함 #우울할때하면좋은것 #용기 #행복 #우울극복 #희망 #사랑 #나눔 #감사"
우울할 때 하면 좋은 것들,10. 긴장감을 느낄 상황이 있었나? - 바짝 긴장을 하고 있다가 그 긴장감이 확 풀어지면 엄청난 피로감을 느끼거나 우울감을 느낄 수 있어요. 우울할 때 하면 좋은 것 1. 따듯한 물로 샤워하기 2. 조금 일찍 잠자리에 들기 3. 좋아하는 향 맡기 4. 의지할 수 있거나 믿는 사람과 대화하기 5. 달달한 음식 먹기 6...
좋은글좋은시 - 카카오스토리,채우려고 하면 넘친다는 것을 잘 알면서도 마음을 비우지 못해 오늘도 밤을 하얗게 지새운다. 모든 것은...움직인다. #좋은글 #좋은시 #좋은글귀 #좋은글모음 #좋은시모음 #추천좋은글 #추천좋은시 #행복글 #희망...
이유없이 현타맞고 우울할 때 > 자유게시판,"맞고 우울할 때 페이지 정보 39.♡.100.87 2024.06.29 00:49 1,163 카테고리 선택 글쓰기 다들 그런날...다 하기 싫고 현타맞는 날. 그리고 갑자기 많은것이 버겁게 느껴지는 날 저에겐 오늘이 약간 그런날이네요..."
우울할 때 하면 좋은 행동 10가지,"하면 좋은 행동 10가지""를 해보시면 기분이 좋아지시는 것을 느끼실 수 있을 겁니다. 그럼 우울할 때 하면 좋은 행동 10가지를 소개합니다. 상상해 보세요! 내가...꾸미기 3. 친구와 대화 가까운 친구나 가족과 소통하고 감정을 나누는 것이 도움이 될 수 있습니다. 친구와 대화 4. 취미 활동 관심 있는 활동을 하면서..."
좋은글좋은시 - 카카오스토리,것이 도 라 하면 빨리 알고 행한 것이 지혜롭다 하겠더라 #좋은글 #좋은시 #좋은글귀 #좋은글모음 #좋은시...#추천좋은시 #행복글 #희망글 #이세상좋은글 #슬플때_읽는글 #우울할때_읽는글 #힐링글 #좋은글좋은시
[성장 한 조각] 우울할 때 하면 좋은 생각들 / 찰리 채플린 명언,"Unsplash 불현듯 우울할 때 우리는 어떤 생각을 해야 할까. 한순간 내가 가진 것이 없고 아무런 동력도, 앞으로 더 나아갈 수 있다는 희망조차 보이지 않을 때...남들이 인식하는 객관적인 상황과는 별개로 그런 우울한 감정이 찾아오기도 한다. 이럴 때 우리는 어떻게 대처하면 좋을까? 1. 미약하지만 내 힘으로..."
[잡담] 인포에 고도비만 우울증? 저거 진짜 좋은 현상임 - 인스티즈(instiz) 일상 카테고리,앓고 거의 완치한 사람으로서 제일 중요한게 저 유튜버분처럼 뭐든 하는거라고 생각함 우울하다가도 약간 덜 우울할 때 있잖아 지~인짜 작은 일부터 하나씩 하는 거야 다시 또 우울해지면 우울해 하면 되고...
우울할 때 하면 좋은 것들,"1 좋은 인사이트다 인간은 누구나 우울함을 느낄 수 있음. 심지어 큰 이유 없이 우울함을 느낄 때도 있지. 그런데 그런 기분을 느낄 때 우울해서 축 늘어져 있으면 더 깊은 우울로 빠질 수 있다는 것. 그래서 그런 기분을 들 때는 오히려 더 꼼꼼하게 목욕을 하고, 주변 정리를 하고, 본인이 좋아하지만 평소에는..."
[책읽아웃] 항상 여자 이야기할 때가 제일 즐거워요 (G. 박주연 <일다> 기자) | 예스24 채널예스,"해서 좋은 이야기를 만들어낸다고 생각하는데, 다만 그 수가 여전히 너무 적다고 생각해요. 재현 자체는 많이 나아졌어요. 다 우울하고 죽고 이런 얘기 아니고 그래도 여러 가지 이야기를 하려고 하는 퀴어..."
"친구에게 소개하기 좋은 게임 되겠다, WoW '내부 전쟁' 미디어 간담회","함께 탐험할 수도 있고, 혼자 들어갔을 때와 여럿이 들어갔을 때 경험이 다르기 때문에 이런 경험의 차이를...들인 만큼 많이 즐겨봐 주시고, 어떻게 하면 더 좋은 방향으로 개발해 나갈 수 있을 지 많은 피드백..."
우울할 땐 뇌과학 읽는데 생각보다 사소한 것들이 좋은 영향 끼치네,내뱉는 거 행복했던 기억 떠올리는 거 행복했던 때의 사진을 보거나 그때 쓴 일기 같은 거 보는 것도 도움...해야지 이렇게 떠밀리듯 하기보다 능동적으로 결정내려서 하면 더 효과 좋은 것도 신기 ㅋㅋㅋㅋ 묺
우울할때 정주행하면 좋을 드라마나 웹툰 등등 추천해줄 오리~~~,검색 허용 해제 필수 머든 좋아 책도 좋고 드라마 웹툰 시리즈물이면 더 좋음 !! 😗 인생작있으면 추천해주라 ㅎㅎ 날도 좋은데 좋은 하루 보내구~
푸쉬업을 매일 10분씩 하면 어떤 변화가 생길까?,푸쉬업을 하면 빠르게 효과를 볼 수 있다고 합니다. 유연성을 기를 수 있어요 정말 의외지만 팔굽혀펴기는...큰 도움이 됩니다. 몸통을 바닥으로 내릴 때 등 근육이 아주 효과적으로 늘어나고요. 다시 몸통을...
기분 우울할때 어떻게 회복하세요 ? : 창업정보 포털 오늘의창업,우울할땐 무조건 술이죵 !! 마포지기 2024-06-09 11:44:25 [답글쓰기] 저도 나가서 돌아다니는것보단 이불안에 있는게 좋은 것 같아요 기분 우울할때 어떻게 회복하세요 ? 에 대한 의견을 남기시려면 로그인 하세요.
지금부터 늦가을까지 쭉 활용하기 좋은 청바지에 샌들 조합,"소개할 것은 지금부터 늦가을까지 쭉 활용하기 좋은, 롤업 데님과 각종 샌들 조합입니다. 그레이 데님 + 브라운 샌들 Getty Images 당장 내일이라도 소화할 수 있는 룩부터 살펴볼까요? 그 자체로 포인트가 될 수..."
안약과 눈물약 간격을 어떻게 하면 좋을까요?,어떻게 하면 좋을까요? 2개의 안약을 넣을 때에는 5분 간격으로 넣으면 된다고 알고 있는데요. 안약을 넣고 다음 눈물약을 넣는 경우는 서로 의견이 다르더라구요. A약국은 안약을 넣고 5분뒤에 눈물약을 넣으면...
[감동] 우울할 때 하면 좋은 행동 .jpg,일석이조인듯 잡생각 안나고 우울감도 떨치고 잡생각도 사라지고 거기다가 살도 빠지고 ㅋㅋㅋㅋㅋㅋㅋㅋ 우울하다고 가만히 있는 것보단 나은듯싶음 출처 : 해외 네티즌 반응 - 가생이닷컴https://www.gasengi.com
물 컵에서 비린내 날 때 세척하는 방법,헹굴 때 따뜻한 물을 사용하고 마른 수건으로 물기를 바로 닦아내는 것입니다. 이렇게 하면 습한 환경에서 천천히 마르지 않고 바로 건조되기 때문에 물 비린내가 나는 것을 미리 방지할 수 있습니다. 또 다른...
조매력 유튜브 보면 매력있긴 합니다 : 클리앙,원하는 그런 사람이라 인맥들로 먼가 할것 같네요 코로나때 조력 사무소 컨텐츠가 정말 재미있었어요 ㅎㅎ 전 우울할때마다 이분의 HEYYEYAAEYAAAEYAEYAA를 듣습니다.... 전 요들송 스트리머인줄 알았네요. 매력...
우울할 때 기분 전환에 좋은 음식,필요한 단백질 보충제 ‘아보카도’ 아보카도에는 뇌가 필요로 하는 건강에 좋은 지방이 들어있다. 아보카도 열량의 4분의 3은 단일불포화지방에서 나오는데...낮은데도 식이섬유는 풍부해 다이어트에도 좋다. 우울할 땐 육류 피해야…포화지방산이 우울감 촉진 우울할 때 기피해야 할 음식과 습관들은 뭐가 있을까...
우울할 때 하면 좋은 행동들,많은 불편이 생기니 많은 방법을 통해 우울한 기분에서 벗어나는 것이 어떨까 합니다. #우울할 때 하면 좋은 행동들 #산책하기 매일 한 시간 이상 산책을 하게...#반신욕이나 사우나 하기 한 연구에 따르면 우울증 환자의 심부 체온을 1.5~2도 올렸더니 항우울제를 먹은 것과 동일한 효과가 나타났다는 연구 결과가...
여자 친구 부모님 인사하러 갈 때 알아야 할 14가지,"원하는지 미리 알아두고, 자연스럽게 사용하도록 연습해두세요. 부모님께 직접 여쭤보는 것도 좋은 방법이며, 이렇게 하면 더 친근한 인상을 줄 수 있습니다. 적당한 대화 주제 준비 벌써부터 머릿속이 하얘진다..."
"보고 싶은 사람, 그리움 시모음6-그리움에 대한 시 | 일상속 좋은글",만 하면 떠 오르는 한사람 마치 끊어지지 않는 밧줄 처럼 영원히 사랑 해야될 한사람 인데 떠나버린 그 사람을 보고싶어 하는 내가 여기 우뚝 서 있습니다 살아가노라면 너무나 가슴이 아파 두 눈이 멀어지는...
봄철 입맛 돋울 때 딱 좋은 상추겉절이 레시피,먹으려고 하면 맛이 없을까봐 엄두가 안나죠. 그럴 때 상추만 준비해보세요! 무심하게 양념 몇가지만 툭 더하면 입맛 돋우는 상추겉절이 완성이에요^^ 상추겉절이는 진짜 진짜 너무 쉬워서 절대 실패할 수가 없는...
SQL 쿼리 속도를 높이는 9가지 방법,이럴 때 참고할 수 있는 빠른 SQL 쿼리를 쓰기 위한 9가지 모범 사례가 있다. 필요한 열만 불러오기 조건부 열 업데이트에는 UPDATE 대신 CASE 사용 큰 테이블 쿼리는 최소한으로 유지 데이터 사전 준비(pre...
나얼과 에코브릿지의 'Forever' (Diggin' On Air),"안녕하세요, 멜론 스테이션 청취자 여러분! Diggin' On Air 156화 매거진 시작합니다."
마음이 우울할때 하면 좋은 20가지,사람도 있고 우울감이 오래 되어 누군가의 도움이 필요한 사람도 있습니다. 오늘은 마음에 우울감이 들때 하면 좋은 행동 20가지를 소개합니다. 마음이 우울할 때 자기 돌봄과 긍정적인 에너지를 찾아내는 것이 중요합니다. 아래는 마음을 편안하게 만들 수 있는 20가지 활동 제안입니다. 독서: 좋아하는 책을 읽거나...
일상 - 우울할 때 하면 좋은 것들을 되새겨보자,"것이라도 괜찮다. 평소에 잘 안 사 먹었던 비싼 군것질해 보기, 이미 봤지만 너무 마음에 와닿았던 드라마나 영화 보기, 너무 예쁜 우리 조카 사진 보기, 낮에...5. 가족, 친구에게 도움받기. 우울과 무기력함이 나를 덮쳤을 때 나에게 제일 힘든 건 이거다. 우울 상태에서는 제일 사랑하는 남편조차 의지하기가..."
우울할 때 하지 말아야 할 행동들: 더 나은 정신 건강을 위한 가이드,"해결하려고 하면 고립감이 더 커질 수 있습니다. 친구나 가족, 상담사와 대화를 나누는 것이 도움이 될 수 있습니다. 그들에게 감정을 공유하고, 도움을 요청...더 나은 해결책을 찾을 수 있습니다. 2. 과도한 음주나 약물 사용 피하기 우울할 때 술이나 약물을 통해 기분을 달래려는 사람도 많습니다. 하지만 이는 단기..."
우울할때 집에서 하면 좋은 것들,"도움을 받는 것도 좋은 방법입니다. 자신의 행동을 관찰하세요. 이렇게 우울할때 집에서 하면 좋은 것들이 많이 있습니다 우울할 때는 무기력해지고, 의욕이...지나면 자연스럽게 사라지는 경우도 있습니다. 하지만, 우울감이 오래 지속되거나, 일상생활에 지장을 줄 정도라면, 전문가의 도움을 받는 것이 좋습니다..."
한 해를 마무리 할 때 하면 좋은 것들,"다이어리,캘린더 돌아보기 2.사진첩과 sns에 올린 사진 돌아보기 3.연초에 계획했던 목표들 달성했는지 확인하기 4.2023년에 내가 잘했던 것들 기록하기 5.2023년에 내가 부족했던 것들 기록하기 6.한 해 모든 고민거리를 적고 해결했는지 생각하기 7.매달 지출 계산해보고 저축한 금액 파악하기 8.2023년을 5..."
마음이 우울할때 글귀(우울증 극복),"김영국, 우울할때 도움이 되는 좋은글귀- 2. 나에대한 보상이 부족해서 마음이 슬퍼하고 있다. 나에게 진심어린 보상을 해주는 것이다. 무작정 돈을 펑펑 쓰고 해외여행을 다녀오는게 최선이 아니다. 어떤 50대 가장은 백화점에서 수백만원어치의 옷을 사면 기분 전환이 될지 알았는데 오히려 마음이 더 공허해지고..."
우울할때 먹으면 좋은 신기한 음식,우울할때 먹으면 좋은 신기한 음식 '우울할때 먹으면 좋은 신기한 음식' 겨울이라는것이 날씨가 춥고 해가 짧아지면서 기분이 자주 울적해지는 분들이 있을수 있습니다. 실제 일조량이 부족하게되면 기분을 좋게 만드는 호르몬인 세로토닌 분비가 감소하게되어 이런증상을 느낄수 있다고 합니다. 오늘은 그럼 우울증을...
"우울할 때 우울 완화 방법, 우울할 때 음악과 독서의 효능","참여하는 것은 우울한 감정을 완화하는 데 도움이 될 수 있습니다. 우울할 때 하면 좋은 우울 완화 방법과 우울할 때 음악의 효능, 독서의 효능, 독서 팁에 대해...여러분 내면의 감정을 글로 표현할 수 있고, 여러분 자신에게 필요한 어떤 것들을 제공해 줄 수 있습니다. 여러분의 생각과 감정을 일기로 써보세요. 일기..."
[오류동역헬스] 우울할 땐 운동하기,"트립토판 농도가 높아지고, 세로토닌의 합성이 증가하며 엔도르핀이 분비되됩니다 심리적인 안정감을 주면서 불안, 우줄 증세도 완화하는 것입니다. 기분이 우울할 때 하면 좋은 운동에 대해 추가로 몇 가지 알려드릴게요 1. 우울할 땐 요가 기분이 우울할 때는 요과가 특효입니다. 연구에 따르면 근심, 걱정이..."
"힘들고 우울할 땐, 손가락을 봐","힘들고 우울할 땐 손가락을 봐. 그리고 한 손가락, 한 손가락 움직여... 그럼, 참 신비롭게 느껴진다? 아무것도 못 할 것 같아도 손가락은 움직일 수 있어...주인공을 바른길로 인도하고 성장시킨다. 나는 어릴 때 내 주변에 좋은 어른들이 얼마나 있었을까. 좋은 어른이 있었다면 지금의 나는 조금은 다른 모습으로..."
너의 목소린 여름의 노래,우정 도둑> 유지혜 작가님은 고등학생 때 핀터레스트에서 처음 알게 됐다 우울할 때 하면 좋은 10가지였나? 유독 분위기가 좋은 글이라 그대로 아이디를 검색해...면만을 보고 있는지 유독 오래 생각하게 되던 책 내게 이미 있는 것을 아끼고 길러내는 걸로는 삶이 잘 안 됐다. 다른 문장보다 이 문장이 너무너무...
우울할 땐 우웅~하는 미국 일상,드세요~ 하면 달려가서 먹고 일하고 있는데 먹을 거 놔 주시고 지금 점점 돼지 되어가는 중 밥 걱정 많이 했는데 미국에서 몸짱돼서 와야지 했거든요 다른 의미로 몸짱돼서 돌아갈 듯 Previous image Next image 음식 왜 이것밖에 안 찍었지;; 이것보다 훨씬 많이 먹었어요 바나나킥 망고젤리 에이드 석류 멜론 수박...
[죽전동 헬스장] 우울할 때 운동을 하면 기분이 좋아진다?!,쉽게 노출될 수 있는 현대인의 고질적인 병인데 이 우울증을 가볍게 여겼다가는 증세가 악화되었을 때 더 어려움이 생길 수 있기 때문에 초기에 바로 잡는 것이...따라 각자 다른 방법을 적용해야겠죠? 그리고 특히나 정말 좋은 완화법은 '운동하는 것' 인데요. 우울증의 진행도가 심하면 심할수록 운동 권고도 강력해...
살다보면 우울할 때도 있다,"있는가 하면 한편 몽롱하고 몸이 으슬으슬한 채 깨는 아침도 있습니다. 몸 상태가 항상 개운하고 좋은 것은 아닌 것 처럼, 마음도 항상 건강하고 행복하기만 하지는 않지요. 가끔 찾아오는 몸살감기처럼, 우울함도 그런 시점으로 들여다보면 좋겠습니다. 몸살에 걸렸다고 '왜 이렇게 건강관리를 못 했어' 하며 자책하는..."
살다보면 우울할 때도 있다,"있는가 하면 한편 몽롱하고 몸이 으슬으슬한 채 깨는 아침도 있습니다. 몸 상태가 항상 개운하고 좋은 것은 아닌 것 처럼, 마음도 항상 건강하고 행복하기만 하지는 않지요. 가끔 찾아오는 몸살감기처럼, 우울함도 그런 시점으로 들여다보면 좋겠습니다. 몸살에 걸렸다고 '왜 이렇게 건강관리를 못 했어' 하며 자책하는..."
살다보면 우울할 때도 있다,"있는가 하면 한편 몽롱하고 몸이 으슬으슬한 채 깨는 아침도 있습니다. 몸 상태가 항상 개운하고 좋은 것은 아닌 것 처럼, 마음도 항상 건강하고 행복하기만 하지는 않지요. 가끔 찾아오는 몸살감기처럼, 우울함도 그런 시점으로 들여다보면 좋겠습니다. 몸살에 걸렸다고 '왜 이렇게 건강관리를 못 했어' 하며 자책하는..."
정신건강의학과의원 / 일상 / 책 추천 / 우울할 때 하면 좋은 것 / 우울증,했던 꿈이라는 것에 꼼지락 거리는 수준이더라도 다가가는 노력을 한 것이 좋은 영향을 끼쳤다고 생각한다. 플래너를 작성하면서 그날그날 내가 무엇을 했는지...페스트랑 같이 셰익스피어 희극편을 읽고 있다. 4대 비극보다 재미있는 것 같다. 공연할 때 이걸 어떻게 외워서 대사를 쳤을까 의문이 든다. 누가 한 번 말...
우울할 땐 글쓰기를 시작해,"더 좋은 일이 있으려고 이러는 거야.하면서도 지난밤 열병처럼 앓았다는 것이 안타까우면서도 받아들일 수밖에 없다. ""초아야, 쉿! 지금. 여기! 집중. 생각은 내가 아니야. 생각은 일어난 것일뿐. 실체 없는 거 알잖아. 금방 지나갈 거 알잖아. 늘 겪으면서. 이 한 생각으로 오늘 소중한 나의 하루를 보내서는 안되겠지..."
"태교-어린이, 학생이 하면 좋은 다라니","하면 좋은 다라니 TV녹화를 이다음에 합니다. 그때 태교이야기를 한다고 했는데, 여러분 오늘 하는 줄 알았을 거예요. 시간이 다 되었으니까 조금만 말씀드릴게요. 몇 사람이, ‘태교를 해야 아들딸을 잘 낳는 것이다’하는 말을 듣고, 우리 신도 분들 중에 순산도 한 사람들이 있습니다. 오늘 왔는지 안 왔는지..."
우울할때 음식 기분좋아지는법,"충분한 수면 등 다양한 방법을 통해 관리하는 것이 중요합니다. 우울할때 하면 좋은거 우울할때 하면 좋은 것들은 개인에 따라 다를 수 있지만, 아래에 몇 가지...활동과 습관을 알아보겠습니다. 1.운동: 운동은 신체적으로 건강을 증진시키는 것뿐만 아니라, 뇌 활동을 활성화시키고 스트레스를 줄여주는 효과가..."
우울할 때도 있는 거지 뭐,"있는가 하면 한편 몽롱하고 몸이 으슬으슬한 채 깨는 아침도 있습니다. 몸 상태가 항상 개운하고 좋은 것은 아닌 것 처럼, 마음도 항상 건강하고 행복하기만 하지는 않지요. 가끔 찾아오는 몸살감기처럼, 우울함도 그런 시점으로 들여다보면 좋겠습니다. 몸살에 걸렸다고 '왜 이렇게 건강관리를 못 했어' 하며 자책하는..."
우울할 때도 있는 거지 뭐,"있는가 하면 한편 몽롱하고 몸이 으슬으슬한 채 깨는 아침도 있습니다. 몸 상태가 항상 개운하고 좋은 것은 아닌 것 처럼, 마음도 항상 건강하고 행복하기만 하지는 않지요. 가끔 찾아오는 몸살감기처럼, 우울함도 그런 시점으로 들여다보면 좋겠습니다. 몸살에 걸렸다고 '왜 이렇게 건강관리를 못 했어' 하며 자책하는..."
병최몇? 병렬독서 최대 몇권? 우울할 땐 뇌과학,"가기로 결심했다""가 더 효과적이다. 206쪽 어떻게 하면 더 좋은 삶이 될지 생각해보라. 나쁜 습관을 없애면 당신의 삶이 어떻게 개선될까? 213쪽 누구나 본인...물리적으로 같은 공간에 있는 것만으로도 도움이 된다. 256쪽 일단 방문을 열고 나가는 것. 우울할 땐 침대밖으로 나가기가 싫어진다. 남에게 연락하지..."
마음이 울적할 때 하면 좋은것들.jpg,운동’ 하면 도움 유산소 운동과 근력 운동을 병행하는 게 우울증 개선에 가장 좋다./사진=클립아트코리아 운동이 정신건강에 좋다는 연구는 매우 많다. 우울할 때 어떤 운동을 하는 게 가장 도움이 될까? ◇유산소+근력 운동 병행이 효과 제일 좋아 유산소 운동과 근력 운동을 병행하는 게 가장 좋다. 영국 유니버시티...
우울할 때 ‘이 운동’ 하면 도움,"일을 미루지 않는 것이에요. 그것을 미루다보면 계속 내 발목을 잡고 있으니까요. 나의 잠재의식 속에 그것이 자꾸 남아 나도 모르게 힘들게 하고 있어요. 그럼 다음에 또 만나요. 이웃추가, 하트와 댓글은 힘이 됩니다:) #대구인쌩맥주 #대구술집 #대구동성로술집 #대구술집추천 #우울할때 #우울할..."
[ 대구 동성로 술집 ] 인쌩맥주 대구동성로점 : 인생샤브칼국수 후기(+ 우울한 날 할 일),"특정한 날 시간을 내서, 자신이 끝없는 전생으로부터 쌓아온 모든 업력/업장/카르마를 모조리 다 빨아들여 없애는 기회를 갖는 것도 아주 좋습니다. 마음이 칙칙하고, 기분이 우울할 때 하면 좋은 명상법!!! 사진 : pinterest.co.kr 공[空]을 돈오/견성하신 분들은, 온 우주가 다 그 모든 것들이 다 공하여 일체개..."
"마음이 칙칙하고, 기분이 우울할 때 하면 좋은 명상법!!!",고혈압이나 심장병 환자는 갑자기 차가운 곳에서 운동을 하면 뇌졸중에 걸릴 가능성이 높다는 점을 유의해야 한다. 또 기온이 영하로 떨어져 얼음이 얼거나 눈이...좋다. 운동복은 땀을 잘 흡수하는 면 소재 옷이 좋다. 비나 눈이 올 때는 방수가 잘 되며 방풍에도 좋은 나일론이나 고어텍스 제품이 알맞다. 많이 추울...
우울할때 좋은 걷기 ....,"있는가 하면 한편 몽롱하고 몸이 으슬으슬한 채 깨는 아침도 있 습니다. 몸 상태가 항상 개운하고 좋은 것은 아닌 것 처럼, 마음도 항상 건강하고 행복하기 만 하지는 않지요. 가끔 찾아오는 몸살감기처럼, 우울함도 그런 시점으로 들여다보면 좋겠 습니다. 몸살에 걸렸다고 '왜 이렇게 건강관리를 못 했어' 하며 자책..."
우울할 때도 있는 거지 뭐,"있는가 하면 한편 몽롱하고 몸이 으슬으슬한 채 깨는 아침도 있습니다. 몸 상태가 항상 개운하고 좋은 것은 아닌 것 처럼, 마음도 항상 건강하고 행복하기만 하지는 않지요. 가끔 찾아오는 몸살감기처럼, 우울함도 그런 시점으로 들여다보면 좋겠습니다. 몸살에 걸렸다고 '왜 이렇게 건강관리를 못 했어' 하며 자책하는..."
우울할 때도 있는 거지 뭐,"있는가 하면 한편 몽롱하고 몸이 으슬으슬한 채 깨는 아침도 있습니다. 몸 상태가 항상 개운하고 좋은 것은 아닌 것 처럼, 마음도 항상 건강하고 행복하기만 하지는 않지요. 가끔 찾아오는 몸살감기처럼, 우울함도 그런 시점으로 들여다보면 좋겠습니다. 몸살에 걸렸다고 '왜 이렇게 건강관리를 못 했어' 하며 자책하는..."
우울할 때도 있는 거지 뭐...,"2~6차례 토마토를 먹는사람은 한번도 토타토를 먹지 않은 사람보다 우울증 위험이 46프오 감소한 것으로 나타났는데요 이는 토마토의 풍부한 엽산과 비타민B가...여덟번째. 굴 굴에는 풍부하게 함유되어있는 아연! 이 아연이 우울증 치매예방에 아주 좋은 효능이 있다고 합니다 아홉번째. 해조류 다시마,미역등의 해조류..."
우울할때 먹으면 좋은 신기한 음식,정도였냐 하면 벽걸이 에어콘 필터 뒤를 고양이 털이 가득 뒤덮고 있었다고 해야 하니 말 다 한 셈이죠. 에어콘 부품 구석구석에 고양이 털이 이정도로 가득...라고 연발하십니다. 그러면서 자기 사정을 조곤조곤 설명해 주시시 시작하시더군요. 청소는 이렇게 요모조모를 깨끗하게 하는 것 뿐만 아니라 사람의...
"기분이 우울할 땐, 에어콘 클리닝~",앉는... 우울할 때는 역시 맛있는 것을 먹기. 그래서 바로 치킨을 시켜먹었다. 저번에는 스파이에어 콘서트가 모두 스탠딩이라는 사실에 좌절1 + 내 자리가 없다는 사실에 좌절2 해서 치킨을 시켜먹었는데 이번에는 그 슬픔보다 더 크고 짙고 뭐랄까..은은한 우울감이 찾아와서 치킨으로는 해결을 못했다. 초밥도 먹고...
[요즘 관심사] 기분이 우울할 땐 무엇을 하면 좋을까?,"안 하면 힘듦, 이것이 삶.. Previous image Next image 아침→점심 짜계치에 밥이 추가된 이유 언니가 미리 만들어둔 저녁 볶음밥을 갑자기 저에게 주었습니다...나를 돼지로 만들 계획인게 분명함, 그만살쪄!!야됨 >잼민이< 초중딩때 입던 옷을 그냥.. 아직 입고있어요 편하고 얇고 몸에 맞는데 버리기엔 아깝잖아요..."
[책] 우울할 땐 뇌 과학 - 좋은 서론이 살려낸 교양도서,"있다. 우울할 땐 뇌 과학 저자 앨릭스 코브 출판 심심 발매 2018.03.12. ◇ 책의 구조는 단순하고 명료하다, 어쩔 수 없이 진부한 감도 있다 우울감이라는 것이 생각 이상으로 생화학적인 작용의 결과이며, 우리를 더 무기력하게 만든다는 것이 책의 시작이다. 예를 들어 '시험을 잘 못 볼것 같은 두려움 때문에 공부에..."
[신림요가] 슬프거나 우울할 때 하면 좋은 운동 :),가끔 이유없이 우울할 때가 있는 것 같아요. 의지와 상관없이 과거의 부정적인 사건들이 떠오르기도 하구요.. 오늘은 삶이 우울하고 슬프게 느껴질 때 하면 좋은 운동을 소개해보려 합니다. 30분 명상 + 30분 걷기 운동 명상과 유산소 운동을 결합했을 때 우울 증상과 의지와 상관없이 부정적인 사건을 떠올리는 증상을...
모발도 체온이 높던지 낮을 때 빠지는 것이라 체온을 중간 체온을 위지 하면 탈모도 예방이 가능하다.,체중이 늘어나고 몸이 붓기도 한다. 커피가 적당히만 마시면 몸에 아주 좋은 보약인데 요즘은 커피를 너무 많이 마셔서 부작용이나 질병으로 가는 경우를 자주...체온을 위지 하면 상처는 치료를 안 해도 빨리 잘 낫는다. 모발도 체온이 높던지 낮을 때 빠지는 것이라 체온을 중간 체온을 위지 하면 탈모도 예방이 가능...
모발도 체온이 높던지 낮을 때 빠지는 것이라 체온을 중간 체온을 위지 하면 탈모도 예방이 가능하다.,체중이 늘어나고 몸이 붓기도 한다. 커피가 적당히만 마시면 몸에 아주 좋은 보약인데 요즘은 커피를 너무 많이 마셔서 부작용이나 질병으로 가는 경우를 자주...체온을 위지 하면 상처는 치료를 안 해도 빨리 잘 낫는다. 모발도 체온이 높던지 낮을 때 빠지는 것이라 체온을 중간 체온을 위지 하면 탈모도 예방이 가능...
모발도 체온이 높던지 낮을 때 빠지는 것이라 체온을 중간 체온을 위지 하면 탈모도 예방이 가능하다.,체중이 늘어나고 몸이 붓기도 한다. 커피가 적당히만 마시면 몸에 아주 좋은 보약인데 요즘은 커피를 너무 많이 마셔서 부작용이나 질병으로 가는 경우를 자주...체온을 위지 하면 상처는 치료를 안 해도 빨리 잘 낫는다. 모발도 체온이 높던지 낮을 때 빠지는 것이라 체온을 중간 체온을 위지 하면 탈모도 예방이 가능...
"우울증, 어떻게 이겨낼 수 있을까? 독서리뷰 우울할 땐 뇌 과학","우울증이라 하면 늘 슬픈 것이라 생각하기 쉽지만, 우울증은 기분을 마냥 슬프게 하는 병이라기보다는 삶의 에너지를 떨어뜨리는 병입니다. 피로, 무기력, 불면, 식욕 저하 혹은 증가, 불안, 분노, 짜증, 초조, 집중력 저하, 망상, 피해의식 등 다양한 증상이 동반될 수 있습니다. 일반적으로 우울증은 의지가 약하거나..."
[방배동 헬스/안전지대휘트니스] 우울할 때 ‘이 운동’ 하면 도움,"하는 신경전달물질인 세로토닌과 노르에피네프린 분비를 촉진하면서 우울증을 개선하는 것으로 추정했다. 연구팀은 ""유산소 운동이나 저강도 운동은 우울증 개선...오늘은 우울할때 하면 좋은 운동에 대해 알아보았습니다 ! 안전지대 휘트니스에서 https://blog.naver.com/sssddd000/223189624033 [방배동..."
우울할 때 ‘이 운동’ 하면 도움,많다. 우울할 때 어떤 운동을 하는 게 가장 도움이 될까? 유산소+근력 운동 병행이 효과 제일 좋아 유산소 운동과 근력 운동을 병행하는 게 가장 좋다. 영국 유니버시티 칼리지 런던 정신과 연구팀은 15만2978명을 대상으로 어떤 기능을 단련했을 때 정신건강이 좋은지 분석했다. 연구팀은 먼저 실험대상자에게 실내...
라틴어 수업 - 2,"중 우울할 때 먹기 좋은 것이 '티라미수'이다. 티라미수(위로 끌어올리다 ) = 티라레(tirare, 끌어당기다, 잡아끌다) + '수(su, 위에, 위로 방향을 가리키는 전치사) 티라미수의 이름은 이 케이크를 먹으면 울적했던 기분이 사라지고 기분이 좋아진다는 뜻을 내포하고 있다. 시험을 못 보고 어두워졌던 학생들에게..."
우울할 때도 있는 거지 뭐,"생각하면 좋겠습니다. 개운하게 눈을 뜨는 아침이 있는가 하면 한편 몽롱하고 몸이 으슬으슬한 채 깨는 아침도 있습니다. 몸 상태가 항상 개운하고 좋은 것은 아닌 것 처럼, 마음도 항상 건강하고 행복하기만 하지는 않지요. 가끔 찾아오는 몸살감기처럼, 우울함도 그런 시점으로 들여다보면 좋겠습니다. 몸살에..."
[책 추천 34] 우울할 땐 뇌 과학,나와라 이 책은 크게 1부와 2부로 구성되어 있다 1부에선 우울증의 '하강나선'에 대해 설명한다 우울증의 증상과 우울증에 관여하는 뇌 부위 등 우울증에 대한 정보를 알려준다 2부에서는 반대로 '상승나선'에 대해 설명한다 우울증에서 벗어나기 위해 어떤 것들이 과학적으로 도움이 되는지에 대해 알려준다 증...
"쇼펜하우어 인생수업 / 김지민 엮음, 철학, 자존감 높여주는 책, 우울할 때 읽으면 좋은 책, 꼭 읽어봐야할 책, 인생에 도움되는 책, 관계의 관한 책","책, 우울할 때 읽으면 좋은 책, 꼭 읽어봐야할 책, 인생에 도움되는 책, 관계의 관한 책 쇼펜하우어 인생수업 저자 쇼펜하우어 출판 하이스트 발매 2024.02.20. 25. [쇼펜하우어 인생수업] 쇼펜하우어, 김지민 엮음 2024년 8월11일 완독 1.시작의 말 - 책을 읽게 된 계기 나는 읽은 책에서 작가가 추천하는 책이나..."
우울할땐 뇌과학,기분이 우울할 때 더욱 증폭된다. 질 낮은 수면은 통증을 심화시키고 기분을 우울하게 만든다. 우울한 기분은 통증을 한층 심화시키고 그 둘은 다시 수면에 영향...못할 때 통증이 가장 크게 증가한다는 사실이다. 요컨대 가장 중요한 것은 수면의 총량이 아니라 지속적인 수면의 총량이라는 말이다. 그러니 중간에 방해...
"1863년 英國 어느 추운 겨울밤,...// ♡덕담(德談)을 많이 하면 운명이 바뀐다♡//모든것은 때가있다","느낀 것을 죽을 때까지 가슴 깊이 간직하고 부모를 원망하고, 결국 스스로를 불행한 삶으로 만들어 가기도 한다. 그래서 ‘범사에 감사하라!’ 했다. 행복해...지혜로운 사람은 배우는 사람이고, 세상에서 가장 행복한 사람은 감사하는 사람이다.” -탈무드- ======================== ♡덕담(德談)을 많이 운명이..."
우울감에서 벗어나는 방법!! 우울할 때 하면 안 되는 것! 해야 하는 것!,때문에!! 조심해야 합니다. 4. 집에만 있기 이모티콘처럼 하면 더 우울해지더라고요ᅲ 위에 있는 4개만 안 해도 우울감에 쉽게 벗어 날 수 있어요. 우울할 때 하는 것 1. 단거 먹기 2. 집에 나가기 3. 청소하기 4. 꽃이나 이쁘고 사랑스러운 것들 보기 5. 자기개발하기!! 저는 모든 사람이 사랑받을 가치 있다고...
6월: 우울할 때는 함께한 순간을 떠올려 그럼 즐거워질거야🎐🍧🫧,안 하면 개딱딱한 돌빵 같은 보호대 끼고 생활하고 물치도 열심히 받았더니 처음에만 해도 경과보고 안 나으면 수술해야한다던 의사쌤이 오늘 오는 횟수를 3일에 한 번으로 줄여줬어요 나 너무 기뻐! 시험 기간에 핸드폰 흑백모드 유튜브 삭제하고 세상을 잃었어 첫째날 시험 끝나고(=시험을 말아먹고) 큰 슬픔에 빠져...
사람인지라 우울할 때가 있다 (May),보고서만…하면 종강이라 막판 스퍼트를 내고 있습니다. 그래도 4월 5월보다는 아주 조금 여유가 생겨 오랜만에 블로그에 일상이나 적어볼까 합니다ㅎuㅎ...3현대는 진짜 눈물 머금고 했던 제작이었기 때문에 프로필이라도 잘 나와준 것에 너무너무 감사했습니다… 2024.05.02 (Thu) 전체 무용 제작반 극장회의 목요일...
같은 말도 예쁘게 하는 사람들 특징 - 말 예쁘게 하면 '좋은' 진짜 이유 - 예쁘게 말하는 법,"집에서는 퉁명스럽게 말하거나 함부로 말하는 것이 통했었는지 모르지만, 이것을 그대로 사회에서 하면 문제가 생깁니다. 새로운 사람이 가족이 되었을 때 큰...자산이자 능력입니다. 👉말을 예쁘게 할수록 인간관계가 좋아지고, 좋은 사람이 모입니다. 좋은 일이 더 생기고, 행복이 증진됩니다. 그런데 말을 예쁘게 하면..."
우울할 때 기분을 편하게 하는 방법 7가지와 해서는 안 되는 행동,주위에 사람이 없어야 하기 때문에 노래방 같은 곳에 가는 것을 추천합니다. 목소리를 내는 것은 스트레스의 발산으로 이어지기 때문에 침울한 기분도 상쾌하게...새로운 시각을 갖게 될 수도 있습니다. 말을 함으로써 조금이라도 마음의 무게가 가벼워져요. [우울할 때 해서는 안 되는 행동] 1. 자신을 지나치게 자책...
우울증일때 하면 좋은 게임,심들의 생활을 통해서 어릴적의 소꿉놀이를 할때와 비슷한 느낌을 얻어볼 수 있다고 생각됩니다. 좀 더 생생한 소꿉놀이죠. 다만! 심즈들은 이렇게 행복하게...게임을 플레이하는것도 있습니다. 그렇게 챌린지를 하나하나 깨는것도 좋은것 같네요. 그리고 저는 최근에 심즈로 '시간관리'를 어떻게 하면 좋을까? 하는...
눈 피곤할때 하면 좋은것,"눈 찜질 후 가볍게 눈 운동을 해주면 일석이조의 효과를 볼 수 있는데요. 한 자세로 오래 앉아있으면 엉덩이 근육이 뭉치는 것처럼, 모니터만 장시간 보게 되면 눈 근육도 뭉친답니다. 그래서 눈근육을 풀어줄 수 있는 몇가지 간단한 운동법을 준비했습니다. 1. 기본 스트레칭 눈을 감고 눈동자를 상하좌우로 10..."
우울할 때 해보면 좋은 것들,"그 상대가 어떤 사람인지가 중요합니다. 우울한 마음을 이해해주고, 나를 편안하게 해주는 존재가 있다면 함께하시는 것이 더 좋을 것입니다. 우울할 때 해보면 좋은 것들.. 내가 우울할 때 어떻게 이겨냈는지 생각해봅니다. 1. 자연이 있는 곳에서 많이 걷는다. 밖에 나갈 의지가 있을 때면 혼자 산에 많이 갔어요..."
"[일상] 짜증날땐 짜장면, 우울할땐 다 집어쳐~!",뭐만하면 내가 약속파토내고 미루고 안본지 오래됐는데 얼른 만나서 맥주한사발 때려야겠다. 나루가 강남온김에 점심! 마지막으로 후회없을 것 같은 거 가져오자 해서 저거 가져옴 역대급 잘나온 사진이라며 즐겁고 행복했음 더워죽겠고 난리부르스 개판 나리 정수리 저정도면 임신선 아니냐며 아침에 키위랑...
[스페셜 포토덤프] ‘스톱 씽킹’ 불안하고 우울할 때 읽기 좋은 책 추천,불안하고 우울할 때 읽기 좋은 책 추천 무슨 내용인가요? 생각 많은 당신이 읽으면 좋은 책 부정적 감정을 자주 느끼고 이성적 판단보다 감정이 앞서는 당신이...습관일 뿐이며 유감스럽게도 당신의 삶에서 수천 번 거듭되면서 강화된 것이다. 부정적인 태도라고 영원히 변할 수 없는건 아니다. 생각이 우리의 내면...
"Neil Diamond 닐 다이아몬드-Song sung blue 송 성 블루,우울한 노래 lp로 듣기","기분이 우울할 때 그 노래를 부르다 보면 자신도 모르게 기분이 좋아지는 왜냐 하면 사랑하는 사람이 그노래를 매우 익살스러운 목소리로 불렀기 때문에 그생각을 하면서 노래를 부르다 보면 어느새 웃게 된다고 오랜만에 Neil Diamond의 노래중에 우리나라에서 크게 히트되었던 노래 Song sung blue,한 노래..."
"<책, 서머리> 우울할 땐 뇌과학 -2부 【상승 나선을 만드는 뇌-운동·결정· 수면】",생각하며 낙담과 자책을 한다. 그러면서 우울증이 더 악화되는 경후가 많다. 우울증은 이겨내는 것이 아니라 우리 뇌에 긍정적인 영향을 주는 #신경전달물질(1부...나선에 갇혀 있으면 그냥 운동할 마음이 안 남. 하루 종일 핸드폰만 하면 계속 핸드폰만 하고 싶고 몸을 쓰는 게 귀찮아짐. 뇌는 몸과 연결되어 있기 때문...
"책 리뷰 | 2 재택근무 필독서, <우울할 땐 뇌과학>","중이다. <우울할 땐 뇌과학> 나와는 (직업적으로) 너무나 다른 길을 걷고 있는 저자지만 책을 읽으면서 동질감을 느낄 수 있었던 부분은 바로 저자 또한 재택...빠져본 경험이 있다는 점이었다. 그는 UCLA에서 새 일자리를 얻었을 때 재택근무를 허락 받았고 신선한 공기의 공원, 멋진 음악이 나오는 카페에서 근무를..."
"운동 노인 vs 독서 노인, 누가 치매에 안 걸릴까 : 결론은 ""새로운"" ""운동""","조절했을 때 유전자 없는 사람에 비해서 효과가 좀 떨어진다라고 하면, 사실 조금 우울할 수도 있고, 하기가 싫어질 수도 있는데, 유전자가 있건 없건 훈련의...않은 사람의 이제 요런 차이를 보여주는 건데, 오히려 훈련이 유전자를 가진 사람에게서 훈련의 효과가 더 좋은 것처럼 일부 결과가 나오거든요. 오히려 유전"
중년에 좋은 운동과 생활 습관은?,"근육이 줄어드는 근 손실을 막고 각종 성인병을 예방하는 역할을 하는데, 집중력과 판단력 같은 인지 능력도 향상됩니다. 기분이 우울하거나 기운이 없을 때도 알맞은 운동을 하면 기분 전환이나 활력 충전을 할 수 있습니다. 중년에 꼭 필요한 운동 3가지를 알아보도록 하겠습니다. 1. 웨이트 트레이닝 : 뇌 근육도..."
2024.04.15: 독서 습관 기록 5번째 책(우울할땐 뇌과학),"움직이기만 하면 된다. 우선 자격증을 따고 계속 배우려는 자세만 취해도 절반은 성공한 셈이다. 이러한 목표를 설정하지 않았더라면 배울 조차 없을테고 센터...한 방법 1.독서하기 : 나 자신에게 집중하는 시간, 나와 생각 이 맞는 사람, 비슷한 사람들과 교감하는 시간/ 모임을 갖는것도 좋은 방법이다. 2. 산책..."
우울할때 하면 좋은 운동,"중에서 우울할 때 어떤 운동을 하는 게 가장 도움이 될까? 최근 발표된 내용에 따르면 유산소 운동과 근력 운동을 병행하는 게 가장 좋다고 합니다. 영국...안 한 사람보다 우울증 발생 확률은 98%, 불안장애 발생은 60% 낮은 것으로 확인됐습니다. 그리고 두 가지 중 한 가지로만 운동한 사람은 운동을 아예 안 한..."
한동일. (2023). 한동일의 공부법 수업 │공부하다 우울할 때 읽기 좋은 책!,치열하게 사유하는 나 자신의 몫입니다. 246쪽 가끔 내가 책 읽는 것 좋아한다고 하면 (아.. 이번 학교 컨셉 잘못 잡음 책벌레 이미지 별로인데 ㅠ 아는 것 별로...이렇게 정리가 되는데 영상은 정리가 잘 안된달까? 그래서 나는 좋은 영상이 있으면 이 영상이 책으로 나온 것이 있는지 한번 더 찾는 편이다. 똑같은...
힘들때 우울할때 위로받는 짧은 명언 글귀 모음 [여수 시전동 동화 마을] 아이와 가볼만 한 벽화 마을 골목길,"골목에 하면 동화거리 시작점이니 한바퀴 돌았을때 헤매지 않을 것 같아요. 워낙 규모가 커서 길을 잃을 수도 있답니다. 시전동 주민센터 전라남도 여수시 시전6길 16 시전동 주민자치센터 동화의 거리 관람 안내도 전라남도 여수시 시전6길 16 시전동 주민자치센터 파란색 피오키오 거리를 메인으로 위,아래..."
책추천 우울할 땐 뇌 과학 _ 앨릭스 코브,제목: 우울할 땐 뇌 과학 작가: 앨릭스 코브 /역: 정지인 출판사: 심심 분류: 심리 쪽수: 336p 내용 📖 누구나 동일한 뇌 회로를 갖고 있다 사람들은 모두 동일...p64 뇌는 왜 불안해하는가 웬만하면 만족하라. ... 모든 면에서 가장 좋은 것을 원하면 도저히 결정을 내릴 수 없거나 자신의 선택에 불만을 느낄 가능성...
우울할땐 돈쓰고 놀러다녀야해,"이런것만 하고 다니는 사람도 있어서 제주도 출장(?) 다니고 카페도 있고 막 그런다고.. 나 DCC여기 너무 좋아.. 이쪽 살고 싶다 너무 예뻐 현정이랑 뭐하러 만났지? 하긴 뭐 이유있어서 만나나 헌혈할때 되서 전혈 아니 근데 주사 꽂을때 원래 하던데랑 완전 다른 곳에 놓길래 에,, 했는데 다 하고 멍이 들었더라 2주일..."
베트남 여행 갔을때 한시간정도 시간이 애매하게 남을때 5천원 정도 들여서! 하면 좋은것,듯 (한국돈으로 만원 넘는 경우 없음) - 소요시간 : 약 30분 2. 하게 되는 것 머리를 엄청 정성스럽게 감겨줌... 박박박... 감긴데 또 감겨주고 또 감겨주고...중간에 뭐라뭐라 말할텐데 아마도 얼굴도 씻겠냐고 물어보는 거임 그렇다고하면 얼굴도 씻겨주고 간단하게 얼굴 마사지도 해줍니다 씻겨줄때 클렌징 오일 이런...
우울할 때 찬물샤워를 하면 좋은 이유,"혈류가 흐르게 됩니다. 당연하게도 혈류는 기관 건강과 조직 건강과 관련이 있습니다. 따라서 고환에 추가적인 혈류가 유입되면서, 테스토스테론이 증가하는 것이죠. 더 확실한 다른 매커니즘은 추위노출로 인한 도파민 증가와 관련이 있는데요, 어떤 식으로든 스트레스 요인이 있을때 특히 추위 노출과 관련된 경우에는..."
우울할 때 어떻게 하면 좋을까?,"알아보겠습니다. 우울할-때-어떻게-하면-좋을까 우울증에 대처하는 것은 어려울 수 있지만, 여러분의 증상을 관리하고 전반적인 행복을 증진시키기 위해 취할 수 있는 조치들이 있습니다. 1. 전문적인 도움을 구하세요: 만약 여러분이 우울증으로 어려움을 겪고 있다면, 치료사나 상담사와 같은 정신 건강 전문가에게..."
우울할 땐 어떻게 하면 좋을지 챗GPT 에게 물었다.,"아름다운 풍경을 감상해 보세요. 운동하기: 간단한 스트레칭이나 운동을 하면 엔도르핀이 분비되어 기분이 좋아질 수 있습니다. 요가, 달리기, 자전거 타기 등을...호흡 운동: 명상이나 깊은 호흡 운동을 통해 마음을 진정시키는 것도 좋은 방법입니다. 유튜브에서 명상이나 호흡 운동 영상을 찾아보세요. 음악 감상..."
[책] 2439_우울할 땐 뇌과학,"시작되고 심해지는지, 원인은 무엇인지, 어떤 증상이 있는지, 어떻게 하면 우울증에 빠지는 하강 나선을 상승 나선으로 바꿀 수 있는지에 대해서 자세하면서도...읽음 - 오디오북으로 듣기 딱 좋은 과학 책이다. (성우분이 약간 연기도 해 주심) 내가 '상담 심리' 공부를 할 때 우울증에 대해서도 공부했었는데 그때..."
우울할 땐 뇌과학,"어떻게 하면 더 좋은 삶이 될지 생각하자. ▷자기 감정 알아차리기. ▷요가가 우울증을 치료하고, 만성통증을 완화, 스트레스를 줄여주고, 면역계 개선, 혈압...속에 있기. 대화할 필요까지도 없다, 그저 물리적으로 같은 공간에 있는 것만으로도 도움이 된다. → 친구들과 활동하기. → 포옹과 악수. → 마사지 받기..."
우울할 땐 읽어보시집1.2,"비로 씻어주듯 한참 추운 뒤에 꽃으로 맞아주듯 우리도 오늘 힘들었다면 내일은 좋은 일 있길. 한 거야 엄마가 이모랑 하는 이야기를 들었다. ""공부를 안 해서...잊는다. 월 화 수 목 얼마나 길었는데 '벌써 금요일'이라고 말하는 것 보면. 남는 것 쓸데없는 과소비는 물건이라도 남는데 쓸데없는 감정 소비는 후회..."
우울할 때 내가 하루를 보내는 방법 (오늘 한 것들),"건강하려는 것도 맛있는 것을 오래 먹을 수 있기 위함인데 말이에요. (+저는 우울할 땐, 뇌과학 책을 보는 편이에요. 당연히 다 알고 있는 운동하라, 목표를...있다는 기분만큼은 언제나 새롭고 달갑거든요. 마음이 힘들 때일수록, 무언가 하면 안되는 것 말고, 해볼까- 를 생각하게 되는 마음의 기제가 중요한 ..."
우울 책 추천 우울한 때 반드시 읽어야 할 <우울할 땐 뇌과학>,읽기만 하면 읽는데 어려움을 느낄 수 있다. 하지만 이 책에서는 호르몬의 이름과 호르몬이 미치는 영향을 간단하게 정리를 해서 보기 쉽게 만들었다. 또한...적극적으로 활용하는 모습을 보여서 인상 깊었던 거 같다. 이제 우울증에 걸리는 원리도 알았고 뇌를 어떻게 재구성하여 성장의 늪으로 빠져야 하는지에...
오늘밤도 우울할 당신에게,"친구들과 좋은 시간을 보내며 외로움을 잊는 것도 중요하지만, 때로는 친구들의 소식을 모르는 게 나을 때가 있다. 비교하지 말자해도 우리는 비교할 수 밖에 없다. 타인과 자신을 비교 선상에 놓을 수 밖에 없는 인스타그램, 페이스북, 모든 소셜 미디어와 멀어지자. 자극 받는 그 글과 사진들, 그거 다 자기자랑..."
[블챌] 우울할 땐 우웅 ~,많은 아저씨가 귀여워 보일 줄이야 전완근에 파묻히고 싶다 이런 말 하면 최망신이 역겨워함 금주 다짐 3일차였지만… 당연히 실패 떡볶이에 미친 인간 됨 사실...NC만 만나면 정신 못 차리는 한화 안타는 두 배인데 지는 게 말이 돼 ? 좋은 말로 할 때 잔루병 멈춰 두 달 만에 잰 인바디 런닝 효과 굿 유산소 말고...
우울할 때 나가서 걷는 방법,"하지 말고 그냥 남산을 걸어라...(중략).. 한강변을 바라보는 것과 그 위를 걷는 것. 어느 게 나은가? 전자는 머무르고 후자는 움직인다. 살아 있다는 것은...좀비와 다름없다. (조선에서 백수로 살기 2018, 고미숙) 걷기 좋은 도시는 살기 좋은 도시입니다 (암스테르담) 고미숙 선생님의 ""뷰를 보려고만 말고, 뷰 자체..."
불행하고 우울할 때 하면 좋은 방법들 (클루지 활용),"행복에도 클루지가 숨어있다는 것을 배웠다. 우리는 행복을 잘 캐치하지 못하고, 행복을 측정하는 능력도 부족하다고 한다. 그렇다면 불행하고 우울함에 빠져있을 때 빠져나오기 쉬운 클루지도 있지 않을까 궁금했다. 결론부터 말하자면 있다. 일단 우리의 또다른 본능 정리 클루지 우리의 인터넷 중독등도 옛 진화..."
개그맨 고명환에서 작가 고명환으로 '책 읽고 매출의 신이 되다' 독후감~!,있는 것은 무엇인가 얘깃거리를 만들어라 식당에 관한 세 가지 아이디어 실행해서 보배가 된 아이디어 아직 실행하지 못한 아이디어들 4장. 매출을...때 하고 싶은 일을 찾지 못했을 때 내가 누구인지 알고 싶을 때 결정 장애에 시달릴 때 사업이 잘 안 풀릴 때 불안하고 우울할 때 슬럼프에 빠졌을 때 동료가 나보다...
"[나누독] 우리는 우울증이 무엇인지 정확히 모른다, 우울할 땐 뇌과학 | 엘릭스 코브","병이나 알츠하이머병 같은 다른 뇌 장애만큼 상세하게 우울증을 이해하지는 못한다. - <우울할 땐 뇌 과학> 나쁜 소식이 있다. 우울증이 무엇인지 정확히 모른다는 것이다. 좋은 소식은 뇌에서 무슨 일이 벌어지고 있는지, 어떻게 하면 나아질지 충분히 안다는 것이다. 운동, 햇빛, 근육의 움직임 심지어는 감사..."
스믈스믈 우울감이 올라올때 [우울할 땐 뇌과학],"제안한 우울할때 대처법 리스트 1. 감사하기 🙏 감사 일기 쓰기: 매일 감사한 일 3가지를 기록해봐! 매일 같은 시간에 쓰면 더 좋고, 하루의 끝을 따뜻하게 마무리할 수 있어. 감사의 편지 쓰기: 고마운 사람에게 편지 써서 직접 전해봐. 예상치 못한 서프라이즈로 둘 다 행복해질 거야! 2. 운동과 신체 활동 🏃‍♂️ 운동..."
갑갑하고 우울할땐 이렇게 해 보세요.,"잼난 만화책을 보며 김치부침개를 드셔보십시요. 세상을 다 가진 듯 행복할 것입니다. 파랑새가 가까이에서 노래를 불러도 그 새가 파랑새인지 까마귀인지...너한테 빚을 많이 졌나보다. "" ""맘껏 나에게 풀어"" ""그리고 지금부턴 좋은 연만 쌓아가자.."" ""그래야 담 생애도 좋은 연인으로 다시 만나지"" 남자든 여자든 이..."
갑갑하고 우울할땐 이렇게 해 보세요.,"잼난 만화책을 보며 김치부침개를 드셔보십시요. 세상을 다 가진 듯 행복할 것입니다. 파랑새가 가까이에서 노래를 불러도 그 새가 파랑새인지 까마귀인지...너한테 빚을 많이 졌나보다. "" ""맘껏 나에게 풀어"" ""그리고 지금부턴 좋은 연만 쌓아가자.."" ""그래야 담 생애도 좋은 연인으로 다시 만나지"" 남자든 여자든 이..."
우울할 때 듣는 음악 추천 !,음악! 하면은 신나는 음악을 들을거라~ 생각 하는데요~ㅎㅎ 하지만 저는 ! 우울할 때 우울한 음악을 들으면서 더 우울해지는 걸~ 선택하는 편이에요~ㅎㅎ 그럼 바로 소개를 해볼게요~~ https://youtu.be/yKZ2sFeobWI?si=kNOrz_0-_Qwp1cBP Jackie Paris의 The girl that got away 제목에서부터~~ 우울하죠잉~ 도망간...
힘들고 우울할 때 하면 좋은 셀프 상담법,작고 사소한 일들로 매번 상담소나 병원을 갈 수는 없습니다. 그래서 셀프 마음 치유법을 알아두면 좋습니다. 머리 아플 때 집에 있는 두통약을 먹는 것처럼요. 방법은 간단합니다. 우울하거나 스트레스 받는 상황이 생기면 스마트폰 메모장이 됐든 종이에 적든 어디든 좋습니다. 저는 아래와 같이 구글 스프레드...
"우울할 땐 뇌 과학, 실천할 땐 워크북 | <앨릭스 코브> 저/<정지인> 역","성능 좋은 스피커를 갖추면 더 좋겠죠.) 우울할 땐 뇌 과학, 실천할 땐 워크북 | <앨릭스 코브> 저/<정지인> 역 걱정을 글로 옮기기 걱정은 전전두피질을...해야 할 일 목록을 미리 적어두는 사람이 더 빨리 잠든다는 것을 밝혀낸 연구도 있습니다. 우울할 땐 뇌 과학, 실천할 땐 워크북 | <앨릭스 코브> 저/<정지인..."
[과학] 우울할땐 뇌 과학(엘릭스 코브),방식은 사람마다 다르다. 때때로 삶의 모든 일이 어렵고 무의미하게 느껴질 때가 있다. 누구나 이따금씩 느끼는 이런 감정은 뇌의 복잡한 회로에서 자연스럽게...어떤 사람에게는 이런 감정이 들러붙어서 사라지지 않는다. 흔히 우울증이라고 하면 그저 항상 슾픈 상태라고 생각하기 쉽다. 하지만 우울증은 그보다 훨씬...
212. 우울할 땐 뇌과학,"활동을 하면 화확물질 노폐물이 발생한다. 치우지 않고 두면 계속 쌓여 결국 우리의 발목을 잡는다. 잠은 뇌를 제대로 기능하지 못하게 방해하는 노폐물을 청소...때문이다. 8장 습관을 적이 아닌 동지로 만들기 ""좋은 습관을 들이는 것은 상승 나선에 강력한 추동력으로 작용한다. 일단 습관이 작동하면 추가로..."
베트남 여행 갔을때 한시간정도 시간이 애매하게 남을때 5천원 정도 들여서! 하면 좋은것,듯 (한국돈으로 만원 넘는 경우 없음) - 소요시간 : 약 30분 2. 하게 되는 것 머리를 엄청 정성스럽게 감겨줌... 박박박... 감긴데 또 감겨주고 또 감겨주고...중간에 뭐라뭐라 말할텐데 아마도 얼굴도 씻겠냐고 물어보는 거임 그렇다고하면 얼굴도 씻겨주고 간단하게 얼굴 마사지도 해줍니다 씻겨줄때 클렌징 오일 이런...
"[아픈 마음과 이별하고 나와 소중한 이를 살리는 법] 처음 만나는 정신과 의사, 백종우 지음","4장 정신질환 치료의 장벽, 몰라서 또는 알고도 [체크포인트] 조현병 초기 증상, 어떻게 알아차릴 수 있을까? 5장 우리를 다시 살게 하는 것들 [체크포인트] 우울할 때 하면 좋은 활동 에필로그: 그렇게 삶은 계속된다 책은 총 다섯개의 장으로 나누어져 있는데, 각 장에서는 우울증,트라우마, 조현병 등에 대해서 저자..."
웰니스 (wellness)5편 : 우울할땐 근력운동을 하자!,"우울증하면 하루종일 슬픈을 느끼는 증상을 생각하지만 우울증은 의욕,관심, 행동 욕구, 활동 의지,수면,성욕, 사고의 깊이 내용 속도등 전반적인 정신적기능과 그것에 영향받는 육체적 기능이 지속적으로 저하되고 일상생활에 악영향이 지속되는 상태를 말합니다. 즉 슬픔에 목이 메이는 병이 아닌 인간의 기본적인..."
[필사 및 서평] 우울할 땐 뇌과학 - 앨릭스 코브 / 오늘부터 뇌를 고쳐보자,"제목이 '우울할 땐 뇌과학'인 것 같다. 우울하지 않아도 읽기 좋다. 여기서 말하는 우울감은 꽤 다양한 감정을 모두 아우르고 있어서, 슬픔 뿐만 아니라 귀찮거나 무기력하거나 멍한 상태에도 적용될 내용들이 많다. 왜 내가 이런 생각을 하고, 이런 행동을 하는지 과학적으로 설명될 수 있음을 알게 해준다. *필사..."
우울할때 체크 할 것 : 매우 기본적인 욕구부터,"않는 좋은 방법을 가르쳐주고 있다. © hell0_cg_, 출처 Unsplash 다음단계의 욕구 : 안전욕구(Safety needs) - 점검해보기 안전욕구는 정신적, 육체적 안전을...있는데 환경과 상황은 당장 바꾸기가 어려우므로 우울할때는 일단 점검해보는 것'만'으로 우울함을 줄여보도록 한다. 어쩌면 현실과 마주하는이 더 ..."
"말이 씨가 된다는 말처럼 좋은 말을 하면 그렇게 좋게 되어,","남인수 - 무너진 사랑탑(기타연주) 말이 씨가 된다는 말처럼 좋은 말을 하면 그렇게 좋게 되어, 우리도 모르게 지나가는 행복 내 삶이 너무 버거워 하며 생각이 들 때 오늘하루 무사히 보내 감사하다고 가진 것이 없어 라고 생각이들 때 우리 가족이 있어 행복하다고 나는 왜 이 모양이지 라고 생각이들 넌 괜찮은..."
나는 왜 우울한가? 사람은 왜 우울할 수 밖에 없었을까 우울해도 행복할 수 있을까,"경쟁을 하면 승자와 패자가 생긴다. 무리에서 승자는 그대로 권력, 여자, 음식 등 생존에 유리한 요소들을 쟁취했고, 패자는 모든 것을 빼앗기게 되었다. 승자는...이 아낀 에너지로 다른 생존 요소들을 찾는 것에 에너지를 사용하게 된다는 것이다. 다르게 말하면 우울한 감정은 생존이라는 목표는 그대로 하되, 다른..."
🇹🇼240715-0717 타이베이 기록,안 하면 불안해 죽는 인간인데 어찌저찌 1시간 반 전에 도착해서 체크인하고.. 덕분에 공항 사진 같은 것은 없고 거의 반 혼수 상태로 비행기와 열차에 실려 타이베이중앙역에 도착함 전날 바빠서 저녁도 대충 먹은 상태라 배고파 쓰러질 지경이라 일단 점심 먹으러 중앙역 상가에 있는 아무 가게나 들어갔다 그 와중에...
[해법] 우울할 때 하면 좋은것들 List,화보 저장 - 유튜브 명상 음악 감상 - 이마트에서 회 포장해 오기 - 연주회 티켓 받아서 보기 - 영화 티켓 받아서 보기 - 목욕탕 가서 푹 담그기 - 좋은글 필사하기 - 하고싶은 말 익명 어플에 쓰기 - 악기 꺼내서 즉흥 연습 - 도서 & 팬시점 아이쇼핑 - 인천 혼자 돌아다니기 - 무한정 야밤에 거리 걷기...
[독서기록] 우울할 땐 뇌 과학 / 알렉스 코브,"어떻게 하면 더 좋은 삶이 될지 생각해 본다. 즉 나쁜 습관을 없애면 당신의 삶이 어떻게 개선될지 생각해 보는 것이다. 좋은 습관을 길들여야 한다. 감정은...좋은 습관은 우울증에서 벗어날 힘이 있다. 5. 바이오피드백의 힘 우울한 상태일 때의 바이오피드백을 보면, 어깨를 구부정하게 다니거나, 미간을 찌푸리는..."
우울해지려 할 때 <우울할 땐 뇌 과학>,"습관 만들기, 햇볕을 쬐는 것, 행복한 기억 떠올리기, 적절한 수면하기 등등 구체적인 방법을 설명한다. 읽다 보면 다 알고 있는 내용인 것처럼 느껴진다. 하지만 우울함에 빠져든다면 마음이나 의지의 문제보다는 뇌의 작용임을 재빨리 알아차려야 한다. 뇌가 긍정적인 패턴을 만들 수 있도록 제시한 방법들을 일단..."
"<우울할 땐 뇌 과학> 우울증, 무기력증을 극복하고 싶다면?","어떻게 하면 잠을 푹 잘 수 있을까. 그중 당장 적용할 수 있는 방법은 자기 전에 반복적인 준비 단계를 만드는 것이었다. 긴장을 풀어주는 어떤 행위든 반복적...우리가 무엇을 원하는지는 관심이 없다. 그저 반복된 행동을 할 뿐이다. 좋은 습관을 들이고 싶으면 반복하고, 또 반복하고, 또 반복하는 수밖에 없다. 한..."
우울할 때도 있는 거지 뭐,"좋겠습니다. 개운하게 눈을 뜨는 아침이 있는가 하면 한편 몽롱하고 몸이 으슬으슬한 채 깨는 아침도 있습니다. 몸 상태가 항상 개운하고 좋은 것은 아닌 것 처럼, 마음도 항상 건강하고 행복하기만 하지는 않지요. 가끔 찾아오는 몸살감기처럼, 우울함도 그런 시점으로 들여다보면 좋겠습니다. 몸살에 걸렸다고 '왜..."
"포항 맛집, 우울할땐 소고기 먹으러 소설가 포항문덕점","단체회식하기도 좋은 곳 중 하나인 것 같음 일단 가게 구경은 그 쯤 하고 바로 소고기 주문함 배고파아아~~~~ 메뉴는 이미 마음 속 킵해두고 갔는데 한우 1...장아찌, 쌈무 등등 미역국 빼곤 모두 셀프바에서 리필 가능하다 소고기 먹을때 나는 솔직히 쌈야채를 안 먹는데 필요한 사람들은 여기 셀프바에서 가져다..."
우울증은 뇌의 장애일까? 과학자가 밝히는 놀라운 진실 - 앨릭스 코브의 <우울할 땐 뇌 과학> /책요약/세줄요약/책리뷰/,"어떻게 하면 우울증을 예방하거나 치료할 수 있는지에 대해서도 알아보자. <우울할 땐 뇌 과학> 앨릭스 코브 <우울할 땐 뇌 과학> 목차는 다음과 같고, 목차별로 요약을 해 놓았다. 세 줄 요약은 끝에 있다. PART 1 │ 우울증의 뇌 지도 뇌는 전기신호를 내보내고 그 신호를 의사소통용 화학 신호로 바꾸어 전달하는..."
우울할 때 보면 좋은 넷플릭스 코미디 해외 영화 Top10 추천,"차리면서 맛깔나는 좌충우돌 여정에 오른다. 배고플 땐 보지 말 것! www.netflix.com 8. ""셰프"" (2014) 존 파브로가 주연과 감독을 맡은 이 영화는 유명 셰프가...공식 사이트 막 4성 장군이 됐다. 미군에 신설된 우주군의 대장이 됐다. 이제 하늘로 날아오르기만 하면 된다. 그런데 공군에게 무시당하고, 과학팀장..."
우울할 땐 뇌과학-앨릭스 코브,"보니 '우울할 때'가 핵심이었다. 사람은 누구나 우울하거나 다운될 때가 있으니까.. 읽으면서 생각외로 도움되는 부분이 정말 많았다. 알면 알수록 신기한 뇌...괜히 소심해질 때면, 뇌를 조종하여 기분을 나아지게 만들 수 있다는 것. 책을 다 읽은지 한 달 반 정도 지났고, 그동안 일상 속에서 책의 내용을 되새기며..."
"우울할 때 읽는 약, 요한복음","어떻게 하면 이 지옥 같은 세상에서 천국의 평안을 잃지 않고 행복하게 살 수 있지요?"" 베키 양은 그 답을 아나요? 베키: 저는 사실 남들이 보기에는 부러울 것이 없는 명문대생에, 예쁘고, 곧 하버드 의대도 갈 거지만 사실 우울증에서 벗어나는 법을 모르겠어요. 시기 질투도 심하고. 속은 지옥일 때가 많아요..."
「우울할 땐 돈 공부」 - 재미있는 경제 입문서,"대해 새로운 시각을 가질 수 있게 해 준 내용이다. 지금까지는 '비트코인' 하면 폭등, 폭락, 투기 등의 단어를 떠올렸다. 근데 금융이 불안정한 어느 국가에선...세계 어느 곳에서도 통하는 비트코인이 동아줄 역할을 하는 것이다. 「우울할 땐 돈 공부」 224~225쪽 나에게 투기의 대상인 비트코인이 지구상의 누군가..."
"👁‍🗨 마음이 힘들고 우울할 때, 무력감에서 벗어나는 방법 공유","있는데요, 우울할 때에는 확실히 좋아하는 것을 하면 도움이 되더라구요. 넘 당연한 이야기인가도 싶지만 ㅎㅎㅎ 사실 우울한 생각은 꼬리에 꼬리를 물잖아요.. 이런 슬픈 생각의 늪에만 빠지다 보면, 어쩔 땐 자기가 좋아하던 일이 생각나지 않을 수도 있으니까요. 우울해서 제 글을 보시게 된 분이이 계시다면 지금..."
[문화생활정보]우울할 때도 있는 거지 뭐,"생각하면 좋겠습니다. 개운하게 눈을 뜨는 아침이 있는가 하면 한편 몽롱하고 몸이 으슬으슬한 채 깨는 아침도 있습니다. 몸 상태가 항상 개운하고 좋은 것은 아닌 것 처럼, 마음도 항상 건강하고 행복하기만 하지는 않지요. 가끔 찾아오는 몸살감기처럼, 우울함도 그런 시점으로 들여다보면 좋겠습니다. 몸살에..."
처음 만나는 정신과 의사,"당신이 우울한 것은 지극히 정상이다 다시 행복할 수 있을까? 트라우마, 산산조각이 된 마음으로 다시 살아가려면 자살 유가족이 전하는 위로 잊을 수 없는 것과 잊어서는 안되는 것 정신과 치료에도 골든타임이 있다는 것 우울할 때 하면 좋은 활동 등을 다루고 있습니다. 모두다 한 번씩 꼭 읽어봤으면 하는 책입니다..."
우울할 때도 있는 거지 뭐,"생각하면 좋겠습니다. 개운하게 눈을 뜨는 아침이 있는가 하면 한편 몽롱하고 몸이 으슬으슬한 채 깨는 아침도 있습니다. 몸 상태가 항상 개운하고 좋은 것은 아닌 것 처럼, 마음도 항상 건강하고 행복하기만 하지는 않지요. 가끔 찾아오는 몸살감기처럼, 우울함도 그런 시점으로 들여다보면 좋겠습니다. 몸살에..."
"우울한 마음 달래는 법,우울할 때 하는 행동과 3가지 습관 만들기",쏟아지는가 하면 불안할 수 있다. 이는 정상적인 건강한 사람에게도 약간씩은 나타날 수 있는 허전한 마음과 관련이 있으며 이러한 감정 변화를 알아차리로 나...멈추고 싶다고 해서 멈출수 있는 것이 아니다. 우울한 감정이 계속될 때는 무었인가 마음에 고장이 난 것이라고 생각하면서 효과가 있는 행동을 치료목적...
우울할 때 음악으로 기분 전환하기,"우울함을 덜어줄 수 있습니다. 음악 감상을 일기 쓰기와 병행해보는 것도 좋은 방법입니다. 음악을 들으면서 현재 자신의 감정이나 생각을 솔직하게 적어보세요...음악 스트리밍 서비스의 커뮤니티 기능을 활용해보는 것도 좋습니다. 자신이 우울할 때 듣는 노래를 공유하고, 다른 사람들의 추천곡을 들어보세요. 같은..."
갑자기 우울할 때 하면 좋은것 현실적인 5가지,이유 없이 기분도 다운될 수 있어요 우울한 감정은 오래 가져가면 건강에도 좋지 않아요 최대한 빨리 기분전환을 해줘야 한답니다 그래서 오늘은 우울할때 하면 좋은것 현실적인 5가지에 대해서 한 번 알아볼게요 아래 5가지는 제가 기분이 다운됐을 때 하는 방법들이에요 모든 사람들에게 같은 결과가 나타나는 것은...
우울할 땐? 달리기 장점과 운동 방법,"출처 Unsplash 4.스트레스 및 불안 감소 달리기를 하면 엔돌핀이나 도파민이 생성되며 스트레스 완화와 우울한 감정 개선에 도움이 됩니다. © brucemars, 출처...© alexanderredl, 출처 Unsplash 2. 적절한 신발 착용 편안하고 지지력이 좋은 신발을 착용하시길 바랍니다 근력운동 할때 신발보다 푹신한 신발을 추천..."
[교양심리] 우울할 땐 뇌과학 「앨릭스 코브」,사용하느냐에 따라 뇌도 변한다. 뇌의 리모델링 : 신경가소성 neuroplasticity 우울증과 뇌과학의 상관관계. 제목을 보면 당연히 그 내용일 것이 유추가 되니 그럼 우울에 대해 한 번 정리를 간단히 해볼까? 저자의 말 하나하나가 정말 뼈를 때린다. 그렇지~ 그렇구나~ 그래서 그런거지~~ 우울증의 하강나선이 심각한...
우울할때 음식 이런 걸 드셔보세요,기능을 비롯해 호르몬 분비량에도 도움을 주어 우울할때 먹으면 좋습니다. 대다수의 사람들이 기분이 우울할 때면 자극적인 음식을 찾곤 합니다. 하지만 짜고...음식 섭취는 자제해 주시는 것이 좋습니다. 우울증에 좋은 운동 관련 글 보기▼ 너무 우울해요. 그렇다면 운동을! 국내 우울증을 앓는 사람의 수는...
우울할 자격,"서글프고 서운해지는 말이기도 했다. 어쨌거나 조금이라도 자기연민을 하려고 하면 득달같이 자격을 운운하며 스스로를 다그치지기에 바빴다. 사실 그랬다...우울이라기 보다는 울적하거나 음울한 느낌에 가까웠던 것이지만. 어쨌든, 지금은 확실히 이것이 우울감이라는 것을 안다. 우울하다니. 팔자 좋은 소리 하고..."
우울할 땐 짬뽕,"시작할 때 세웠던 각종 계획들이 흔들리고 무너지기 시작하고요, 그리고 지난 크리스마스 시즌 동안 신나게 긁었던 신용카드 청구서가 날아오는 시기이기도...좀 쓰고, 다음 주 수업 준비도 합니다. 평소처럼 나가서 달리기라도 좀 하면 기분이 나아질 텐데, 몸도 피곤하기도 하고, 밴쿠버 답지 않게 아침 기온이 무려..."
울산 남구 뷰 맛집 카페 '해월당' 우울할 때 가세요!,맛일 것 같아서 패스!!) 제일 긴~ 진열대에는 빵이 놓여있고 벽 쪽 진열대에는 미니케이크류들이 준비되어 있습니다 종류도 다양하고 모양도 너무 다양하고 진짜 예쁘더라고요! 자 이제 빵을 다 골랐으면 카운터에 가서 음료를 주문하고 빵 계산을 합니다 그러고는 왼쪽에 있는 계단으로 올라가서 음료를...
▶️우울할 때 극복해내는 방법‼️,"우리 모두 우울할 때는 맛있는 것을 먹어봐요! 2. 찬물 샤워를 한다 우울할 때 샤워를 하면 도파민 분비가 활발해져 기분이 좋아지는 데에 영향을 줄 수...기구보다 실제로 산책을 하는 것이 더 좋을 수 있습니다. 4. 잠을 잔다 잠은 좋은 치료제입니다. 잠을 자고 나면 두뇌 회전이 더욱 빨라지는 것은 물론, 다음날을..."
"""우울할 때"" 운동과, 따뜻한 물에 목욕으로 하는 기분 전환","도움을 받는 것이 중요하다. 적절한 치료로, 우울증을 가진 대부분의 사람들은 그들의 증상을 관리하고 만족스러운 삶을 살 수 있다. 우울할 때 하면 좋은 운동 운동과 우울증에 관한 한, 여러분이 즐기고 지속적으로 할 수 있는 어떤 형태의 신체 활동도 도움이 될 수 있다. 다음은 우울증 증상을 관리하는 데 도움이..."
나는 우울할 때 고양이와 함께해,"다가가려고 하면 놀라서 사라졌다. 나에게 다가오지도 않고 숨어있거나, 나를 무시하며 돌아다녔다. 처음 만난 사람의 지나친 관심이 싫었나 보다. 남자 친구는...있으라고, 그럼, 펌킨이 먼저 다가올 거라고 했다. 얕은 잠을 자고 있을 때였다. 누군가 쳐다보는 시선이 느껴져 눈을 뜨니 펌킨이 빤히 바닥에서 바라보고..."
우울할 때 보면 좋은 명화 : 마음의 평화를 찾아주는 예술 감상,"우울할 때 우리는 종종 감정의 무게에 짓눌려 힘들어집니다. 이럴 때 명화를 감상하는 것은 마음의 안정을 찾는 데 큰 도움이 될 수 있습니다. 우울할때 보면 좋은 명화 명화는 시공간을 초월하여 우리에게 감정적 위로를 제공하며, 예술적 아름다움을 통해 우리의 마음을 치유하는 힘을 가지고 있습니다. 다양한 작품을..."
[과학 북터뷰] 다양한 감정들이 공존하고 연결된 '뇌'라는 세계 :: UCLA 신경과학자가 쓴 <우울할 땐 뇌과학>,"게 좋은 방법이라고 합니다! 그렇지만 막상 곰과 마주치면 '두려움', '불안' 등의 감정이 몰려들며 합리적인 결정을 하기 어려울 수 있습니다 ㅠ 출처...뇌과학>에서 소개된 우리의 뇌 기능을 소개하겠습니다! 사진출처 : 책 <우울할 때 뇌과학 > 즉, 우리의 뇌에서는 합리적 결정을 내리는 전전두피질만 몸의 의사..."
우울할 때 고기를 먹어라~!,"수 있습니다. 따라서 고기를 섭취함으로써 트립토판이 공급되면, 세로토닌 수치가 증가하고 기분이 개선될 수 있습니다. 4. 고기 요리와 마음의 안정 우울할 때는 종종 식사가 귀찮고 무기력하게 느껴지기 마련입니다. 하지만 자신이 좋아하는 고기 요리를 직접 만들어보는 것은 기분을 전환하는 좋은 방법입니다. 고기..."
우울할 땐 여행을... 프라하 1,여행 때처럼 충동적으로 도피성 여행을 결정했다. 여행을 다녀온다고 바뀌는 건 아무것도 없지만 적어도 여행 중에는 현실을 잊고 다른 것에 몰입할 수 있다는 게 좋다. 또 나도 몰랐던 내 취향이라던가 습관을 아는 것도 재미있고. 예상과 달리 이번 여행은 무척 즐거웠기에 꼭 블로그에 기록을 남기고 싶었다. 2024...
우울할 땐 뇌과학 - 앨릭스 코브,책 우울할 때 읽고 위로를 많이 받았던 책이다. 최근에 지치고 힘들어서인지 다시 생각이나 또 읽었다. P10. 겨우 15분 동안 자전거를 탔을 뿐인데도 감정 조절...긍정적으로 변하면 신경도 따라서 긍정적으로 변한다는 것이 밝혀졌다. 운동을 하면 수면 시 뇌의 전기 활동에 변화가 일어나고 이는 다시 불안을 줄이고...
정신적으로 우울할 때 필요한 조언 6가지,"라는 것을 되새기자. 완벽한 상황과 타이밍에 완벽한 내용을 말하는 경우는 거의 없다. 말하기 전에 적어도 두번은 더 참으면서, 내가 꺼낸 말이 어떤 상황을...걱정은 매달려 있을수록 점점 몸집이 커진다. 무언가 생각대로 되지않을 때에는 원인과 해결방법을 찾아야지, 걱정 그 자체에 매몰되어 있으면 스트레스만..."
하나도 부럽지가 않어,"말을 하면 소리를 들을 수밖에 없는 구조, 나와 덩치가 큰 젊은 남성, 두 명이 있는 가운데 그 남성이 통화를 하기 시작했다. 최대한 무시하고 독서삼매를 이어가려 했으나 엿들을 수밖에 없는 사안이 발동했고, 책을 덮고 눈을 지그시 감고 팔짱을 낀채 사색에 잠긴 척 자세를 잡고 엿듣기 삼매에 들었다. 요약하면..."
우울할때 하면 좋은 운동,"효과적일 수 있을까요? 우선 정신장애가 있을 땐 전문가와의 상담을 통하여서 적절한 치료법을 찾는 것이 우선이지만 , 이와 함께 운동을 병행하는 것도 도움이 될 수가 있답니다. 우울증을 해소하는 데는 좋은 운동 3가지를 알아보도록 합시다. 1. 달리기 달리기는 건강에 유익한 운동이거든요. 칼로리를 소모시켜..."
짜증날땐 짜장면 우울할땐 달콤한 디저트🍩,"제대로 리뷰 남기고 싶네요💕 달콤한 디저트를 먹기에는 너무 늦은 새벽이다 하면 침대에 편하게 누워서 귀여운 영상이나, 웃긴 동영상을 찾아봐요^^ 유튜브나...찍어둔 아이들 영상을 보다보면 슬프던 기분은 어느새 사라지고 기분좋은 웃음이 자리잡게 된답니다🍀 무엇보다도 긍정적인 마인드로 살아간다면 슬픈일..."
정희진의 글쓰기1_ 나쁜 사람에게 지지 않으려고 쓴다,"컨텐츠가 많아지는 것 같다. 대략 제목은 이렇다. ‘우울할 때, 하면 좋은 1분 호흡법‘, ‘마음이 불안할 때 1분 명상법’ 사실 우울하거나 마음이 불안한 사람...문제라고 생각한다. 아니라는 것 알면서 조회수를 올리는 데 이용하는 것밖에 안되지 않나…; 나는 평온한 상태이니 당신의 불안함을 도와주겠다…는 은..."
자청추천책 | 우울할 땐 뇌과학 책 추천,"어떻게 하면 될까요? 위 질문에 대한 답변들을 과학적으로 정리해 놓은 책이 <정리하는 뇌>라고 보시면 됩니다. 결국 우리가 필연적으로 저지를 수밖에 없는 실수를 포착하고, 그 실수를 해결하게 도와줄 시스템을 어떻게 구축할 것인가에 대한 조언이요. 책에 나왔던 내용 중에서 간단하게 바로 생활에 적용할 수..."
오늘의 운세 2024년 8월 23일,"많을 때는 특히 마음을 평온하게 유지해야 하며, 인내와 집중력을 시험하는 날이 될 것입니다. 금전운 재정 목표를 세우는 것이 좋습니다. 불필요한 지출을...몸이 불편할 수 있습니다. 업무와 휴식의 균형을 잘 유지하고, 좋은 식습관을 지키는 것이 중요합니다. 요약 파트너와의 관계에 주의하고, 사업에서는 신중함이..."
괜히 우울할 땐 당과 탄수화물이 부족하진 않았는지 확인해보자,안 좋은 이유 논문… ㅅㅂ 미리 써놓을 걸 왜 걱정만 ㅈㄴ 하면서 아무것도 안했을가 ㅠㅠ 난 챗지피티가 날 도와줄 줄 알았어 하지만 챗지피티가 날...큰 문제 말고 여러 문제가 더 있는데요 바로 논문체를 쓸수가 없다는 것… 편의상 휴먼논문체라고 하겠습니다. 예를 들면 아 요즘 누가 1500원짜리 메가...
평범한 하루,"아이들에게 좋은 것이 무엇인지도 모르면서 그들이 원하는 사랑이 아니라 내가 사랑이라고 생각하는 것만 주려고 했습니다. 그 생각을 하면 지금도 아이들에게...주어야 했는데 그렇게 하지 못했습니다. 아들이 물류센터에서 알바를 할 때 스티로폼 상자를 나르면서 엄마가 한 말이 생각났다고 합니다. ""뭐라고 했는데..."
책읽기 70. 우울할 땐 뇌 과학,포함해 사람이 하는 모든 경험은 실제로 뇌의 활동을 변화시키고 평생에 걸쳐 뇌를 리모델링한다는 것이 바로 신경가소성이 의미하는 바다. 흔히 우울증이라고 하면 그저 항상 슬픈 상태라고 생각하기 쉽다. 하지만 우울증은 그보다 훨씬 더 광범위하다. 사실 우울증에 걸렸다고 해서 꼭 슬픔을 느끼는 은 아니다...
프렌치 수프-프랑스요리영화 -프랑스요리와 와인-아름다운 대사들-트란 안 홍,이렇게 하면 맑은 스프를 얻는단다. (와인을 즐기며 콘소메를 기다리는 중) 인간은 갈증이 없어도 마시는 유일한 동물이야 와인은 만찬의 정신이야 고기와 채소는 물질이고! (콘소메를 맛보며) 힘들게 세상에 나와 엄마가슴에서 첫 식사를 하는데 나도 식욕이 동하더군 콘소레에 부드러움만 남았어 완벽한 표현이야 필리...
우울할때 하면 좋은 것,"경우는 정리되지 않은 불안함에서 와요. 문제를 정리해두면 생각보다 별일이 아닐지 몰라요. 우울한 상황을 벗어나기 위해 우울할 때 하면 좋은 것들에 대해 말씀드렸어요. 우울할 때 우울함을 극복하기 위해 하면 좋은 것들이 많이 있지만 그중 중요하다고 생각하는 다섯 가지를 정리해드렸으니, 이 포스팅을..."
우울할때는,"여러분은 우울하실 때 특별히 하시는 행동들이 있나요? 저는 저희 멍이를 안고 충전을 해요. 이제 저희 멍이는 제가 충전! 하면 제 옆으로 와서 같이 등을 대주고 누워 있는답니다. © tipod, 출처 Unsplash 또 가끔은 좋은 차를 우려 마십니다. 혼자서 차를 내려 마시다 보면 제 마음도 정돈이 되고 기분도 좋아..."
[오늘의 운세] 띠별 운세(2024년 08월 06일),심기만 하면 귀한 과실을 얻을 것이다. 다음 승산이 없는 일을 하고 있군요. 시작부터 문제가 있는데 포기가 안 되는군요. 새롭고 기발한 아이디어가 분명 본인...별다른 문제 없이 이사를 마칠 수 있어요. 시간 약속을 잘 지키는 것이 중요해요. 61 년생 네이버 의도적으로 새로운 곳을 찾아 가보는 것도 다음을 위한...
전주 혁신도시 맛집 태국 음식 전문점 차오프라야 전주점,더 분위기가 좋았습니다 여행 온 기분 내고 싶을 때나 우울할 때 기분 전환하기 위해 방문하기에 좋은 식당 같아요! 아기 의자도 구비되어 있었습니다 좌석도...ㅎㅎ 친구들과 가기에도 좋고 부모님과 같이 가도 너무 좋을 것 같은 식당이었습니다 메뉴판&주문 메뉴 주문은 키오스크로 하면 되고요 애피타이저...
포토덤프 #5. 난 우울할 때 돈을 써...💸,"1층 102호, 103호 2. 교보문고 가기 나는 무슨 교보문고에 뭐가 씌였나... 뭐만 하면 교보문고를 가서 책 2권(참고 참고 또 참아서 MAX 2권으로 스스로 약속했다...최근에 교보문고 강남점도 갔었는데 나는 개인적으로 광화문점이 더 좋은 것 같다(왜일까?) 그리고 이상하게 교보문고만 가면 과학분야 쪽 책들은 한 번..."
전의 상실,"없을 때 사람들은 삶에 대한 전의를 상실한다. [출처] [성장 한 조각] 우울할 때 하면 좋은 생각들 / 찰리 채플린 명언|작성자 복마루 저는 장비발이 무척 중요하다고 생각하는데요. 운동을 시작하면 운동에 필요한 도구나, 의상 이런 것들을 미리 완벽하게 구입해야 한다고 생각하는 사람입니다. 그러다 보니 장비가..."
소화가 잘 안될 때 따라하면 좋은 자세와 음식,"있으며, 요구르트는 유산균을 공급하여 소화를 촉진합니다. 또한, 바나나, 파인애플, 미역 등은 소화를 돕는 데 효과적인 음식들입니다. 이 외에도 소화에 좋은 음식들이 많이 있으니, 식단에 다양하게 포함시켜 보는 것이 좋습니다. ## 결론 소화가 잘 안될 때에는 간단한 신체 활동이나 특정 음식 섭취를 통해 문제를..."
2024년 7월 26일 오늘의 운세,"양보를 하면 상황이 개선될 것입니다. 금전운 자금의 유동성이 강하고 자주 회전하는 경향이 있어 저축이 어렵습니다. 작은 손실이 큰 손실로 이어지지 않도록...소곤거리는 것을 자신을 겨냥한 것으로 오해하기 쉽습니다. 금전운 재정 상태가 혼란스럽고 불안정하니, 충동적인 지출을 자제하세요. 큰 금액을 지출할 ..."
회사에서 할 거 없을 때 하면 좋은 것들..,"1. 회사 홈페이지 들어가서 모든 다읽기 2. 회사 내부망 들어가서 공지 읽기 3. 전임자 서류 훑어보기 4. 탕비실, 비품실 정리하기 5. 파쇄해야할 서류 있는지 주변 사람들한테 물어보고 싹 걷어서 갈아버리기 6. 스캔뜰 서류 있는지 주변 사람들한테 물어보고 스캔 도와주기 7. 정리가 필요한 서류 있는지 물어보고..."
우울할 때 할 수 있는 것,"안 좋은 일들이 연달아 발생하면 사람은 우울해지기 쉽습니다. 그런 상황에서는 무시하지 마시고 자신의 마음을 자세히 들여다보아야 한다고 생각합니다. 그렇지...상태까지 여러 가지가 겹쳐 마음이 무겁습니다. 이런 때일수록 자신을 돌보는 것이 중요하다는 것을 깨닫게 됩니다. 자신의 불편한 감정을 인정하고, 필요..."
[每月] 날은 밝지만 어딘가 우중충😴 / 8월 중간점검 Ver. / 천천히 시간 보내보기🧚‍♂️,"싶다! 하면 킹크랩을 추천드리와용 할인할 때 구매하면 정말 최고랍니당 고급진(?) 저녁 한우구이를 먹었어여 사실 이날은 하루종일 먹은 게 딱히 없어서...코칭도 받고, 여러가지 적성 검사도 해보고, 상담도 할 수 있는 좋은 기회라고 해서 해봤어요! 아직 1회차밖에 안해봤지만,, 나쁘지 않을 것 같다는 예감..."
2024년 8월 20일 오늘의 운세,"적용했을 때 예상치 못한 훌륭한 결과를 낼 수 있습니다. 재정 운도 상승세를 타고 있으며, 독특한 재테크 방안을 활용하는 것도 행운을 가져오는 방법이 될 것입니다. 애정운 ★★★☆☆ 양쪽의 관계가 다소 긴장해 있으며, 작은 말다툼이 즉시 발생할 수 있습니다. 두어 마디 덜하는 것이 좋으며, 결과가 좋지 않도록..."
우울할땐 그림책 충동구매로 해소하기 by 알라딘중고서점 강남점,PC를 이용해서 검색하면 코너 번호와 위치를 알수 있답니다. 이걸 프린트 하면 바로바로 출력되네요. 계산하는 카운터 근처에는 예쁜 펜시용품들도 진열되어...카운터 언니 캄사해요😍 덕분에 편하게 들고 실컷 돌아 다녔어욤 이상 우울할때 그림책 사재기 충동구매로 스트레소 해소한 이야기였어요~ 저렴하고 ...
우울할 때도 있는 거지 뭐,"생각하면 좋겠습니다. 개운하게 눈을 뜨는 아침이 있는가 하면 한편 몽롱하고 몸이 으슬으슬한 채 깨는 아침도 있습니다. 몸 상태가 항상 개운하고 좋은 것은 아닌 것 처럼, 마음도 항상 건강하고 행복하기만 하지는 않지요. 가끔 찾아오는 몸살감기처럼, 우울함도 그런 시점으로 들여다보면 좋겠습니다. 몸살에..."
[일상/문화생활] 전시회 기록 :: 뭉크전 비욘드 더 스크림 관람후기 그리고 오징어순대,"뭉크하면 절규만 떠올리곤 하는데, 실제로 절규라는 작품을 지나갈 때 20분 정도 기다린 것 같다. 그렇지만 이번 뭉크전의 타이틀이 Beyond the scream인 만큼 그의 전체적인 생애와 작품을 다루고 있다. 실제로 작품 수도 꽤나 많으니 시간을 넉넉히 잡고 가시길 추천드린다. 이번 전시로 뭉크란 사람에 대해서 알아..."
난 기분이 우울할 때 식물을 사곤해,"쇼핑을 하면 기분이 조크등요 생각해보니 나만의 연례행사처럼 이곳을 오는거 같당 에르베플라워아울렛 경기도 용인시 처인구 남사읍 천덕산로 161 헤이...갑자기 유행인지 아니면 내가 지금 관심있어 눈에 들어 온건지 몰라도 전에 왔을 때 박쥐란 , 목부작들이 많이 없었는데 많이 생겨서 관심을 가지지 않을 수가..."
우울할 땐 뇌 과학 :: 앨릭스 코브,"p208 좋은 습관을 들이기 위해 해야 할 일, 살아가야 할 이유에 집중하기 p212 살아가야 할 이유에 집중하기 독일의 철학자 프리드리히 니체는 이렇게 말했다...지고 있으며, 측좌의 도파민 분비를 조절할 수 있는 전전두피질이다. 우울할 땐 뇌과학 감정은 통제할 수 없지만 환경은 통제 가능하다 p214 생산적인..."
“우울할땐 눈 딱 감고 5가지 실천하세요”,"Web MD가 밝힌 '우울증 치료를 위한 생활습관'을 다음에서 소개한다. ◇ 운동하기 우울할 땐 몸을 움직여야 기분이 개선된다. 그러나 우울증에 걸리면 소파에서 몸을 일으키는 것 조차 쉽지 않다. 몸이 무겁게 느껴져도, 가벼운 산책부터 시작하는 것은 어떨까. 운동을 하면 신체에서 '행복 호르몬'인 세로토닌이 촉진..."
우울할 땐 고기 앞으로? NO!…기분 전환 음식 따로 있어,필요한 단백질 보충제 ‘아보카도’ 아보카도에는 뇌가 필요로 하는 건강에 좋은 지방이 들어있다. 아보카도 열량의 4분의 3은 단일불포화지방에서 나오는데...낮은데도 식이섬유는 풍부해 다이어트에도 좋다. 우울할 땐 육류 피해야…포화지방산이 우울감 촉진 우울할 때 기피해야 할 음식과 습관들은 뭐가 있을까...
우울할 땐 고기 앞으로? NO!…기분 전환 음식 따로 있어,필요한 단백질 보충제 ‘아보카도’ 아보카도에는 뇌가 필요로 하는 건강에 좋은 지방이 들어있다. 아보카도 열량의 4분의 3은 단일불포화지방에서 나오는데...낮은데도 식이섬유는 풍부해 다이어트에도 좋다. 우울할 땐 육류 피해야…포화지방산이 우울감 촉진 우울할 때 기피해야 할 음식과 습관들은 뭐가 있을까...
우울할 땐 고기 앞으로? NO!…기분 전환 음식 따로 있어,필요한 단백질 보충제 ‘아보카도’ 아보카도에는 뇌가 필요로 하는 건강에 좋은 지방이 들어있다. 아보카도 열량의 4분의 3은 단일불포화지방에서 나오는데...낮은데도 식이섬유는 풍부해 다이어트에도 좋다. 우울할 땐 육류 피해야…포화지방산이 우울감 촉진 우울할 때 기피해야 할 음식과 습관들은 뭐가 있을까...
우울할 때는 새생명 사랑의 콘서트! (장길자 회장님),"욱 처지고 움직이기 싫은 거 있죠 비야 가끔 내리면 자연에도 좋고 여러가지로 좋은 게 많은 건 아는데 들어보니 이번 주 내내 내린다고 해서 이건 좀 힘드네요...본부에서 매년 연말에 진행하는 행사인데요 단순히 가수들이 나와 공연만 하는 것이 아니라 주변의 어려운 이웃, 소외된 이웃들에게 먼저 다가가 기부를..."
우울할 땐 고기 앞으로? NO! 기분 전환 음식 따로 있어.,"필요한 단백질 보충제 '아보카도' 아보카도에는 뇌가 필요로 하는 건강에 좋은 지방이 들어있다. 아보카도 열량의 4분의 3은 단일불포화지방에서 나오는데, 특히...식이섬유는 풍부해 다이어트에도 좋다. 우울할 땐 육류 피해야...포화지방산이 우울감 촉진 우울할 때 기피해야 할 음식과 습관들은 뭐가 있을까? 우선..."
칭명염불을 하면 얼마나 좋은 일이 많이 있을까,"하면 얼마나 좋은 일이 많이 있을까 여러분! 칭명염불을 하면 얼마나 좋은 일이 많이 있는 줄 압니까? 내가 이 이야기를 하는 것은 보살이 되고 붓다가 되는 것...때문입니다. 여러분, 남편이 바람피우는데 바람 잡는다면 그 이상 바랄 것이 없을 거예요. 자식이 비뚤어져 나가는데 자식의 마음을 돌릴 수 있어요. 사람..."
소화 안될 때 하면 좋은 스트레칭 5가지,"소화 안될 때 하면 좋은 스트레칭 5가지 날씨가 추워지면 신체활동이 줄어들어 장의 운동이 둔화되면서 소화불량에 시달리기 쉽다. 뿐만 아니라 추위는 우리 몸...활동성이 떨어진다. 소화불량을 개선하기 위해 건강한 식습관을 가지는 것도 중요하지만, 평소 자세도 매우 중요한 역할을 한다. 소화를 방해하는 구부정한..."
소화 안될 때 하면 좋은 스트레칭 자세 5,주는 것이 큰 도움이 된다. 기지개를 펼 때 양 팔을 뻗고 상체를 최대한 늘리듯이 소화기관을 수시로 늘려 주면 위장 운동이 활발해지고 장내 가스 배출이 원활하게 이루어진다. 다음은 소화에 좋은 몇 가지 스트레칭 자세다. 고양이 자세 고양이 자세ㅣ출처: 게티이미지뱅크 고양이 자세는 가스 배출에 도움이 된다. ①...
스트레스 받거나 우울할 때 보기만 해도 좋아지는 색,받거나 우울할 때 보기만 해도 좋아지는 색 최근 일상에 지친 몸과 마음을 치유하고 스트레스에 도움을 주는 ‘컬러테라피’가 인기입니다. 실제로 눈으로...몸과 마음을 치유하는 컬러테라피 ‘컬러테라피’란 컬러와 테라피의 합성어이자 색깔이 각각 고유한 파장과 에너지가 있다는 것을 활용해 신체나 마음을 치료...
만날때 마다 하면 좋은말 25가지,마다 하면 좋은말 25가지 💖 1. 상대의 걷잡을 수 없는 화를 가라앉히는 말 : 미안해 2. 겸손한 인격의 탑을 쌓는 말 : 고마워 3. 상대의 어깨를 으쓱하게 하는 말 : 잘했어 4. 화해와 평화를 부르는 말: 내가 잘못했어 5. 존재감을 쑥쑥 키워주는 말 : 당신이 최고야 6. 상대의 기분을 '업' 시키는 말 : 오늘 아주 멋져...
매일 하면 좋은것들 중에 뭐가 있을까요?,집에서 일하는 사람인데 시간날 때마다 뭐하면 좋을까 싶어서요 5분이라도 매일 하면 좋을만한거 없을까요?
스트레스 받거나 우울할 때 보기만 해도 좋아지는 색,옐로 밝고 긍정적인 기운을 가져다주는 노란색은 심리적으로 위축될 때 가까이하면 좋은 컬러입니다. 노란색을 좋아하는 사람들은 어떤 상황에 맞닥뜨렸을 때...성향을 가지고 있다면 방 벽지를 분홍색으로 하여 진정 효과를 주는 것도 좋습니다. 분홍색에 유난히 집착을 한다면 애정 결핍이 있을 수 있으므로 취미...
우울할 때 기불 풀어주는데 도와주는 단월드 기체조,2. 자신에 대한 믿음의 정보를 뇌에 입력하는 것은 자신감 회복에 가장 좋은 방법으로 자신감이 생기면 우울함도 사라진다. 3. 두 손을 살며시 가슴에 얹은 채...쉽죠잉~~~ 누구나 할 수 있는 단월드 기체조를 틈틈이 하면 도움이 많이 되는데요. 저는 우울할 때 밖에 나가는게 부담스러웠는데요. 실내에서 하는데...
만날때 마다 하면 ㅡ좋은말 25가지 ㅡ 영혼을 일깨우는 ㅡ 벗을 찾아라ㅡ 좋은 친구란 내 모자람을 채워 주는 존재 입니다.ㅡ,마다 하면 좋은말 25가지 1. 상대의 걷잡을 수 없는 화를 가라앉히는 말 : 미안해 2. 겸손한 인격의 탑을 쌓는 말 : 고마워 3. 상대의 어깨를 으쓱하게 하는 말 : 잘했어 4. 화해와 평화를 부르는 말: 내가 잘못했어 5. 존재감을 쑥쑥 키워주는 말 : 당신이 최고야 6. 상대의 기분을 '업' 시키는 말 : 오늘 아주 멋져...
상가데크 설치를 합성목재로 하면 좋은 이유!,"대해 포스팅 해보려고 ... blog.naver.com 상가데크 설치를 합성목재로 하면 좋은 이유가 이렇게 많은데 한가지를 더 뽑자면 오염 발생시 서늘할 때 중성세제로...수 있으며, 낮과 밤 그리고 어떠한 상가 분위기와도 잘 어울린다 는 것이네요. 이렇게 상가데크 설치를 합성목재로 하면 좋은 이유에 대해 써보면서 합성..."
우울할 때 하면 좋은것,운동 친구 만나기 산책 맛있는거 먹기 또 뭐 있을까영
우울할때 볼 영화 추천해주세요!,"재밌는 영화를 봐도 웃음이 나오지 않을때가 있는데 지금 제가 그 상태인 것 같아요 아무 감정없이 사는 것 같은 느낌입니다.. 아무 생각 없이 사는게 오히려 좋은 것 같지만 위로를 얻고 싶은 마음이 한켠 있는 것 같네요 우울할때 볼 영화 추천해주세요! 대장, 카롱님들이 최근에 재밌게 봤던 영화나 드라마도 괜찮아요🙂"
단월드 다이어트]다이어트 할때 하면 안되는 것,"어떻게 해야하는지에 관심을 기울입니다. 어떤 것을 먹어야 하고, 어떤 운동을 해야하고 등등.. 좋은 것을 먹고 좋을 것을 행하는 것도 중요하지만 먼저 건강을 지키려면 하면 안되는 것들을 멀리하는 것이 좋겠습니다. 다이어트 할때도 마찬가지 입니다. 단월드 다이어트]다이어트 할때 하면 안되는 1. 음식물 뱉어..."
장이 안좋은 시기에는...일주일에 한번만 하면 수익 날 것으로 봅니다. 아무리 팍팍하고..세력들은 눈에 불을 켜고 개미핥기를 하려고 똘,"번만 하면 수익 날 것으로 봅니다. 아무리 팍팍하고..세력들은 눈에 불을 켜고 개미핥기를 하려고 똘마니들(유튜브,단톡방장들,sns보내는 알바들,전자신문,신호창에 연속으로 매수신호 올리기, 등등 모든 페이크기법)을 총동원령을 내립니다. 그렇게 과하게 해서..날마다 삥뜯어서 채워야하는 목표량에 도달해서 또..."
우울할 땐 뇌과학,"생각을 하면, 네 아이와 가족을 떠올리면 힘을 낼 수 있을 거”라고. “너보다 더 상황이 안 좋은 사람도 나름 잘 살고 있다”고. 국내에만 성인 535만 명, 즉 8명 중 1명꼴로 발병해 감기처럼 흔한 병으로 일컬어지는 우울증에 대해 우리는 무엇을 얼마나 알고 있을까. 우울증을 흔히 ‘마음의 골절, 마음의 질환..."
스트레칭 자주 하면 좋은 진짜 이유,"하면 좋은 이유, 미국 건강정보 매체 ‘예방(Prevention)’에서 소개한 내용으로 알아본다. 나른함이나 뻐근함을 줄여준다 스트레칭을 하면 혈류가 증가해 뇌에...좋아진다 실수로 무언가 밟고 넘어질 뻔한 경험은 누구나 있을 것이다. 스트레칭을 하면 균형감각이 좋아져 넘어질 위험이 적어질 수 있다. 움직임의 범위..."
우울할떄 하면 좋은것ㅠㅠㅠㅠ!!,오늘 너무 우울해요ㅠㅠ 날씨도 안좋고 기분도 별로고 ㅠㅠㅠㅠㅠ 기분전환좀 하고싶은데 우울할떄 하면 좋은것좀 추천재 주세요 ㅠㅠㅠㅠ
곳곳에 내리는 소나기! 변덕스러운 날씨때문에 기분이 우울할때 하면 좋은 단월드 명상법!,곳곳에 내리는 소나기! 변덕스러운 날씨때문에 기분이 우울할때 하면 좋은 단월드 명상법! 안녕하세요. 앨리스입니다. 요즘 날씨가 참 이상하죠? 어제는 강원도에 폭우가 쏟아져 집이 다 잠겨버렸다고 해요. 이상하게 우리 기분도 영향을 받는 것 같아요. 스트레스를 받게 되면 가슴 정중앙에 있는 기운의 통로가 막혀...
교회신문 ＞ 제 1173호 마음과 몸이 우울할 때 나타나는 증상은?,"몸이 우울할 때 나타나는 증상은? 우울증은 슬프고 불안하거나 분노, 초조함, 무관심과 같은 마음이 2주 이상 진행이 된 경우를 말합니다. 정신질환 중에 가장 높은 비율을 가진 우울증은 삶의 질을 떨어뜨리는 질환으로 정신적인 영향뿐 아니라 신체에도 영향을 미치는데, 오늘은 신체적인 증상에 대해서 알아보려고..."
사랑을 하면 좋은 일 생긴다,"지는 것입니다. 그런데 깨어 있을 때에도 ""알파파""가 나올 때가 있습니다. 바로 사랑 할 때 입니다. 사랑 할 때 마음이 흐뭇하고 기분이 좋은 것은 뇌 속에서 ""알파파""가 나오는 동시에 엔돌핀이 분비되기 때문 입니다. 따라서 사랑을 하면 병도 빨리 낫고 사랑하는 사람을 위해 행동하면 피로한 것도..."
💌 우울할 때 편지를 써달라고 부탁한 나의 천사에게요~,"그들의 외모에 대해 너무 표현적이어서 그것이 그들을 대표하는 것을 보고 저는 제 여동생들과 제가 매일 보는 사람들로부터 질투를 느꼈습니다.🥲🥲🥲 저는...몸이 싫어서 자존감이 낮은 것 아닐까요?""라고 생각했습니다? 저는 제 자신이 좋은 자존감을 가질 수 있도록 충분히 멋져 보이고 싶습니다."" 그리고 저는 그 과정..."
제가 신고한 내용 + 제보 때 하면 좋은 말들 정리..,이런 내용으로 얘기를 하면 비교적 안전한 신고가 되지 않을까 싶어요. 제가 이 원격 뇌해킹 범죄에 대해 많이 아는것도 아니고.. 참고 정도로만 생각하시면 될것 같아요. - 미국은 오바마 대통령 때.. 이 뇌해킹 피해자들을 국회로 불러 들여서 피해사실을 들어준거.. (영상도 인터넷 상에 많이 돌고 있고.. 이게 첫째...
"좋은 생각을 하면,그 생각대로...",상식으론... 좋은 생각을 하면 그 생각대로 그 반대 되는 생각을 하면 그 생각대로... 경험치로 보면 그 확율에 근접! 그래서 '기도'가...... (내 생각...할 이유를 알게 해 주었고 나를 산산조각으로 만들어 놓은 것 같았던 절망들은 도리어 일어서야 한다는 것을 일깨워 주었다. 힘들고 어려웠던 순간들 때문에...
"좋은 생각을 하면,그 생각대로...",상식으론... 좋은 생각을 하면 그 생각대로 그 반대 되는 생각을 하면 그 생각대로... 경험치로 보면 그 확율에 근접! 그래서 '기도'가...... (내 생각...할 이유를 알게 해 주었고 나를 산산조각으로 만들어 놓은 것 같았던 절망들은 도리어 일어서야 한다는 것을 일깨워 주었다. 힘들고 어려웠던 순간들 때문에...
심심하거나 살짝 우울할 때 하면 좋은 꿀팁 feat카페앱,1. 말머리를선택한다 2. 사생대회를선택 아무글이나들어가서 웃는다 심심할때보면조눗ㅋㅋㅋㅋ
좋은 말을 하면 좋은 사람이되고 ...외1건 [김정한회장님의 카톡에서],"읽어서 좋은이야기 💙 장년보감 💙 나이가 들면 반드시 다섯곳을 가까이 하라고 전문가는 말한다. ●첫째 병원이 가까히 있어야 한다. 혈압, 당뇨, 고지혈은 내...먼거리 갈 수 있고, ●다섯째 이왕이면 자식도 가까히 있어야 위급할 때 단 한번이라도 도움 받을 수 있다. 전원주택과 별장이 좋다지만, 그것도 50~60대..."
(조공짤 첨부)공부하다가 우울할때 먹으면 좋은것좀 추천해주세요,공부하다가 우울할때 한입만 먹어도 홍콩다녀온것처럼 기분이 좋아지면서 황홀해지는 그런 간식좀 추천해주세요
2-4 초4여 / 자기 좋은것만 하려고 하고 못하게 하면 기분이 잘 상합니다.,"좋은 것만 하고, 싫은 것은 하지 않으려고 하니 , 어머님 입장에서는 그렇게 하면 친구들 사귀기도 힘들어지고, 배울 수 있는 것도 한정될 수 있으니 걱정이...하기 싫은 것을 해야할 때 기분이 좋아 지지 않아서 그런 건 피하고 자기 좋은 것만 하려고 하는 건 아직은 그것에 대한 감정이 좋지 않게 남아있어서 이고..."
"우울할때 하면 좋은게 뱡청소하기, 자신만을 위한 요리하기 이런거잖아",ㄹㅇ 주말동안 그렇게 했는데 우울감 날아가는 느낌이다 너무좋아
[신앙수필4.좋은 것이 올때]34.좋은 것이 올 때,돌아오기만 하면 사정을 달라진다. 입술을 열어서 주를 구주로 고백하면 놀라운 인생의 변화를 체험하게 된다. 참된 회개는 예수를 영접하여 이 세상을 살아가는 것이다. 오직 주의 의와 공로만 의지하는 것이야말로 참된 안식과 평강에 들어가는 첩경이다. 주께서는 말씀하시기를 “ 수고하고 무거운 짐진 자들아 다 내...
맑고 좋은 생각만 하면 좋겠습니다 - 신장이 나빠지는 이유 및 해결법,"이렇게 하면 신장에 손상을 쉽게 주게 됩니다. 과도하게 차가운 환경은 신장의 혈액순환에 영향을 주고 순환이 나쁘게 되면 쉽게 팽창되면서 일부 혈관은 쉽게 파열되고, 이로 인하여 심하게 되면 소변이 혈이 같이 나오게 됩니다. 네프론(Nephron))에 혈액공급에 문제가 생기게 되는데요, 네프론이 위축되거나 또는..."
중국인하고 인터넷에서 한국문화뺏기로 싸움이 붙을때 하면 좋은 말,"인하고 한국문화베끼거나 자기거라 우기는 중국의 행태로 싸움이 붙을때 해주면 좋은 말이 있습니다. ""니네 중국애들은 원래 일본 쪽 문화 베끼기를 좋아하고 일본이 자기네 후손이라고 우기던 애들인데 원래 하던데로 일본쪽이나 베낄 것이지 왜 이제는 한국이냐? 일본이 인기있고 아시아에서 잘나갈는 일본거..."
"잡생각으로 골치 아플 때, 하면 좋은 긴장 이완 호흡법","몸을 스캔하면서 호흡으로 긴장을 풀어간다 8) 마지막으로 온몸의 느낌을 관찰한다. 손발이 따듯해지거나, 몸이 묵직하게 가라앉거나, 근육에 기분 좋은 떨림이 일거나는 것이 느껴지면 몸과 마음의 긴장이 풀렸다는 증거 ! 시간 여유가 있으면, 지금부터 마음 관찰 지금 일어나는 모든 것은 과거 내 행동의 결과물..."
우울할 때 무얼하면 좋은감?,[매표소] 글 작성 시 검색/daum/kakao 설정 허용 체크박스를 해제해 주세요 아직도 못찾았다 방법을 오늘 넘 기분이 우울한디 우동들의 방법을 전수받고파
우울할때 읽으면 좋은글,"읽으면 좋은글.. 이 야기를 제가 우울했을때 친구가 해주었던 이야기인데요,. 은근히 웃기더라구요.. 그래서 올려 보아요.. 다른분들도 우울할때 한바탕 웃으시고 힘내시길 바라면서.. 시작합니다.. ♥♥♥♥♥♥♥♥♥♥♥♥♥♥♥♥♥♥♥♥♥♥♥♥♥♥♥ 어늘날 비행기를 타고 가다가 추락사고로 인하여 세사람이..."
우울할때 읽으면 좋은글,"분들도 우울할때 한바탕 웃으시고 힘내시길 바라면서.. 시작합니다.. 어늘날 비행기를 타고 가다가 추락사고로 인하여 세사람이 무인도에 떨어졌어요.. 그 주인공들은 미국인, 한국인, 일본인 이렇게 3사람이 었답니다. 그런데 그 무인도에서 살아나가기 위해서 주변을 찾던 도중 그곳에 식인종이 살고 있는 거에요.. 그..."
기분이 우울할 때 좋은 요가,기분이 우울할 때 좋은 요가 운동 기간 1일 운동 시간 15분 힐링효과 마음 치유 개요 우울한 기분은 마치 늪으로 끌어내리는 것과 같이 몸과 마음을 축 처지게 한다. 이 프로그램을 통해 몸의 기혈 순환을 촉진하여 우울함을 날리고 기분을 전환해보자! 프로그램 구성 ※ 본 운동 전에 먼저 요가 준비운동으로 몸을 풀어...
[우울한날]우울할때 먹으면 좋은 음식,우울할 때 먹으면 좋은 음식 우울할때는 어떻게 하면 좋을까요? 우울할때 초콜렛이나 달콤한 음식을 먹으면 초콜렛에는 신경을 안정시켜주는 마그네슘과 기분을 좋게 해주는 화학물질인 엔돌핀이 함유돼있다고 합니다. 초콜렛을 이용한 요리법과 달콤한 음식들을 만들어서 먹어보세요~ 기분이 한결 좋아질꺼예요~ 딸기...
우울할때좋은글★우울할때좋은글 `무조건 걸어라`,우울할때좋은글＃ 살다보면 우울한 기분에 휩싸여서 아무것도 하기싫을때가 있습니다. 그럴때 가장좋은 방법은 !? 집에 꼭꼭숨어서 신세를 한탄하지 마세요...지금 한발짝부터 시작합니다. 일이 막힐때는 무조건 걸어라 삶에서 부딪히는 문제에 맞서는 최고의 방법은 잡념이 생기지 않은 몸을 만드는 것입니다. 운동을...
"요즘처럼 기분 우울할 때 가장 좋은 방법, 걷기","요즘처럼 기분 우울할 때 가장 좋은 방법, 걷기 어떻게 걷는게 좋을까 부쩍 쌀쌀해진 날씨에 몸과 마음이 움츠러들기 쉬운 시기다. 이러한 때에 무리한 운동을...위한 적절한 운동이 바로 ‘겨울 보약’인 것이다. 잘 알려진 대로 운동을 꾸준히 하면 심폐 기능과 대사 기능이 향상될 뿐만 아니라, 면역력을 길러줘..."
우울할 때 '이것' 하면 기분 좋아져,이것' 하면 기분 좋아져 © 제공: 헬스조선 우울할 때 일단 몸을 움직이자. 신체 활동이 우울감을 줄일 뿐 아니라 뇌에도 긍정적인 변화를 준다는 연구 결과가 나왔다. 독일 보품 루르대학 정신건강 및 심리 치료 뤼베케 의대 카린 로젠크란츠(Karin Rosenkranz) 교수팀은 신체 활동이 우울감에 주는 영향을 확인하기...
수험생 혹은 우울할 때 듣기 좋은 노래 BEST,할까하면 잠은 쏟아지고 괜히 바빴던 하루 내게 남은 건 뭘까 허무하기만 해 알 수가 없는 친구들 얘기 언제부터 이만큼 멀어진 건지 그저 옛날 얘기만 하다...멋쩍은 웃음만 Sunshine like a blessing in disguise 때론 나만 혼자 뒤쳐진 것 같아 A Ray of sunshine like a blessing in disguise 가끔은 너무 힘들어 나...
불안·우울할 때 먹으면 좋은 음식 5가지,불안·우울할 때 먹으면 좋은 음식 5가지 글 김연중 기자 매일 자연스럽게 단것에 손이 간다면 스트레스를 잠시 덜어주는 단맛에 중독되었을 확률이 높다. 그러나 이러한 음식은 스트레스를 잠시 덜어주는 효과를 낼뿐 사실은 그렇지 않다. 단 음식뿐 아니라 대부분의 인스턴트 음식도 같다. 어떠한 음식을 섭취하느냐에...
갑갑하고 우울할때 이렇게 하면.......,"갑갑허고 우울할땐 이렇게 해 보십시요!! 새벽시장에 한번 가보십시요. 밤이 낮인듯 치열하게 살아가는 상인들을 보면 힘이 절로 생깁니다. 그래도 힘이 나질...내발 아래 있지 않습니까. 그리고 큰 소리로 외쳐보십시요. ""난 큰 손이 될 것이다"" 흐흐 이상하게 쳐다보는 사람 분명 있습니다. 그럴땐 .. 실실 쪼개..."
우울할 때 '이것' 하면 기분 좋아져,이것' 하면 기분 좋아져 © 제공: 헬스조선 우울할 때 일단 몸을 움직이자. 신체 활동이 우울감을 줄일 뿐 아니라 뇌에도 긍정적인 변화를 준다는 연구 결과가 나왔다. 독일 보품 루르대학 정신건강 및 심리 치료 뤼베케 의대 카린 로젠크란츠(Karin Rosenkranz) 교수팀은 신체 활동이 우울감에 주는 영향을 확인하기...
우울할때먹으면 좋은 식품,'우울할때 먹으면 좋은 신기한 음식' 겨울이라는것이 날씨가 춥고 해가 짧아지면서 기분이 자주 울적해지는 분들이 있을수 있습니다. 실제 일조량이 부족하게되면 기분을 좋게 만드는 호르몬인 세로토닌 분비가 감소하게되어 이런증상을 느낄수 있다고 합니다. 오늘은 그럼 우울증을 날려보낼수있는 음식에대해서 언급...
[초급 영자신문 공부방]우울할 때 해야 할 것들,질 것 같아. 난 신선한 공기를 쐬고 싶어. 애니: 그거 좋은 생각이야! 난 스트레스를 받거나 우울할 때 종종 공원에 가서 달리기를 해. 그러면 기분이 나아져...떨어도 기분이 좋아져. 잭: 무슨 말인지 알겠어. 저번에 나도 짜증나는 일에 대해 친한 친구에게 말했더니 기분이 좋아졌어. 좋은 친구보다 좋은 것은 없는...
우울할때 먹으면 좋은 신기한 음식,◈우울할때 먹으면 좋은 신기한 음식◈ 첫째; 카레 카레에 재료로 쓰이는 강황에는 커큐민 성분이 풍부한데 이 성분은 우울함을 개선하는데 큰 도움을 줍니다...공포에 대한 기억을 지우고 무섭고 두려운 기억이 뇌속에 새로 저장되는 것을 막아주는 효과가 있다고 합니다. 둘째; 호두 하버드 대학 연구팀이 발표한 임상...
우울할때 먹으면 좋은 신기한 음식,🍦 우울할때 먹으면 좋은 신기한 음식 오늘은 우울증을 날려보낼수있는 음식에 대해서 언급하려합니다. 첫째. 카레 카레에 재료로 쓰이는 강황에는 커큐민 성분이...과거 공포에 대한 기억을 지우고 무섭고 두려운 기억이 뇌속에 새로 저장되는 것을 막아주는 효과가 있다고 합니다. 둘째. 호두 하버드 대학 연구팀이...
우울할 때 먹으면 좋은 신기한 음식,🍦 우울할 때 먹으면 좋은 신기한 음식 오늘은 우울증을 날려보낼수있는 음식에 대해서 언급하려합니다. 첫째. 카레 카레에 재료로 쓰이는 강황에는 커큐민 성분...과거 공포에 대한 기억을 지우고 무섭고 두려운 기억이 뇌속에 새로 저장되는 것을 막아주는 효과가 있다고 합니다. 둘째. 호두 하버드 대학 연구팀이 발표...
우울할때 먹으면 좋은 신기한 음식,우울할때 먹으면 좋은 신기한 음식 첫째; 카레 카레에 재료로 쓰이는 강황에는 커큐민 성분이 풍부한데 이 성분은 우울함을 개선하는데 큰 도움을 줍니다. 실제...과거 공포에 대한 기억을 지우고 무섭고 두려운 기억이 뇌속에 새로 저장되는 것을 막아주는 효과가 있다고 합니다. 둘째; 호두 하버드 대학 연구팀이 발표...
우울할때 먹으면 좋은 신기한 음식,'우울할때 먹으면 좋은 신기한 음식' 요즘 코로나로 인해 기분이 자주 울적해지는 분들이 있을 수 있습니다. 오늘은 그럼 우울증을 날려보낼수있는 음식에대해서...과거 공포에 대한 기억을 지우고 무섭고 두려운 기억이 뇌속에 새로 저장되는 것을 막아주는 효과가 있다고 합니다. 둘째; 호두 하버드 대학 연구팀이...
우울할때 먹으면 좋은 신기한 음식,'우울할때 먹으면 좋은 신기한 음식' 겨울이라는것이 날씨가 춥고 해가 짧아지면서 기분이 자주 울적해지는 분들이 있을수 있습니다. 실제 일조량이 부족하게되면 기분을 좋게 만드는 호르몬인 세로토닌 분비가 감소하게되어 이런증상을 느낄수 있다고 합니다. 오늘은 그럼 우울증을 날려보낼수있는 음식에대해서 언급...
Re:우울할때 먹는 좋은약...^^,"담배....! 힘들땐.., 최고져.., 그리고.., 이약을 많이 복용을 하면.., 잠도 잘 온답니다...^^ 나는..., ^^; 위로가 될진 모르지만.., 힘들어 하지 마세요...마음은 울적하구.... 그냥 게시판에 글이라도 쓰면 좀 나아질까~~해서..^^;;;; 우울할때 먹는 조~은 약이라도 없을까? 아님..이럴때 먹으면 깨지않고 잘 수 있는..."
우울할때 먹으면 좋은 신기한 음식,🍦 우울할때 먹으면 좋은 신기한 음식 오늘은 우울증을 날려보낼수있는 음식에 대해서 언급하려합니다. 첫째. 카레 카레에 재료로 쓰이는 강황에는 커큐민 성분이...과거 공포에 대한 기억을 지우고 무섭고 두려운 기억이 뇌속에 새로 저장되는 것을 막아주는 효과가 있다고 합니다. 둘째. 호두 하버드 대학 연구팀이...
우울할때 먹으면 좋은 신기한 음식,우울할때 먹으면 좋은 신기한 음식 첫째; 카레 카레에 재료로 쓰이는 강황에는 커큐민 성분이 풍부한데 이 성분은 우울함을 개선하는데 큰 도움을 줍니다. 실제...과거 공포에 대한 기억을 지우고 무섭고 두려운 기억이 뇌속에 새로 저장되는 것을 막아주는 효과가 있다고 합니다. 둘째; 호두 하버드 대학 연구팀이 발표...
우울할때 먹으면 좋은 신기한 음식,우울할때 먹으면 좋은 신기한 음식 첫째; 카레 카레에 재료로 쓰이는 강황에는 커큐민 성분이 풍부한데 이 성분은 우울함을 개선하는데 큰 도움을 줍니다. 실제...과거 공포에 대한 기억을 지우고 무섭고 두려운 기억이 뇌속에 새로 저장되는 것을 막아주는 효과가 있다고 합니다. 둘째; 호두 하버드 대학 연구팀이 발표...
우울할때 먹으면 좋은 신기한 음식,🍦 우울할때 먹으면 좋은 신기한 음식 오늘은 우울증을 날려보낼수있는 음식에 대해서 언급하려합니다. 첫째. 카레 카레에 재료로 쓰이는 강황에는 커큐민 성분이...과거 공포에 대한 기억을 지우고 무섭고 두려운 기억이 뇌속에 새로 저장되는 것을 막아주는 효과가 있다고 합니다. 둘째. 호두 하버드 대학 연구팀이...
'우울할때 먹으면 좋은 신기한 음식','우울할때 먹으면 좋은 신기한 음식' 겨울이라는것이 날씨가 춥고 해가 짧아지면서 기분이 자주 울적해지는 분들이 있을수 있습니다. 실제 일조량이 부족하게되면 기분을 좋게 만드는 호르몬인 세로토닌 분비가 감소하게되어 이런증상을 느낄수 있다고 합니다. 오늘은 그럼 우울증을 날려보낼수있는 음식에대해서 언급...
우울할때 먹으면 좋은 신기한 음식,🍦 우울할때 먹으면 좋은 신기한 음식 오늘은 우울증을 날려보낼수있는 음식에 대해서 언급하려합니다. 첫째. 카레 카레에 재료로 쓰이는 강황에는 커큐민 성분이...과거 공포에 대한 기억을 지우고 무섭고 두려운 기억이 뇌속에 새로 저장되는 것을 막아주는 효과가 있다고 합니다. 둘째. 호두 하버드 대학 연구팀이...
우울할때선물받으면 늠나좋은것,오늘쇼챔1위도하고 한참 우울했는데....모든게 부럽고 별거아닌거에 상처받고 눈물나던 나였는데 워너원을 너무 못봐서 나만큼 심한사람 있나싶을정도인데 이렇게 아는지인이 저에게 좋은 선물을 줬어요! 민현군미러ㅠㅠ 거기다 가지고싶어도 품절되서 못가진 키링ㅠㅠ 걍 감동의 쓰나미입니다 팬싸광탈 내인생에 워너원...
우울할때 먹으면 좋은 신기한 음식,우울할때 먹으면 좋은 신기한 음식 첫째; 카레 카레에 재료로 쓰이는 강황에는 커큐민 성분이 풍부한데 이 성분은 우울함을 개선하는데 큰 도움을 줍니다. 실제...과거 공포에 대한 기억을 지우고 무섭고 두려운 기억이 뇌속에 새로 저장되는 것을 막아주는 효과가 있다고 합니다. 둘째; 호두 하버드 대학 연구팀이 발표...
우울할때 먹으면 좋은 신기한 음식,🍦 우울할때 먹으면 좋은 신기한 음식 오늘은 우울증을 날려보낼수있는 음식에 대해서 언급하려합니다. 첫째. 카레 카레에 재료로 쓰이는 강황에는 커큐민 성분이...과거 공포에 대한 기억을 지우고 무섭고 두려운 기억이 뇌속에 새로 저장되는 것을 막아주는 효과가 있다고 합니다. 둘째. 호두 하버드 대학 연구팀이...
우울할때 먹으면 좋은 신기한 음식,🍦 우울할때 먹으면 좋은 신기한 음식 오늘은 우울증을 날려보낼수있는 음식에 대해서 언급하려합니다. 첫째. 카레 카레에 재료로 쓰이는 강황에는 커큐민 성분이...과거 공포에 대한 기억을 지우고 무섭고 두려운 기억이 뇌속에 새로 저장되는 것을 막아주는 효과가 있다고 합니다. 둘째. 호두 하버드 대학 연구팀이...
우울할때 먹으면 좋은 신기한 음식,🍦 우울할때 먹으면 좋은 신기한 음식 오늘은 우울증을 날려보낼수있는 음식에 대해서 언급하려합니다. 첫째. 카레 카레에 재료로 쓰이는 강황에는 커큐민 성분이...과거 공포에 대한 기억을 지우고 무섭고 두려운 기억이 뇌속에 새로 저장되는 것을 막아주는 효과가 있다고 합니다. 둘째. 호두 하버드 대학 연구팀이...
우울할때 먹으면 좋은 신기한 음식,🍦 우울할때 먹으면 좋은 신기한 음식 오늘은 우울증을 날려보낼수있는 음식에 대해서 언급하려합니다. 첫째. 카레 카레에 재료로 쓰이는 강황에는 커큐민 성분이...과거 공포에 대한 기억을 지우고 무섭고 두려운 기억이 뇌속에 새로 저장되는 것을 막아주는 효과가 있다고 합니다. 둘째. 호두 하버드 대학 연구팀이...
우울할때 먹으면 좋은 신기한 음식,🍦 우울할때 먹으면 좋은 신기한 음식 오늘은 우울증을 날려보낼수있는 음식에 대해서 언급하려합니다. 첫째. 카레 카레에 재료로 쓰이는 강황에는 커큐민 성분이...과거 공포에 대한 기억을 지우고 무섭고 두려운 기억이 뇌속에 새로 저장되는 것을 막아주는 효과가 있다고 합니다. 둘째. 호두 하버드 대학 연구팀이...
우울할때 먹으면 좋은 신기한 음식,🍦 우울할때 먹으면 좋은 신기한 음식 오늘은 우울증을 날려보낼수있는 음식에 대해서 언급하려합니다. 첫째. 카레 카레에 재료로 쓰이는 강황에는 커큐민 성분이...과거 공포에 대한 기억을 지우고 무섭고 두려운 기억이 뇌속에 새로 저장되는 것을 막아주는 효과가 있다고 합니다. 둘째. 호두 하버드 대학 연구팀이...
우울할때 먹으면 좋은 신기한 음식,우울할때 먹으면 좋은 신기한 음식♧ 동대성추천 0조회 223.05.18 19:51댓글 0 북마크공유하기기능 더보기 오늘은 우울증을 날려보낼수있는 음식에 대해서 언급...과거 공포에 대한 기억을 지우고 무섭고 두려운 기억이 뇌속에 새로 저장되는 것을 막아주는 효과가 있다고 합니다. 둘째. 호두 하버드 대학 연구팀이 발표...
우울할때 먹으면 좋은 신기한 음식,우울할때 먹으면 좋은 신기한 음식 첫째; 카레 카레에 재료로 쓰이는 강황에는 커큐민 성분이 풍부한데 이 성분은 우울함을 개선하는데 큰 도움을 줍니다. 실제...과거 공포에 대한 기억을 지우고 무섭고 두려운 기억이 뇌속에 새로 저장되는 것을 막아주는 효과가 있다고 합니다. 둘째; 호두 하버드 대학 연구팀이 발표...
우울할때 먹으면 좋은 신기한 음식,우울할때 먹으면 좋은 신기한 음식 첫째; 카레 카레에 재료로 쓰이는 강황에는 커큐민 성분이 풍부한데 이 성분은 우울함을 개선하는데 큰 도움을 줍니다. 실제...과거 공포에 대한 기억을 지우고 무섭고 두려운 기억이 뇌속에 새로 저장되는 것을 막아주는 효과가 있다고 합니다. 둘째; 호두 하버드 대학 연구팀이 발표...
우울할때 먹으면 좋은 신기한 음식,🍦 우울할때 먹으면 좋은 신기한 음식 오늘은 우울증을 날려보낼수있는 음식에 대해서 언급하려합니다. 첫째. 카레 카레에 재료로 쓰이는 강황에는 커큐민 성분이...과거 공포에 대한 기억을 지우고 무섭고 두려운 기억이 뇌속에 새로 저장되는 것을 막아주는 효과가 있다고 합니다. 둘째. 호두 하버드 대학 연구팀이...
우울할때 먹으면 좋은 신기한 음식,🍦 우울할때 먹으면 좋은 신기한 음식 오늘은 우울증을 날려보낼수있는 음식에 대해서 언급하려합니다. 첫째. 카레 카레에 재료로 쓰이는 강황에는 커큐민 성분이...과거 공포에 대한 기억을 지우고 무섭고 두려운 기억이 뇌속에 새로 저장되는 것을 막아주는 효과가 있다고 합니다. 둘째. 호두 하버드 대학 연구팀이...
우울할때 먹으면 좋은 신기한 음식,🍦 우울할때 먹으면 좋은 신기한 음식 오늘은 우울증을 날려보낼수있는 음식에 대해서 언급하려합니다. 첫째. 카레 카레에 재료로 쓰이는 강황에는 커큐민 성분이...과거 공포에 대한 기억을 지우고 무섭고 두려운 기억이 뇌속에 새로 저장되는 것을 막아주는 효과가 있다고 합니다. 둘째. 호두 하버드 대학 연구팀이...
우울할때 먹으면 좋은 신기한 음식,'우울할때 먹으면 좋은 신기한 음식' 겨울이라는것이 날씨가 춥고 해가 짧아지면서 기분이 자주 울적해지는 분들이 있을수 있습니다. 실제 일조량이 부족하게되면 기분을 좋게 만드는 호르몬인 세로토닌 분비가 감소하게되어 이런증상을 느낄수 있다고 합니다. 오늘은 그럼 우울증을 날려보낼수있는 음식에대해서 언급...
우울할때 먹으면 좋은 신기한 음식,♡우울할때 먹으면 좋은 신기한 음식♡ 일조량이 부족하게되면 기분을 좋게 만드는 호르몬인 세로토닌 분비가 감소하게되어 우울한 증상을 느낄수 있다고 합니다...의하면 커큐민이 과거 공포에 대한 기억을 지우고 무섭고 두려운 기억이 뇌속에 새로 저장되는 것을 막아주는 효과가 있다고 합니다. 둘째. 호두 하버드...
우울할때 먹으면 좋은 신기한 음식,정보 ♡우울할때 먹으면 좋은 신기한 음식♡ 일조량이 부족하게되면 기분을 좋게 만드는 호르몬인 세로토닌 분비가 감소하게되어 우울한 증상을 느낄수 있다고...실험 결과에 의하면 커큐민이 과거 공포에 대한 기억을 지우고 무섭고 두려운 기억이 뇌속에 새로 저장되는 것을 막아주는 효과가 있다고 합니다. 둘째...
당신이 우울할 때 보면 좋은 글.,[펌] 우울할 때 보면 좋은 것들 처음엔 누구나 별 생각이 없답니다. 큰 눈을 이리저리 굴리기만 하지요. 하지만 세상의 모진 풍파를 겪다 보면 당신도 조금씩 화가 나기 시작할 겁니다. 무언가 당신을 꼼짝하지 못하게 둘러싸고 있고. 어느새 당신은 단단한 것의 속에 가둬져 있다고 생각합니다. 남에게 싫은 소리를...
우울할때 보면 좋은 영상,음원 저작권 준수 * 상기 내용 위반시 징계를 받을 수 있습니다. * 항상 상대방을 배려하는 마음으로 글을 작성해 주시기를 부탁드립니다. 선거때만 일하는 것같은 스브스 2018지방선거 출구조사 인트로부터 몰입감을 주는 웅장함과 민주당의 압승을 보면 속이 후련하네요 ㅋㅋ 우울할때 한번씩 보면 기분좋아집니다 ㅋㅋ
우울할 때 '이것' 하면 기분 좋아져,코리아 우울할 때 일단 몸을 움직이자. 신체 활동이 우울감을 줄일 뿐 아니라 뇌에도 긍정적인 변화를 준다는 연구 결과가 나왔다. 독일 보품 루르대학 정신건강 및 심리 치료 뤼베케 의대 카린 로젠크란츠(Karin Rosenkranz) 교수팀은 신체 활동이 우울감에 주는 영향을 확인하기 위해 우울증 치료를 받는 환자 41명을...
우울할 때 보면 좋은 영화,"나타나는가 하면 함께 자자는 말을 거침없이 쏟아내며 예측불허의 행동으로 팻을 당황스럽게 만드는 그녀, 그런 티파니가 팻은 부담스럽기만 하다. 재생률 100%! 연애세포 복구프로젝트가 시작된다 쉽게 자신에게 넘어오지 않는 ‘팻’을 위해 티파니는 ‘헤어진 아내와의 재결합을 도와주는 대신, 자신과 함께 댄스..."
우울할 때 먹으면 좋은 음식,"한다. 우울할 때 먹으면 힘이 나는 음식, 미국 '잇디스낫댓'이 정리했다. ◆ 홍합 = 아연, 요오드, 셀레늄이 풍부하다. 모두 기분을 좌우하는 갑상선 건강에 기여하는 영양소들이다. 홍합에는 또 비타민 B12가 잔뜩 들어 있어서 두뇌를 젊고 건강하게 유지하는 데 도움이 된다. <행복한 다이어트>의 저자 드류 램지 박사..."
우울할 때 먹으면 좋은 음식,"한다. 우울할 때 먹으면 힘이 나는 음식, 미국 '잇디스낫댓'이 정리했다. ◆ 홍합 = 아연, 요오드, 셀레늄이 풍부하다. 모두 기분을 좌우하는 갑상선 건강에 기여하는 영양소들이다. 홍합에는 또 비타민 B12가 잔뜩 들어 있어서 두뇌를 젊고 건강하게 유지하는 데 도움이 된다. <행복한 다이어트>의 저자 드류 램지 박사..."
우울할 때 먹으면 좋은 음식 17가지,건강에 좋은 장내 세균을 활성화 시킨다.이 세균은 세로토닌이 생성되게 도와 준다. 지난 2011년 5월 하버드대학 연구팀이 임상영약학저널에 발표한 자료에 따르면 호두에 있는 식물성 오메가3 성분이 우울증을 예방한다. 호두 속 비타민 E도 우울증에 도움을 준다. 연어에 풍부하게 포함된 마그네슘이 한 기분을...
우울할때 읽으면 도움이 되는 좋은글....,"어쩔수 없는 여자인지라 말 한마디에 행동 하나에 바보 스럽게 내 마음속 당신을 담아 버릴수 있으니 진심이 아니라면 조금도 다가오지 말아 주세요. [좋은글, 우울할때]걸어나오기를 사람들은 당신을 기다리고 있습니다. 도착역에서 당신이 걸어 나오기를 기다리는 것처럼. 절망과 좌절에서 걸어 나오기를... 미움과..."
우울할때 먹으면 좋은 신기한 음식,"토마토를 먹는 사람은 한번도 토마토를 먹지 않은 사람보다 우울증 위험이 46프로 감소한 것으로 나타났는데요 이는 토마토의 풍부한 엽산과 비타민B가 우울감을...번째. 굴 굴에는 풍부하게 함유되어있는 아연! 이 아연이 우울증 치매 예방에 아주 좋은 효능이 있다고 합니다. 아홉번째. 해조류 다시마, 미역등의 해조..."
여자는 왜 굳이 힙합을 알아야 하는가 칸예 웨스트 내한을 맞아 쓰는 글,"시켰을때 계몽시키거나 타도해야 할, 부정적으로 깎아내려야 할 계도의 대상이 되는게 아니라 그 사람의 내면이자 개성이자 인간적인 모습으로 인정받고 인간의 지위를 누리는 것이긔 더쿠 - 역대 래퍼 최고매출 투어 2위 두고 경쟁 중인 두 래퍼 1. 트래비스 스캇 (Travis Scott) - Circus Maximus 투어 전체 61공연 중..."
우울할때 먹으면 좋은 음식,있을 때 먹으면 효과 좋다는 음식 ◈ 겨울이라는 것이 날씨가 춥고 해가 짧아지면서 기분이 자주 울적해지는 분들이 있을 수 있습니다. 실제 일조량이 부족하게...감소하게 되어 이런 증상을 느낄 수 있다고 합니다. 오늘은 그럼 우울증을 날려 보낼 수 있는 음식에 대해서 언급하려합니다. 첫째. 카레 카레에 재료로...
"우울할때 보기 좋은 영화 9 편, 브로딩 펌","완벽한 영화. 정말 최고의 가족 영화^^ 누군가를 사랑하는 것, 무엇인가 해야 할 때. 망설이지 말고 가슴이 원하는데로 움직여라. 그러면 분명 좋은 일이 일어 날 것이다. 오다기리 죠의 도쿄 타워 (2007) 인생은 그렇게 순식간에 왔다가 순식간에 가버리는 것이다. 눈 똑바로 뜨고 즐겁게 살아라. 오다기리 죠와 여배우..."
8월 25일 일요일 1시 반 빙그레선생님 강의,봤을 때 미움도 에너지 사랑도 에너지 미움 에너지가 더 크다 그래서 관심 받은 것으로 해석해서 더 아픈 것으로 내가 화를 내고 있었구나 그 화를 어머니가 에너지로 받아서 살고 있구나 관심 받으려고 훨씬 아픈 것 에너지 만큼 먹었다가 또 아프다 아프도록 그 쪽으로 몰아갔다 없는 살림에 보탬이 안 된다고 화를...
"우울할때 보기 좋은 영화 9 편, 브로딩 펌","완벽한 영화. 정말 최고의 가족 영화^^ 누군가를 사랑하는 것, 무엇인가 해야 할 때. 망설이지 말고 가슴이 원하는데로 움직여라. 그러면 분명 좋은 일이 일어 날 것이다. 오다기리 죠의 도쿄 타워 (2007) 인생은 그렇게 순식간에 왔다가 순식간에 가버리는 것이다. 눈 똑바로 뜨고 즐겁게 살아라. 오다기리 죠와 여배우..."
"우울할때 보기 좋은 영화 9 편, 브로딩 펌","완벽한 영화. 정말 최고의 가족 영화^^ 누군가를 사랑하는 것, 무엇인가 해야 할 때. 망설이지 말고 가슴이 원하는데로 움직여라. 그러면 분명 좋은 일이 일어 날 것이다. 오다기리 죠의 도쿄 타워 (2007) 인생은 그렇게 순식간에 왔다가 순식간에 가버리는 것이다. 눈 똑바로 뜨고 즐겁게 살아라. 오다기리 죠와 여배우..."
"공부가 안돼서 우울할 땐, 공부를 하면 돼","공부가 안돼서 우울할 땐, 공부를 하면 돼 내일 모레 해야 할 프레젠테이션, 400P가 넘어가는 독후감 과제, 이번 주가 마감인 자소서. 할 일은 쌓여있고, 할...감정을 해결하기 위한 방법은 생각보다 간단하다. 그냥 하면 돼. 사실 우리는 나에게 주어진 것을 너무 잘하고 싶은 마음에 일을 할 엄두가 나지 않는 이다..."
우울할때 먹으면 좋은 신기한 음식,"토마토를 먹는 사람은 한번도 토마토를 먹지 않은 사람보다 우울증 위험이 46프로 감소한 것으로 나타났는데요 이는 토마토의 풍부한 엽산과 비타민B가 우울감을...번째. 굴 굴에는 풍부하게 함유되어있는 아연! 이 아연이 우울증 치매 예방에 아주 좋은 효능이 있다고 합니다. 아홉번째. 해조류 다시마, 미역등의 해조..."
우울할때 먹으면 좋은 신기한 음식,"토마토를 먹는 사람은 한번도 토마토를 먹지 않은 사람보다 우울증 위험이 46프로 감소한 것으로 나타났는데요 이는 토마토의 풍부한 엽산과 비타민B가 우울감을...번째. 굴 굴에는 풍부하게 함유되어있는 아연! 이 아연이 우울증 치매 예방에 아주 좋은 효능이 있다고 합니다. 아홉번째. 해조류 다시마, 미역등의 해조..."
우울할때 먹으면 좋은 신기한 음식,"토마토를 먹는 사람은 한번도 토마토를 먹지 않은 사람보다 우울증 위험이 46프로 감소한 것으로 나타났는데요 이는 토마토의 풍부한 엽산과 비타민B가 우울감을...번째. 굴 굴에는 풍부하게 함유되어있는 아연! 이 아연이 우울증 치매 예방에 아주 좋은 효능이 있다고 합니다. 아홉번째. 해조류 다시마, 미역등의 해조..."
Re: 기분이 울적하고 우울할때 좋은음식은..,저같은 경우 우울할때는 초코렛이 가장 좋은것 같더라구요. 실제로도 우울하면 단것이 먹고 싶더라구요. 적당히 씹는 느낌이 있는 초코렛을 한번 드셔보세요
우울할때 먹으면 좋은 신기한 음식,"토마토를 먹는 사람은 한번도 토마토를 먹지 않은 사람보다 우울증 위험이 46프로 감소한 것으로 나타났는데요 이는 토마토의 풍부한 엽산과 비타민B가 우울감을...번째. 굴 굴에는 풍부하게 함유되어있는 아연! 이 아연이 우울증 치매 예방에 아주 좋은 효능이 있다고 합니다. 아홉번째. 해조류 다시마, 미역등의 해조..."
우울할때 먹으면 좋은 신기한 음식,"토마토를 먹는 사람은 한번도 토마토를 먹지 않은 사람보다 우울증 위험이 46프로 감소한 것으로 나타났는데요 이는 토마토의 풍부한 엽산과 비타민B가 우울감을...번째. 굴 굴에는 풍부하게 함유되어있는 아연! 이 아연이 우울증 치매 예방에 아주 좋은 효능이 있다고 합니다. 아홉번째. 해조류 다시마, 미역등의 해조..."
우울할때 읽으면 좋은글,"산다고.. 자식 기르느라 정신 없이 왠수처럼 지내다가 사십에 들어서 어느날 머리칼이 희끗해진 걸 보니 불현듯 가여워진다. 그리고 서로 굽은 등을 내보일 때쯤이면 철없고 무심했던 지난날을 용케 견디어준 서로가 눈물나게 고마워질 것이다. 사십대는..... 나이를 말하고 싶지 않은 나이, 아니 정확하게 말하면 확인..."
입주민 여러분 이의 신청서가 접수 되었습니다 . 임시 회의에 참석하여 주십시요.(긴글이지만 꼭! 필독 부탁드립니다.),제출하였을때 좋은생각이라 하셔서 긍정적인 결과를 기대하였지만 돌아온 답변은 규약 변경이 힘들고 민감한 사안이라고 하셔서 엄청 힘든일인줄만 알았는데 대표님들이 모여서 안건 상정하고 변경하면 되는것인줄은 생각지도 못하였습니다. 다시 한번 건의 드립니다. 각 세대에서 부과되는 비용들은 입주민 투표를...
우울할 때 읽으면 좋은 책 추천!,"부귀영화를 누리려고 이러나 라는 마음에 자괴감 + 무기력감이 오더라구요. 이직을 결정해 놓고도 당장 경제적 여유가 없어서, 그 짧은 백수 기간을 못 견딜 것 같구, 제가 너무 심란해 하니까 친구가 이 책을 선물해 주었는데, 읽다보니 조금씩 위로가 되다가 '번아웃 증후군'이라는 파트에서, 제가 아마 이 상태일 거..."
우울할때 먹으면 좋은 음식,4. 비타민- 비타민 B와 C가 부족하면 우울증에 걸리기 쉽다는 연구결과가 있답니다. 이중 비타민 B는 기분을 활성화하는데 중요한 신경전달물질인 세로토닌을...자칫 수면 장애를 일으킬 수 있으므로 저녁때는 복용을 피하는 것이 좋대요. 비타민제는 식사 직후에 먹는 것이 위장장애도 예방하고 흡수도 잘 되구요. 참고...
사랑이라는 이유로,"알았어요. 좋은 말로 세뇌고 나쁜 말로 폭력이라고 생각해요, 외모 꾸미는 일, 돈 쓰는 것, 주변 사람들과의 관계, 친정식구들과의 관계. 이 세상을 보는 관점까지도. 다 남편이 이래라 저래라 하는대로 맞춰왔던 이유는... 제가 남자의 '큰소리'를 무서워하고 (친정아버지 키작고 순하시고 조용하고... 학생때도 친구들..."
우울할 때 읽으면 좋은 책 추천!,"부귀영화를 누리려고 이러나 라는 마음에 자괴감 + 무기력감이 오더라구요. 이직을 결정해 놓고도 당장 경제적 여유가 없어서, 그 짧은 백수 기간을 못 견딜 것 같구, 제가 너무 심란해 하니까 친구가 이 책을 선물해 주었는데, 읽다보니 조금씩 위로가 되다가 '번아웃 증후군'이라는 파트에서, 제가 아마 이 상태일 거..."
*우울할때 혹은 슬플 때 먹으면 좋은 음식들,"*우울할때 혹은 슬플 때 먹으면 좋은 음식들 우울함의 정도가 조금 심하다 싶을 때는 생선이나 단백질, 비타민 B를 섭취하는 것이 좋다. 비타민 B와 아미노산이 듬뿍 들어 있는 단백질은 사람의 감정을 조절하여 기분을 활성화하는 호르몬인 세로토닌을 구성하는 중요 요소 . 따라서 치즈, 달걀, 우유 등 단백질이 많이..."
우울할 땐 더 우울한 늪에 빠지는 것도 좋은 방법이지 (노래추천),"안뇽 게녀들 나는 우울할 때 도저히 신나는 걸 볼 기분이 안나서 오히려 더 우울한 노래, 절망에 치닫는 노래를 들으면서 내 기분을 위로하는 편인데 나같은 게녀들에게 노래 추천을 하러 와따-! 오늘은 진짜 그냥 완전히 슬픈 거 위주로 추천할거구 반응좋으면 나중에 슬프기도 하지만 어두운 절망이 가득한 노래 추천..."
우울할때 먹으면 좋은 음식,"많은 우울 증세가 나타나는 것은 비타민, 미네랄 부족과 연관되어 있기 때문입니다. 우선 기분을 좋게 만드는 뇌 화학물질인 ‘세로토닌’의 분비를 촉진하는 음식을 많이 먹는 것이 바람직합니다. 세로토닌은 감정 조절에 관여하는 호르몬으로, 분비량이 적어지면 일부 사람에게서 우울증이 나타날 위험이 높다고..."
우울할때 들으면 좋은곡 선물,생각해보면 i donot see how you can 저는 그대가 어떻게 생각하지는 몰라요 you're aching you're breaking 당신이 깊숙히 아파하고 마음의 상처를 받는다는 것은 알고 있어요 and i can see the pain in your eyes 저는 그대의 눈빛이 아파하는것을 알수있어요 says everybody's changing and i donot know why 모든...
