,Review,cluster,action_cluster
6,스타일러 사용중 입니다. 와이파이 등록해서 원격제어 사용하고 있었습니다만 갑자기 와이파이 연결이 되지않아 앱에서 기기 삭제하고 재등록을 하려는데 wifi 버튼이 깜빡거리는데 앱에서는 다음단계로 넘어가지 않습니다. 바지관리 기능도 사용못하고 있습니다. 와이파이가 2.4g 인것도 확인했고 핸드폰도 재부팅 앱도 재설치 이것저것 다해봐도 안됩니다. 앱의 문제인지 스타일러 문제인지요 실망입니디,0,3
7,에어컨이랑 겨우겨우 연결됐는데 제품이 존재하지않는다고 다시 연결하라는 메세지 떠서 다시 연결중인데 제품과 정보주고받는중30에서 1시간째 그대로네요.. 벽걸이추가하면 스탠드가 사라지고 집안 가전 다 lg인데 연결하려면 한달은 걸리겠네요 타 s전자 공청기는 쉽게 연결되던데 쉽고 빠르게 연결할 순 없나요?,0,4
11,11년차 SW 엔지니어 입니다. 정말 한심하게 보이네요. 업데이트 하고 약관동의 다시 하고 제품 다 사라졌네요. 예전에 첫 등록하고 사라졌던 공기청정기는 다시 살아났고 그외에 퓨리케어 냉장고 세탁기 건조기 에어컨2개 TV 까지 7개를 다시등록해야 합니까? 다시 연결상태 복원 안됩니까? 이러고 IoT 같은소리가 나옵니까? LG에서 SW 개발하면 돈도 많이 받을꺼 아닙니까? 돈 받고 이런식으로 일해도 되는거에요? 유니크한 계정에 기기들 등록된 정보들이 그대로 있을텐데 지금 계정 연결만 바뀐거 같은데 이런식이면 데이터만 중복해서 쌓일텐데 쓸데없이 DB낭비 하고 계시네요. 요즘은 이런 개발을 쥬니어 데려다가 혼자 만들라고 합니까? 아니면 인력은 많은데 협업도 안되고 계정연동을 여러명이 만들어서 계정연동 꼬이게 만드는거에요?,0,4
14,연결도 안되고 제품 네트워크변경도 안되고 앱 업데이트 하더니 이따위로 만들어놨네요. 네트워크 변경에서 다음단계를 넘어가야 바꾸던 말던하지 가이드만나오고 넘어가는게 아예없는데 뭘 어떻게합니까,0,3
17,갑자기 로그인하라더니 등록되있던 LG가구들 삭제되고 와이파이 연결도 안됨. 아니 잘만 사용하던거 왜 쓸데없이 로그인하라고 하면서 등록돼있던 제품들 삭제돼서 다시 설정하려는데 뜨지도 않고 이게 뭡니까,0,4
19,편리하게 잘사용중입니다 다만 아쉬운게 세탁기 전원은 직접 켜야한다는점? 그리고 키고나서도 원격모드를 설정해야 한다는 점이 아쉬워요  집밖에서도 전원을 켜고 원격제어를 바로 할 수 있는 날이 오겠죠?,0,3
20,독서실 시스템에어컨 사용중입니다. 업데이트떠서 했습니다. 등록된기기 다 사라졌습니다. 기존에 매번 업데이트후 기기와 연결해제되는일로 고객센터 연락하는일도 이제 지겨운데... 그냥 원격 적외선 리모컨 쓰는게 좋을수도 있겠네요,0,3
21,잘사용 하고 있습니다 다만 제 와이프도 같이 사용하고자 하는데 하나하나 다시 등록해야 하나요?? 삼성은 구성원 등록을 하니 제가 등록한 제품이 그대로 옮겨지던데 엘지는 그런 기능이 없는건가요?? ,0,3
26,잘쓰다가 어느날 메인화면에 등록된제품이없습니다. 라고 떠요  그래서 다시 제품 연결하여 등록하려니 이미 등록아 되어있다그러고... 뭐가문젠가요?,0,4
29,여지껏 잘 되던게 서버연결이 안된다고 뜨네요 건조기 tv 냉장고까지는 연결이 잘 되었는데 공기청정기부터 연결이 안되고 서버 접속도 잘 안됩니다계속 LG가전으로 교체하고 있는데 스마트기능은 이용할 수 없는건가요?,0,3
33,어플로도 켜고 끄고 컨트롤이 가능하면 좋겠어요 현재 에어컨건조기 인덕션 세탁기 등 많은 가전을 이용중인데 컨트롤 되는것이 많지 않고 건조기의 경우도 원격제어버튼을 눌러야 가능하잖아요 더욱 개선되길 기대합니다,0,3
36,시그니처 가습공기 청정기 사용중인데 다른기능들은 다되는데 취침모드 설정은 안되네요??취침모드 설정도 가능하게 해주세요,0,3
38,세탁기 건조기 사용하는데 자꾸 네트워크가 불안전하다며 원격이 안되네요. 앱이 그냥 꺼짐. 전에는 잘 썼는데 요즘 불편함,0,4
39,건조기는 건조 언제 끝났는지 파악하는것 외에는 쓸모 없음 건조기 원격제어 하려면 직접가서 건조기 켜고 원격 제어 하도록 조작해야 하는데 그럴거면 왜 씀?,0,3
40,네트워크 연결이 원할하지 않습니다. 언제 고칠 껀가요!!! 저거 뜨면서 앱이 꺼져서 쓸수가 없어요.,0,3
42,앱에 문제가있어 네트웍연결이 안되서 고생했지만 새로 설치 후 잘 사용하고 있어요. 사용하기 편해요.,0,3
49,AS110WBE 공기청정기 사용 중인데 예전에는 연결이 잘되던데 업데이트 되고서는 제품을 스마트폰이랑 연결한다고 말만 나오고 연결이 안되네요! 빠른 문제해결 부탁드려요!,0,3
50,왜 앱이 실행할때마다 와이파이를 자동으로 키나요. 처음 제품 등록할때 이외에는 와이파이 자동으로 못키게 하는 설정 없나요?,0,3
51,유용하게 써오던 어플인데 어느날부터 실행을하면 서버로부터 응답이 없다고 하면서 강제종료가 되고 실행이 되지 않습니다.. 뭘 어떻게 해야 이문제를 해결 할 수 있을까요? 자세한 답변 좀 주세요,0,3
52,예약작동중일때는 로봇청소기가 연결되는데 청소끝나고 나면 연결해제로 떠버려서 다이어리를 보거나 청소시작할수없음.,0,2
56,휴대전화에서 좀 더 디테일하게 컨트롤 할 수 있었으면 좋겠어요. 로봇청소기는 타사처럼 어플에서 맵으로 청소경로 확인한다던지 그런 기능이 추가되면 좋겠습니다.,0,4
58,아니 갑자기 안되더니 제품다시등록하니까 세탁기는 등록했는데 스타일러는 왜 등록해도 사용이 안됩니까 업데이트하고 나서인지 뭔지 모르겠는데 참 그지같이 만드셨네요,0,4
60,업데이트 내용이 안정성 개선인데 오히려 나빠진듯 싶습니다. 그전엔 건조기랑 연결이 잘 되었는데 왜 서버 응답없음이 계속 뜨며 어플이 닫히는건지 모르겠네요,0,2
61,좋아요 잘쓰고있어요 개선해야할사항들이 몇몇있지만 그래도..잘쓰고 있습니다.,0,2
68,서버와 연결이 안된다고 뜹니다. 스타일러 앱으로 실행해야하는 기능 하나도 사용 못하고 있습니다. 빠른 개선 요청합니다,0,3
72,공기청정기 미세먼지 수치를 시간별 일별 트랜드로 볼수있게 해주면 좋겠네요. 지금 수치만 나오니까 불편해요,0,3
77,그닥 전원켤려면 제품있는곳에 가서 직접켜고 어플사용해야하는데 궂이.. 이어플이 제품앞에서 핸드폰으로 사용해야하나싶으네요,0,2
81,로봇청소기 문제인지 모르겠는데 자꾸 해제되네요. 그것말고는 집밖에서도 작동가능하다는 점이 편해요,0,3
83,최고입니다정말편하게잘사용하고있습니다연결잘되고사용하기너무편합니다,0,3
87,핸드폰으로제어가 가능한건데 습도율이랑 물이들어가있는 칸수도 나오면 더좋을것같네요. 많이바뀌었네요좋아욥,0,3
89,세탁 건조기와 연동하여 잘 사용하고있습니다. 세탁 건조가 끝났을때 바로 알수있어서 넘 좋아요,0,3
91,아주 편리하고 원격 조종이 가능하니 집 밖에서도 잘 사용하고 있습니다.,0,3
94,테블릿에 설치했으면 합니다. 에어컨 예약에 온도 조절도 함께 있으면좋겠습니다,0,2
101,아주 잘 활용하고있습니다. 다만 와이파이 연결이 조금 더 빠르게 되면 좋겠네요.,0,4
102,삼성보다 앱실행이 잘됩니다 저희집 올 삼성이고 공기청정기만 엘지인데 확실히 앱실행 속도가 더느려요,0,3
103,실행 후 제품 검사하는데 너무 느립니다.. 속도 개선 해 주세요,0,4
108,쓸모가 없음 로그인하면 로그아웃되고 등록한거 다사라지고 사용하기 불편합니다,0,3
109,이번 업데이트도 로봇청소기r9에 와이파이 연결이 안되네요.,0,4
112,설치 잘 되고 제품 연결도 잘 됩니다.,0,4
113,어플이 너무 불편함. 어플을 실행하는게 아닌 위젯으로 사용하게 해야지. 리모콘 대용이라니.,0,2
115,무슨 앱이 켜기만 했다고 바로 자동으로 와이파이를 켭니까? 옛날 앱도 아니고..,0,2
119,에어컨과 건조기 연결해서 사용중인데 아주 편합니다,0,3
121,일단 키고끄는게 예약가능해서전기절약에더도움주다보니 편리함,0,2
122,복잡하지않고 간단히 연결할수있고 보는것도 간결하고 좋네요,0,3
129,쓰레기됐음 잘 쓰던 앱 업데이트후 이건뭐 연결도 안되고 앱 종료 한마디로 노답 짜증납니다,0,4
131,참 편리합니다.전기료금이 많이 나올까 걱정...???,0,4
132,아주 편리하고 사용하는데 불편함이 없네요,0,3
133,불편함 와이파이 연결이 안됨 시도조차 못함,0,3
134,이제 설치해서 사용중입니다.일단 유용하게 사용할듯합니다.좋은기능이네요,0,3
140,서버연결안됨 오류 다운로드코스 선택해서 사용하고 싶은데 못하고 있어요 언제 해결됩니까,0,3
143,서버연결이안된다며 어플이꺼지네요.,0,3
145,연결할때 걸리는 시간이 표시되면 더좋을거같네요,0,4
146,연결정보 및 결과물 통보기능 좋네요,0,3
147,편리해요 와이파이연결하는데 어려움이 있었지만 너무 좋네요,0,3
152,폰으로 바로 예약시간 설정가능했으면...,0,3
155,에어컨.정수기. 공기청정기.스타일러등 연결해서 잘쓰고 있었는데 오늘 세탁기를 바꾸고 등록하려고 앱을 연결하니 세탁기 아이콘이 보이지가 않아요.업데이트전에는 내가 등록하지 않은 가전아이콘이 보였는데 오늘보니 내가 등록한 제품만 보입니다. 아 무리 찾아봐도 새로 등록할수가 없어요.,0,2
163,너무 잘 사용하고 있습니다. 집에서 나왔을때 공기청정기를 끄지않고 나와서 전기세가 많이나왔는데 LG 공기청정기를 사고나니까 너무좋습니다.아직도 잘 사용하고 있습니다. 좋은하루되세요.,0,3
164,편하네요 나쁘지 않아요 세탁 끝나면 알람 주는 것 만해도 좋아요 에어컨 켜놓고 나와도 끌수 있어서 좋구요,0,3
165,등록하기도 편리하고 좋습니다,0,3
173,연결이 좀 어렵지만 사용은 편하네요,0,3
174,여름에 에어컨과 연동해서 아주 잘 썼습니다. 최근에 습해서 에어컨 잠깐 틀어보려고SmartThinQ를 실행했더니 등록된 기기가 없다고 나오네요. 어이 없어하며 다시 등록을 시도했더니 이미 등록된 기기라고 나와요. 이게 대체 어떻게 된건가요? 전혀 스마트하지 못 한 거 같은데...해결책 좀 알려주세요.,0,3
175,스타일러 돌릴라는데 서버로부터 응답없다고나옴..코스가 많으면 뭐함 일일히 다운받고 삭제하고 완전번거로움...지금상태론 다운로드코스는 사용을 못하는데 다른사용자도 응답없음 많이 문의한거같은데 뉴스에 떠야 조치할꺼임??,0,3
178,저희 집에 삼성에어컨 공기청정기 엘지세탁기건조기로봇청소기 가전제품이 있어 두개다 어플이용중입니다. 그런데 어플차이가 너무납니다. 삼성은 에러없이 진행이 잘되는 반면 엘지는 어플잘안됩니다.,0,3
181,저번부터 서버로부터 응답이 없다며 앱이 종료되버리는데 왜이런건가요? 밑에 리뷰에도 이런 증상이 빈번한것같은데 개선할생각이 없으신건지 빠른 해결바랍니다. 앱이 전혀 스마트하질 않네요.,0,3
186,업데이트 이후 서버연결실패 팝업창 뜨면서 강제 종료됩니다. 아예 사용을 할 수가 없네요. 해결방법 부탁드립니다. 재설치해도 마찬가지고 앱 이용 자체가 안됩니다.,0,4
212,어플을 재설치했는데 와이파이 잡아서 등록하려고 하니까 다른국가 계정에 이미 등록된 제품이라고 떠요 건조기입니다 어떻게해야하나요?,0,4
215,아니 대체 공기청정기 와이파이 연결 왜 응답이 없음  간신히 해도 맨날 연결해제 되있다고 그러고 미치겠네 어떻게 해야 해결이 되는겁니까? 제품 구매하고 폰으로 1번 원격해보고 그 후에 써보질 못함 하....관리는 하고 있는건지...LG 왜 이러는겨 요새,0,3
219,편해요. 다만 기능이 조금더 추가되었으면해요.,0,4
224,서버점검이나 업데이트 하고 나면 맨날 연결해제. 연결 되었으나 조절이 안될 때도 있어요. 무인 가게라 원격으로 난방 켜야 하는데 통제불능 송풍만 돌아가고 있네요. 춥다고 난리치겠네.,0,3
225,서버에 연결이 안된다고만 나오네요 예전엔 느리자만 쓸 수는 있었는데 재미있는건 서버에서 제품 정보는 받아옵니다 리스트도 잘뜨고 근데 서버에 연결할수 없습니다라는 팝업이 뜨면서 앱을 종료할 수 밖에 없는거죠 웃긴건 티비리모콘은 또 작동합니다  더 말도안되는건 다른 아이디로 로그인을 해서 새로 등록해볼까 해도 뭘 선택할 겨를도 없이 서버에 연결할 수 없습니다 라고 떠요 매우 구버전 태블릿에서는 잘되는걸로봐서 파이버전 안드로이드와 제대로 호환되지 않는걸로 보입니다,0,3
227,공기청정기 원격으로 틀수있었는데 이 어플 왜이렇게 오류나고 안되는거죠? 아진짜 짜증나네요.,0,3
228,서버로부터 응답이 없다고 떠서 아무 기능도 쓸 수 없네요. 조치도 답변도 없이 뭐하시는건지?? 다운로드 코스는 어떻게 쓰라는건지??,0,3
231,업데이트 후엔 알림에 시간도 표시되고 좋네요. 기존에 폰 바꾸고 알림 안오던 문제는 데이터삭제 및 재설정으로 해결됐습니다. 백업한걸 그대로 복원하면 기존폰 쪽으로 알림이 가나봐요?,0,3
235,업뎃하고나서 제품이 자주 연결이 안되요 연결하면 버퍼링만 계속 돌다가 재시도하라고 안내나오고 사용하기에 좋은 어플인데.. 업뎃이 뭔가 잘못됬나봐요 어플삭제하고 다시깔고 디시 연결하고.. 업뎃다시해주세요 이전으로..,0,4
238,연결기기의 소프트웨어 업데이트가 좋네요.,0,3
239,thinq로 업데이트후 작동 시작 알림이 안 뜨네요. 직접 실행한 후에야 인식되고 끝나는 알림은 뜹니다.,0,3
243,편리한 서비스 만족합니다,0,3
250,업데이트 후 세탁완료 알림을 보고 어플 클릭하니 등록된 제품이 없다고 나오고 등록하려고하면 이미 등록된 제품이라고 뜹니다. 로그아웃하고 재 로그인하면 다시 정상적으로 뜹니다. 위 현상이 계속 반복됩니다,0,4
251,타이머기능이 전 제품에 있으면 좋겠다. 삼성처럼 다른 회사 제품도 불러와서 쓸 수 있으면 좋겠다. 솔직히 알람기능만 있는거지 이게 뭐 IoT라 말하기 스스로 부끄럽지 않은가??,0,4
253,주기적으로 와이파이 재설정해야되서 조금불편. 집에 와이파이 문제인지 로봇청소기 문제인지는 모르겠지만 어플 사용은 잘 하고있습니다.,0,3
254,아주 좋아요. 고양이들때문에 에어컨 틀어줘야하는데 이앱으로 너무 잘쓰고 있어요.,0,3
256,처음엣 잘 사용하고 있는데 서버에 응답이 없다고 계속 떠서 해결할 방법도 없고 몇달동안 못 사용하고 있습니다,0,3
257,잘되요 세탁기다운로드코스에 수건코스넣어주시면좋겠네욥,0,3
263,어플을 잘 만들어 주세요 등록한 제품이 있는데 없다고 나오고 매번 실행시 로그오프 로그온 해야만 제품이 보일까요? 여름엔 괜찮았는데 최근 계속 그러네요,0,3
264,Lg기준 잠시만이 얼마인지 모르겠네요 어플쓰다 열받은건 오랜만입니다,0,2
266,세탁기도 원격으로 되었으면 별 5개인데 세탁기는 정해진코스만되는게 아쉽네요 원격제어버튼도 눌러놔야하고 다른가전은 만족합니다,0,3
267,집 공유기는 2.4 5g 둘다 출력됩니다. 전 5g와이파이 사용하고 건조기는 2.4와이파이 사용해서 쓸수있는거죠,0,3
271,폰이랑 가전제품이랑 연결이 너무 오래걸리고 한번에 되지가 않아서 건조기하나 겨우 등록해서 쓰고있어요 왜이렇게 다운로드가 안되죠?????,0,3
275,어플실행시 서버 연결 실패라는 알림과 함께 어플이 강제 종료됩니다. 활용하고 싶어도 할 수 가 없음 ,0,3
276,생각보다 편리 합니다 근데 냉장고 항시 온도표시가 없는게 좀 아쉽습니다 온도가 지금 몇도 인지 알려주는게 있으면 좋겠습니다,0,2
279,업그레이드 할때마다 등록된 제품들이 사라지네요. 참번거럽게 하네요. 가전제품들은 좋은데 어플은 영 아니네요,0,4
281,R76모델사용중인데 앱에서 간단컨트롤 사용시 뒤로가기가 없어서 불편합니다. 개선해주세요. 로봇청소기입니다.,0,2
282,업뎃이후 등록된 에어컨이 화면에 표시가 안됩니다. 재등록할려면 이미 등록되어있다고 뜨구요.,0,4
283,연결된 기기를 핸드폰으로 상태 확인 등이 가능하니 좋습니다.,0,3
292,가전제품을 모두 등록해서 한꺼번에 관리할 수 있어서 너무 좋아요.,0,3
296,기존에 잘 쓰다가 폰을 V30에서 V40으로 바꾼뒤로 어플 실행이안되요. 뭐가 문제죠.,0,3
298,잘쓰고잇엇는데 며칠전부터 서버가연결이안된대요..,0,4
302,날씨 걱정없이 빨래할 수 있어 좋고 건조해서 바로 입을수 있어 좋고 건조끝나는 알림도 받고 참 좋아요,0,3
303,각 제품들의 상태 등을 확인할 수있어서 좋네요. 다만 원격으로 전원을 키는 등을 할 수 없는건 아쉽네요.,0,2
314,LG로봇청소기를 사용하고 있는데 현재 청소하고 있는 위치와 Smartthinq가 연동되어 알려주는 기능이 있으면 더 좋겠습니다..,0,3
316,오류 너무 많음. 튕김. 연결끊어짐.,0,3
322,연결이 편해서 좋습니다.,0,3
331,외부에서도 켤 수 있었으면 좋겠어요.,0,3
339,업데이트되고 서버 연결안되요 해결해주세요 패딩관리 다운이 안되자나요,0,4
342,세탁 완료 알림 있어서 좋구요. 예약도 되고 괜찮아요.,0,3
345,건조기는 정말 쓸데가 없네요. 연결이끊겨버리니원,0,3
352,업데이트하니 권한 새로 동의묻는건 그렇다 치는데 일부만 동의하니 기계를 다시 새로 연결해줘야 하네요?,0,3
354,접속 속도가 조금 느리긴하지만 너무 유용하고 좋습니다,0,4
357,저..업데이트 하시면서 등록했었던 가전제품 목록을 지워버리시면 어텋게요...,0,3
360,모든가전이 엘지라 엄청 편히고 좋아용,0,3
362,예약기능도 편리하고 다되면 다됐다고 알려주고 참좋은 기능들입니다,0,4
365,좋아요 로딩이 좀 느려요,0,2
373,LG 가전제품을 사게되면서 사용하고 있습니다 움직이지 않아도 제품을 켤 수 있어서 좋아요,0,2
375,업데이트되고나서 연결해제 하.. 잘되다 안되요,0,3
379,너무너무 편리하고 좋아요,0,3
388,끄고 키는 기능도 있음 좋겠어요,0,3
398,스마트 진단으로 뭔가 정보를 주는건 아닌거 같네요..그냥 정상작동한다 이거 알려주는게 무슨 진단인지...,0,3
404,세탁기의 전원을 켜는 기능도 됐음 합니다.,0,2
415,스마트폰에서 조작할때엔 입력이 좀더 스마트폰을 사용하는거 같았으면 좋겠습니다.,0,2
419,좋아요 냉장고 모르고 열어논걸알려주는기능도,0,4
420,너무 좋네요 밖에서 확인도 가능하니 좋아요,0,3
423,왜 자꾸 lg모바일 추가가입하라고하죠? 가입안하면 아예 로그인이 되지않네요 개선부탁합니다,0,3
426,생활에 편리함을 주네요 스마트씽큐가 안되는 기존제품들이 조금 아쉬워요,0,4
427,관리도 해주고 스마트기능 좋아요,0,3
428,진작 설치할껄 그랬네요..정말 유용하게 잘 활용하고 있습니다,0,4
431,제품 상태가 잘 보였다 안 보였다 하네요,0,4
432,건조끝나고 알려줘서 편해요,0,3
433,앱으로 예약할수있어 편리하게사용할수있어좋아요,0,3
436,간편하고 좋은 기능인거 같아요,0,3
437,잘사용하고있습니다.이런앱만들어주셔서 감사합니다 진짜 유용함.,0,3
441,편리하게 잘 쓰고있어요,0,3
445,정말 한가할때 듣기가 좋네요,0,4
448,등록된 제품이 사라졌네요 ,0,4
451,유용하게 잘쓰고있음..좋음,0,3
453,편의를 잘 봐주는 어플 참 좋습니다.,0,3
454,원격으로 사용하니 편하긴하네요.,0,3
458,아주 유용하게 쓰고 있습니다,0,3
460,종료알림을 해줘서 좋아요. 간단 처치도 알려주고 굿!,0,3
461,세탁기 켜짐 기능이 없어서 아쉬움,0,3
466,문제없이 잘동작해요. 좋으네요.,0,3
472,앱이 좀 더 빨랐으면 좋겠어요. 편하긴 해요,0,4
481,처음 스마트진단을 사용해보았는데 유용했어요 또이용할것같아요,0,3
492,알림이 있어 좋아요... 여러명에 알림을 받으면 더 좋을 듯...,0,3
495,편하게잘쓰고있어요 팁도알려주고 좋네요,0,3
496,세탁기 에어컨 냉장고 폰으로 설정하는건 좋아요 벽걸이 에어컨은 와이파이 모양이 떠도 연결이 안되는걸보니 아예 등록이 안되는 모델인가봐요... 그리고 세탁기 원격제어 모드를 누르고 그럴거면 그냥 세탁기에서 직접 누르는게 좋은듯해요 세탁종료 알림은 편해요,0,3
498,삼성처럼 앱 기능에 월 누적 사용량과 요금량도 표시되게 해주세요 경쟁사 제품 안써보나요???,0,4
513,세탁기 새로 구입해서 사용중인데 좋네요.  밖에있어도 세탁끝난걸 알려주네요.,0,3
514,공기청정기 와이파이 재등록이 안되는 현상이 발생 어플 다시지우고 다시 깔아도 설정 사용방법1에서 그다음 2번3번으로 실행이 안됩니다,0,4
518,스타일러 와이파이는 깜빡하는데 연결이안되요,0,3
525,사용하다보니 넘 편리해용,0,3
528,서버에 제품 등록중만 뜨고 먹통됨 집안에 모든 가전이 lg인데 전부다 등록안됨 삼성껄 살껄 그랬나,0,4
529,와이파이가.자꾸 연결해제되요..!,0,3
530,서버응답없다고 접속안됩니다,0,3
533,이 어플 작동은 되는건가요 와이파이 잡히고 다 되었는데 등록이 안되는건 뭔가요 백번은 해본거 같네요 이럴거면 비싼 에어컨 공기청정기는 뭐하러 파는지 답변 좀 해주시죠 왜 아무것도 안되게 업데이트 해놓고 답변을 안하는건가요,0,3
534,어제까지 잘됐는데 오늘 하니 안되네요... 몇번을 시도하고 어플을 다시 설치해도 안됩니다... 제습기 2대가 다안되는거보니 어플 문제 같아요 아... 필요할때 안됨 ,0,4
536,너무 편하고 좋아요,0,3
539,유용하게 참 잘써요,0,3
571,한번씩 건조기 종료 알람이 오질 않는데요. 잘 생각해보니 어플 업데이트 될때마다 그러는거 같습니다. 어플이 업데이트가 되었을때 한번은 직접 어플을 실행해줘야 그 다음부턴 정상적으로 알람이 오는거 같네요. 어플 문제인건지 스마트폰 설정 문제인건지 자세히좀 알려주십시오.,0,3
589,너무 느려요. 에어컨 전력사용 통계 쓰려고 와이파이 모듈까지 사서 꼈는데 이렇게 서버 연결이 안 되서야... 너무 접속이 느리니 리모컨으로도 쓰지 못하겠어요. 게다가 갑자기 로그아웃되더니만 재로그인하니 등록된 기기는 다 어디로 간 건지 하... 다시 와이파이 등록하는 게 얼마나 귀찮은데요... 건조기 같은 건 원격으로 제품 온오프도 안 되고 원격제어 하려면 미리 원격제어 버튼을 눌러놓고 나가야 함 ... 정말 상상도 못한 원격제어 방식인 듯.,0,3
596,언제부터인가 건조 알림 등 알림이 엄청 늦게 오거나 앱을 실행해야 와요. 전에는 앱 실행을 안해도 알아서 알림이 왔는데.. 핸펀에 알림 설정 앱 설정 다 확인했습니다. 다 알림 받기로 되어 있고 절전으로 설정되어 있지도 않아요. 알림 기능 안되는 있으나마나한 앱이 되었네요. 수정되었다는데 여전히 안되네요,0,3
597,매우 편할줄 알았는데 치명적인 단점이 존재합니다. 첫번째는 KT와 제휴가 안되있어서 KT쓰시는 분은 음성IOT가 안됩니다. 두번째는 폰으로 원격하려면 매번 전원을 켤때마다 연결해줘야 합니다. 전원을 끄면 원격도 끊겨서 그때마다 직접 연결해줘야 합니다. 세번째는 원격으로 전원은 꺼지나 켤수가 없습니다. 원격으로 돌리려면 계속 켜놓고 있어야 합니다.,0,3
599,공기청정기 씽큐 연결해지가 되면 전원 코드를 뽑은후 35분후에 연결해야 연결이됨 그이유는 서버 데이터 리셋후 재연결이 자동적으로 되야하는데 그부분의 코딩이 오류가 나서 전원 코드를 재연결 또는 기기 연결을 다시해야함 이부분 추후 에어컨등에서도 발생이 될 수 있음  제발 프로그램업데이트 하기전에 내부테스트 해주길 바합니다,0,3
605,좋아요 집에 스마트진단 확인하고 세탁기 건조기 에어컨 다 연결했내요,0,3
606,저는 트롬건조기 RH9WG 모델을 사용하는 중입니다 스타일러는 업데이트를 해도 와이파이나 원격제어가 꺼지지 않은데 건조기는 매번 와이파이가 해제되어버리고 원격제어도 잘 되지 않습니다. 초기화되는 것 같습니다. 수정해주세요,0,3
610,앱으로 전원 켜고 작동시킬 수 있게 해주세요.,0,2
620,김치냉장고 기기랑 연결이 안되네요.. 뭐가 문제인지..이렇게 연결이 힘든줄 몰랐네요. 모바일데이터끄기어플실행기기추가어플실행wifi활성화설명대로따라서 wifi 패스워드입력기기랑데이터주고받기제품목록은 추가되는데 연결을 안됨,0,3
621,다좋은데 왜 원격제어를 본체에서 매번설정해야만 하도록 해둬서 이게 있어도 별 활용이안됩니다 제가 사용할줄모르는건지도 모르겠지만S사처럼 와이파이연결되면 따르연결설정하지않아도 연결되어야좋지않을까요? 자동연결이되지도않고매번설정해야하는건 앱사요을 저해하는요소인것같습니다,0,3
622,이번에 업데이트하고 난후 공기청정기김치냉장고스타일러는 이상없는데 에어컨이 연결이 안됩니다. 그전에는 잘 썼는데... 그래서 앱상 에어컨을 삭제하고 재연결 하려니 연결이 안됩니다. 이번 업데이트로 문제가 된건가요? 앱을 재설치해도 안되고. 에어컨을 앱에 다시 보이게 하려면 어떻게 해야 합니까?,0,3
628,좋아요 너무 만족해요 편하게 잘 사용하고 있어요,0,3
633,공기청정기 등록해서 편하게 잘 쓰고 있었는데 세탁기랑 건조기 등록한 이후부터 계속 앱이 실행이 안됩니다. 네트워크 불안정 서버로부터 응답이 없습니다. 라고 뜨고 꺼지기만 하네요.. 인터넷 연결 상태에 문제가 있는 것도 아닌데 왜 이런거죠?? 어플 삭제했다가 다시 깔아도 그렇고 뭐가 문제인지 모르겠습니다.,0,4
634,퓨리360공기청정기 구매후 계속 시도를해도 폰이랑 연결되지않던게 오늘 필터청소하고 생각나서 해봤더니 연결되네요 시그니처 가습공기청정기 하나더 구매할까 생각중인데 공기청정기가 2개라도 따로 어플에서 조정및 확인가능한지요?,0,3
640,갑자기 에어컨 원격연결이안됩니다. 삭제후 재등록해도 연결이안되는데 삼성핸드폰이라서 그런건가요?,0,3
641,정수기 연결이 안되네요. 기존에 연결을 했다가 다시 연결을 하려고 하니깐 어플에서 반응을 안 합니다.,0,3
642,너무 좋습니다 이거 쓸려고 LG 제품으로 통일했습니다,0,4
645,연결이 자꾸 끊겨서 재등록 해야되는게 너무 불편해요. 며칠 에어컨 안쓰다가 스마트폰으로 키려고 보니까 연결이 끊어져있고 에어컨에 와이파이 표시등도 꺼져있구요. 한 번 등록하면 별다른 일 없으면 그냥 계속 쓸 수 있어야지... 번거롭네요,0,3
646,1년 정도 듀얼인버터공기청정기 사용중입니다. 어플로 들어가 필터정보 확인하면 사용량이 67 정도 밖에 안된다고 하는데 정확한 정보 일까요? 하루 평균 2시간 정도 사용했고 2개월에 한번씩 청소하고 있습니다.,0,3
649,이거 쓰다가 스트레스만 받음. 5번 중 한번 원활함. 접속이 너무 안될때가 많고 되더라도 너무느리고. 업데이트하면 재등록해야하고. 며칠새 안되고 제품 재등록하고 되더니 또 하루만에 제품 확인안됨. 샤오미하고 너무나 비교 됨. 참 lg에 실망이다.,0,4
654,앱에서 제품 순서 변경 가능하게 해주세요. 로봇청소기 에어컨이 밑에 있어 사용할때마다 스크롤을 올려야하네요. 그리고 LG 스마트 티비의 LG SmartThinQ 앱 관리도 부탁드립니다. 냉장고가 표시되지 않네요. 감사합니다.,0,2
662,폰연결 잘되다 얼마전부터 연결이 다 끊겼어요. 다시 연결하려해도 안되고 어플을 삭제했다 다시깔아도 연결이 안되네요.. 집안에 있는 가전제품 다 엘지껀데 갑자기 왜이런거죠?? 빠른시일내에 복구 부탁드립니다!!!!!! 엘지가 이러면 아니되요,0,3
667,미니워시랑 건조기 알림이 와서 유용하게 사용중이었는데 얼마전부터 알림이 안뜨네요. 갤8쓰고 있는데 얼마전 업데이트때문인건지.. 어플들어가서보면 알림이 된걸로 되어있고 핸드폰알림도 활성화되어있는데.. 저만 그러는 건가요?,0,3
670,에어컨 연결 자꾸 해지되어있어요. 재연결해도 몇일안가서 또 연결해제되있고요. 공유기그대로고 비번바꾼것도 없는데 계속 연결해지되니까 불편해요. 집에 온도 봐가면서 강아지 에어컨 틀어주려고 설치했는데 자꾸 연결이 해지되니까 답답해요.,0,3
671,723일 저녁 10시경 어플 작동안됨 앱으로 에어컨 접속안됨 와이파이 확인  재연결 해봤지만 안됨 와이파이 이상없음. 어플 삭제후 재설치 해봤지만 안됨 아니 이렇게 큰 대기업에서 이 어플하나 제대로 컨트롤을 못하나요 리뷰보면 잘된다는 소리보다 안된다는 소리가 훨씬 많은데 어플 컨디션은 전혀 좋아지지않네요 티비에서 광고하면 뭐하나요 실전에서 이런데,0,3
672,기계 접속이 너무 늦어요. 서버 다운도 많고요  화나서 못 쓰겠어요. 접속 속도 올릴 수 있도록 개선 좀 해주세요. 1. 앱을 실행 시키면 자동적으로 와이파이가 켜집니다. 2. 특정시간에 앱 사용을 하면 서버에 접속을 할 수 없다는 메세지가 켜지면서 앱을 사용하지 못합니다. 3. 해보지도 않고 앱만 삭제 후 설치하라고 앵무새처럼 답변하지 말아주세요.,0,4
675,드럼세탁기미니워시건조기공기청정기정수기냉장고 연결해서 사용중입니다. 진행상황 및 종료 알람 받으면서 잘 사용중입니다.다만 제품의 전원켜짐이 안되는게 조금 아쉽습니다.,0,3
677,세탁기와 건조기 사용중인데 건조기는 아직 사용전이고 세탁기만 처음 사용해봤는데 전원이 안켜져 앱이 있으나마나한 느낌이네요 그나마 예약은 가능한거같은데 아직 사용해보질않아서 잘 모르겠네요 앞으로 많은 발전을 기대해봅니다.,0,3
678,별한개도 아까워요 반응속도 너무느리고 자꾸 연결이 해제되고 제일불편한건 어플누르는동시에 자동적으로 와이파이와 블루투스가 켜져요 이딴어플만들지마세요 와이파이로 휴대폰연결된다해서 240이나 주고 에어컨샀는대..집에있는엘지기계죄다갖다버리고싶네요 40평짜리 집에서 맨날에어컨켜러 리모컨찾으러거실까지 가야하고.. 아우짜증나,0,2
689,집에서도 밖에서도 제어가능하니 좋아요,0,3
692,최근 계속 에러메세지 발생하면세 어플 사용이 안됩니다. 다른분들 리뷰를 보니 동일한 내용 많던데 빨리 조치 부탁드립니다. 잘 사용하다가 안되니 많이 불편합니다.  어플을 완전 지웠다가 다시 설치하면 정상적으로 됩니다..,0,3
695,최근 건조기랑 세탁기 알람이 안옵니다. 뭐가 문젠지 앱들어가면 네트워크 불안하다는 메세지 뜨고 자꾸 꺼지네요 ... 지웟다가 다시 깔고잇는데 귀찮네요. 제발 되길 다시 깔앗더니 한동안 알림 되더니 다시 안되네요.. 좀 고쳐주세요 엘지로 다 맞춘것도 팅큐한 앱으로 제어 하고 싶어서 가전제품 엘지로 다 맞췃는데 이게 작동이 제대로 안되면 제품 만족도가 이 앱때문에 반감되네요,0,3
696,앱에서 생각보다 많은걸 할 수 잇어서 좋았습니다. 아쉬운 점은 제품등록 후 자주쓰는 제품을 위쪽에 보이게하고싶은데 순서를 바꿔줄수가 없는게 아쉽네요 이 부분은 개선되었으면 좋겠습니다!!,0,4
700,로봇청소기로 사용중인데 왜이리 빈번하게 연결해제가 되는건가요?? 잘쓰다가도 재연결해줘야되고 여간 불편하네요,0,3
703,왜 LG TV앱에서 TV외에는 검색이 안될까요? 외부로 정보가 안나가고있습니다 클로버 구글 모두 안나오네요 스타일러 세탁기 안나옵니다 이 앱에서는 나오는데 웹으로 접속검색은 안되네요 확인좀 해주세요 삼성에 비해 좀 기능이 떨어지는것 같습니다 가전은 좋지만 SW도 신경써주세요,0,2
706,에어컨을 밖에서도 켤 수 있으니 너무 편하네요 좋습니다 다만 앱을 사용할 때마다 블루투스가 켜지는데 블루투스가 필요하지도 않으면서 켜지고 이 때문에 자꾸 배터리가 빨리 소모됩니다... 신속한 업데이트 부탁드립니다,0,3
707,최악 연결시에 한번에연결되는애가옶음 냉장고는 아직도연결못하고 세탁기연결실패인데 갑자기 알람오질않나 건조기랑 청소기는 시도조차못했음,0,3
708,원격으로 관리할수 있어서 편합니다. 단지 wifi 5g 대역도 지원하시면 더좋을것 같습니다.,0,3
714,자꾸 혼자 연결해제되네요 와이파이 연결하는거 오래걸리고 번거로운데 잘쓰다가도 몇 번이나 다시했는지 모르겠어요,0,4
717,TV가 65Uh6550모델인데 일단 리모콘으로 TV를 켜야 연결이 됩니다. 유튜브나 넷플릭스 앱 같은 경우는 앱에서 연결만 해도 자동으로 TV켜지는데 이건 리모콘으로 TV를 켜야 연결되니 너무 불편하네요.,0,3
724,에어컨 잘 사용했었는데 업데이트 후에 계속 연결이 안됩니다. 스탠드에 와이파이 표시는 깜빡이는데 다음으로 넘어가질 않네요. 앱 재설치 및 다른 핸드폰 두대 더 시도해 보았으나 안됩니다.,0,3
725,아니  앱만 믿고 집에 고양이들만 두고 여행왔는데 넘 더워서 에어컨 켰다가 꺼주려고 했더니 서버 연결 갑자기 안되고 이게 뭐에요..???? 아래 리뷰보니 다른 사용자도 다들 어제 오늘 동일한 증상이신 것 같은데 언제 수정되나요????? 미치겠네요 진짜 ,0,3
727,업데이트후 다별로네요 저번것이 사용하기도 편하고 전력소비량보기도 편하게 되었는데 지금은 모든게 불편하네요 작년까지 사용 잘 했는데 22일날 서버 점검후 먹통이네요 몇시간째 계속 로딩중 아님 설정 하나하고 나면 먹통이고 쓸모가 없네요 다시 작년껄로 바꿔 주세요 잘 사용하고 있는걸 더 좋게 만들어야지 쓰지도 못하게 만들어 놨네요,0,3
728,너무 느립니다. 제품 인식하는데 23분 걸립니다. 인터넷 속도가 느린건 아닌데 왜 이런가요? 그냥 걸어가서 켜는게 속편함...,0,4
731,편리하게사용할수있을줄알았는데 그냥정말단순하게시간체크하고완료알려주는거말곤사용이제대로안되서잘모르겠네요 원격제어가건조기앞에서서하지않으면 되지가않으니이게무슨소용인지 앱깔아두고사용안하고있네요,0,4
732,제품을 확인하는 속도가 너무 느립니다. 앱을 켜고 메인화면에 진입한 후 연결된 기기를 조작할 수 있기까지 5초정도의 기다림이 필요합니다. 가전제품의 로딩이 더 빨랐으면 좋겠습니다.,0,2
733,업데이트 전에도 되다 안되다 하고 연결이 한번씩 연결해제 되더니 업데이트 후엔 오브제 공기청정기가 등록이 안됌 그리고 왜 업데이트 하는데 기존 연결된 제품이 연결 해제 되나요 한두대도 아니고 전부 다시 연결 해야되고 제데로 연결도 안되고 짜증이 나네요 이럴거면 기능 빼고 싸게 파세요 TV는 왜 집에서만 되나요 집밖으로 나가면 연결 끈김 집밖에선 켜졌는지 꺼졌는지 모름,0,3
736,작년에 잘 쓰던 어플인데 올해는 에어컨 켤려고 접속하니 새로 등록해야된다고 나오길래..등록하려고 해도 계속 등록 실패했다고 나오네요..홈페이지 설명보고 아무리 해봐도 안 됩니다. 빨리 고쳐주셨으면 좋겠네요.,0,3
745,업데이트를 한거맞나요? 업데이트를 했는데 왜 기존 제품 연결이 다 풀려있고 또 다시 연결할려니까 연결조차 안됩니다  이딴식으로 업데이트 할거면 뭐하러 업데이트 합니까? 조금 있으면 다시 업데이트 하겠지..하면서 기다리기가 거의 일주일이 다되갑니다 근데 업데이트 소식 조차 없는거 보니... 다음부터는 lg 구입하는거 생각해봐야겠네요,0,4
749,작년에는 잘 썼던 것 같은데 올해는 앱이 말썽이네요. 왜 실행시키면 와이파이로 자꾸 연결하는지...? 난 그냥 데이터로 사용하겠다는데 와이파이가 안 잡히면 밖에서 기기 접속이 안 돼요.,0,3
750,앱이 뭐 이렇게 불안정하고 느리나요..? 잘 쓰고 있다가 업데이트나 점검하면 꼭 연결 끊기고 재연결도 안되고 에어컨 와이파이 설정할때마다 안되고 이럴거면 제품에 씽큐마크는 왜 박아놓으시는건가요..?,0,4
759,이거 최악이에요 열심히 설치했는데 연결하면 뭐하나요! 전원 원격제어가 안되니 켜지를 못하는데 이럴거면 뭐하러 만들었나요? 전원은 보일러도 원격이 되는데 LG가 못한다니... 실망입니다. 이거 별로에요,0,3
760,정말 잘 사용하고있어요 완전 편해요! 세탁기 공기청정기 정수기 사용하고 있음,0,3
762,전원도 못켜는데 먼 원격이야.. 전원켜러 가는길에 누르면 되지.. 세탁기건조기에는 완전 불필요한 어플이고 전원이 계속 켜져있는 로봇청소기는 쓸만함... 전원 켜는 기능이 절실함!!,0,3
764,휴 업데이트 하면서 기존에 등록된거 안 지우면 안되나요? 매번 다시 연결해야되고 불편합니다. 그리고 잘 되던 공기청정기 연결은 왜 안되는건지,0,4
775,몇일전까지 씽큐앱으로 에어컨 연결해서 잘쓰고 있었는데 갑자기 연결이 안되네요   에어컨은 정상작동하지만 어플에서 꺼져있음으로 떠요 아래 리뷰들 보니깐 어플문제인거같은데 이거 어떻게 해결해야하나요??,0,2
780,얼마전부터 세탁건조가완료되어도 알림이 안뜨네요 앱에들어감 그때서야 실행되고 폰이이상한가싶어 다시재설치했는데 리뷰보니 다른분들도 저랑같나보네요 빠른조치부탁합니다 되다안되니 은근 불편해요,0,3
781,연결이..이리 안대서야.. 얼리어탑터인 저도 공유기 비번 바꾸고 세탁기 부수기 직전.. 엡손.삼성 다 되는데 너는 왜 안되니?  앱 밀고 다시 설치 해서 안되면..졸라 화날듯 재설치 후.. 연결 성공.. 잘좀 해요..LG,0,3
786,앱을 왜 써야하는지 모르겠습니다. 스타일러 자체에 기능을 글씨로 표기되게 해두면 되는데 굳이 앱에 들어가야 새 기능 다운 받을 수 있고 받아둔 기능도 앱에 들어가서 봐야하고..,0,4
788,앱자체에 문제가 있는거 아닌가요? 연결이됬다 안됬다하고 연결이 되도 서버불안정이라뜨고 제품에 연결이 안된답니다. 연결해제는 부지기수로뜨고요 하라는 방법대로 해도 안됩니다. 안되는거면 속편히 포기 할께요.,0,4
789,무선네트워크 특수문자가 들어가면 안된다는데 건조기 스타일러 세탁기 이거는 안되고 냉장고 로봇청소기 에어컨은 되네요 유플러스 와이파이 네트워크설정은 특수문자를 반드시 사용하라고 나와있는데 이거 어쩌란겁니까? 등록안되서 짜증나네요,0,3
792,허구한날 연결해제되고 앱 업데이트하면 또 연결해제되고.... 갑자기 또 연결안되서 새벽에 가게나가사 에어컨 켜러 가야하네요... 진짜 무슨 앱을 이렇게 만들고 IOT라고 제품을 팝니까?? 최악입니다.,0,3
794,아주편리하고 좋아요,0,3
795,이건 뭐..직접 전원버튼을 안켜면 어플사용도 안되고.. 하라는건지 왜 만든건지? 모르겠음..엘지전자에서 어플로 9키로에 없는기능이 다 있다해서 다운받았더니 있기는!!,0,3
803,스타일러 wifi없는 모델인데 다운로드 코스를 사용할 수 없습니다. 스마트 진단만 됩니다. 예전 스마트 스타일러 앱을 살려주거나 다운로드 코스 기능을 넣어주세요.,0,3
815,앱에서 세부 설정을 할수 없어 원격제어라는 말이 무색합니다. 세탁기 건조기 모두 모니터링정도만 가능하니 아쉬워요. 빨리 업데이트 되었으면 좋겠습니다,0,4
816,이것도 스마트앱이라고 개발한건지. 스마트진단은 무슨. 스타일러 바닥으로 물이 줄줄 새는데 무슨 문제인지도 모르고 물통 물버리라고? 스마트라는 용어 함부로 사용하지 말길.,0,3
817,앱업데이크 했더니 잘 되던 에어컨 연결이 계속 안되네요 어제까지 잘만 썻는데 왜 업데이트를 시켜서 한시간째 연결 안되고 있네요 정말 짜증나네요 샤오미 공기청정기랑 가습기는 앱 업데이트되도 잘만 연결되있는데 엘지는 중국보다도 못하네요,0,4
820,아니 앱이 잘 되다가 왜 등록된 기기가 삭제되고. 다시 어플 지워서 다시 깔았는데도 등록이 안되죠??? 어플 실행하면 자꾸 팅겨나가고.. 좀 해결좀 해주세요!!!!!,0,4
821,제품에 와이파이 등록해 놓으면 어플 실행할 때는 와이파이 아니어도 상관없는데 굳이 폰 와이파이를 강제로 켜는건 좀 아닌거같아요. 와이파이 안쓰는 사람은 매번 와이파이 끄기가 귀찮아요 ,0,3
822,와이파이 연결이슈가 저만 있는게 아니었군요  잘 되던 벽걸이에어컨이 갑자기 연결이 안되서 혹시나 싶어 들어와봤더니 리뷰들 상태갘 잘 만들어놓고 왜 관리부재로 개판치시나요 ,0,2
823,기본적으로 편하고 좋아요. 다운로드 코스가 좀 더 실용적이면 좋겠어요.,0,3
825,스타일러를 새로 샀는데 wifi 공유기에 인터넷을 연결했는데 계속 연결이 되지 않습니다.,0,3
826,제품 등록 하려는데 위치 정보를 승인해야 진행이 되네요. 위치정보가 왜 필요한건지 궁금합니다.,0,3
829,좋은 리뷰 남겼었는데 업데이트 하고 나서 다른 분들처럼 연결된게 다 끊겼어요.... 세탁기 알람은 잘 오는데 에어컨 연결이 안 되네요 하.. 정말...귀찮지만 재설치해볼게요...,0,3
833,연결이 됬다고 뜨지만 메인화면에서는 뜨지않습니다 세탁기와 기기연결도 되지않습니다,0,2
835,와이파이 잘 되는데.. 네트워크 연결 해제라 뜨고 기능이 되다 안되다 ..될 때는 편하지만.. 전원 버튼으로 직접끄려해도 cl만 뜨고 꺼지지도 않고 여러번 그러니 화나네요!,0,3
836,삼성 s9 와 스타일러를 nfc를 통해 연동하고 싶은데 연동이 되지 않습니다.  NFC가 동작하는지 않하는지도 모르겠고 스타일러는 아무 반응이 없고..   정말 개발자들만 모여서 만든 앱 같네요.,0,3
838,작년에는 아주 잘 이용했었는데 올해는 서버응답 없다고 그러고 무지 느린데 멜을 두번을 보내도 확인도 안하구 장난해요? 제발 확인좀하세요 지우고 다시연결하려는데 서버응답 없다고 뜨고 미치겠네,0,3
841,업데이트후부터 세탁완료후 알림이 계속 안뜨네요. 앱에 들어가서 확인해야하는걸로 바뀐건가요. 알림이 되서 좋았는데 불편하네요. 블루투스도 앱열면 켜지니 불편하고요.,0,3
843,아니 원격제어하라고 만든 어플이 사용할때마다 등록해놓은 건조기 인식을 못하면 왜 만든건데??? 열받아서 삭제하고 다시 등록할라니 아예 인식조차불가능이네 이딴 거 만들시간에 원격제어로 할 수있는 기능을 건조기에 넣어놔!!,0,4
847,요즘 연결이 잘안되고.... 다시 연결 시도해도 안되고...... 삭제하고 다시 설치하고 설정해도 잘 안되고.... 정말 짜증유발은 최고 별 하나가 아깝다.,0,4
852,업데이트를 언제 진행한건가요? 진행후 에어컨 현재 전기사용량을 확인할수가없녜요 요긴하게 모드별 전력사용추이를 알수있었는데 이건뭔지.. 기존버젼으로 다운시키는게현명해보입니다,0,2
853,핸드폰으로 진단 가능하니 좋네영,0,3
854,제습기 사용중인데요. 씽큐앱으로는 작동되구요. 구글홈으로 연동하려하니.. 제품 등록이 안되네요. 구글홈은 사용할 수 없나요??,0,3
857,왜이럽니까?1년째 잘 사용하고있다가 며칠전에 서비스점검 이후로 등록되어있던 제품들 다시 재 등록하라고 뜨네요.. 어떤거는 되고 어떤거는 다시 등록해야되고 불편합니다!,0,4
870,건조기한번 연결하면 통제하게 해줘요 계속 전원인가할때마다 원격제에3초 버튼건조기에서누르게말고 어플에서키든하게해줘요 백만원넘는게 전원도어플로못키고 제어하려면 건조기 버튼다시누르고 뭐하는짓인가요,0,3
872,자꾸 오류 나는데.. 집에 있는 다른 가전제품은 네트워크에 연결이 다 되어있는데 몇백만원 하는 에어컨이 연결이 됐다 안됐다 하는 게 정상입니?,0,3
873,사용하기편하네요.다만 위젯기능도있음좋겠네요.공기청정기사용하는데 어플들어가서켜고끌려니 조금 귀찮음.위젯기능만있어도 별 5개임.,0,2
875,미세먼지 알리미 계속 연결해제 되어 제품네트워크 확인하라고 뜸 공유기는 항상연결되어있는데 어플종료 후 다시 들어가면 한번은 확인가능한데 뒤로갔다 다시들오가려고하면 또 연결해제 됨,0,3
877,요즘 왜이러케 연결이안되나요? 씽큐때문에 구매해서 사용중인데 이게 이렇케 안되면 비싼돈 주고 구매한 의미가 없네요? 백색가전은 엘지라는 말도 이제는 다 옛말이된건가요 관리좀 제대로 해주세요,0,3
881,편리하네요. 원격으로 청소 시킬수 있고 청소 못해서 스트레스 받을일 없네요.,0,4
882,다 좋은데.. 조금 아쉽네요  이번에 에어컨 세탁기 김치냉장고를 lg 제품으로 바꿔서 유용하게 쓰고 있긴한데 외부에서도 전원을 켤 수 있으면 좋겠어요,0,3
883,냉장고 연결 안되다가 기기 와이파이에 있는 냉장고 와이파이의 설정 정보를 삭제하고 다시 등록과정을 진행하니까 잘되네요 이점 참고하셔서 등록 성공하시기 바랍니다,0,3
886,정수기랑 건조기에 기능이 있어도 안쓰다가 이번에 세탁기를 트윈워시로 바꾸면서 신랑이 연결해줘서 사용하고 있어요빨래넣어놓고 다른일 하다가 깜빡해서 건조기 넣는거 까먹거나 건조기 다돌아갔는데 깜빡하고 건조 다된 빨래 넣어놓을 없어서좋아요이 똑똑한 어플 진작 설치해서 쓸껄 그랬어요가전은 역시 엘지,0,3
890,어떻게 이넘의 어플은 좋아지질 않을까요? 업데이트를 하고 나서 이제 하나하나 연결도 됬다가 안됬다가 느리고 어플을 관리하는 사람은 쓰긴하는거냐?,0,3
891,이거 뭐죠? 제품확인 상태만 계속이고 연결이 안되고 있어요. 와이파이 문제는 아닌거같고 삭제했다 다시 실행해도 마찬가지에요. 빨리 수정해주세요.,0,4
893,잘쓰고 있었는데 제품목록 다 삭제되버리고.. 다시 등록했더니 하루만에 연결해제라고 뜨고 연결도 안되고..어플이 문제인건지 엘지 기기들이 문젠건지..,0,4
902,어플에서도 김치냉장고의 상황을 변경할 수 있었음 좋겠고 세탁기도 어플에서는 세탁이 끝났다는 상황 알림 말고는 설정할 수 있는 게 전혀 없어서 무용지물인 것 같아요...,0,3
906,스탠드 에어컨은 연결이 잘 되는데 벽걸이 연결했다가 서버로 응답이 없다고 하며 어플 실행자체가 안되네여.. 이거 쓰려고 에어컨 돈 더주고 산건데..,0,4
908,정말 불편하네요 와이파이 연결 다되서 있는데 자꾸 해제되고 연결 안되고 대체 왜 만들어 논건지 모르겠네요 샤오미도 쓰는데 중국 산도 이러지는 않아요 만들꺼면 좀 제대로 만드세요 그래도 lg라고 가전들 다 비싸게 주고 샀는데 맨날 스트레스네요,0,4
911,thinq가 붙어있는 스탠드 에어컨인데 연결자체를 못하네요? 하 진짜 앱 수정은 해주지도 않고... 정말 최악 진심 왜 LG가전 샀나 싶을정도입니다.,0,3
912,공기청정기 와이파이는 뜨는데 더이상 진전이 없어요. 하아 이 어플 받았다 삭제하길 몇 번을 했는지...짜증나네요.,0,3
913,업데이트전이고 후건 지금계속 제품등록이 안되고있어요 그전에는 다연결되고 사용잘되고있었는데 어느순간 연결도안되고 다시지우고 처응부터 다시해도안되고 어떻게 다시 쓸수있도록해주세요,0,4
919,다른 제품들은 아직 쓸만한 기능이 없지만 공기청정기 제어 기능만으로도 충분히 만족하고 있습니다. 귀가 전에 작동시키면 집에 들어갈때 기분이 좋아요.,0,3
922,편리하고 좋아요. 다만 좀 더 기능이 추가되고 개선되면 좋을 것 같습니다. 국내용도 알렉사나 구글음성인식 될까요?,0,4
929,사용하기가 편리합니다.,0,3
930,공기청정기 쓰는데 연결도 힘들고 구글어시스트 음성 인식 쓰는데 onoff 밖에 안되네요. 공기 상태 같은것도 안알려 주네요.,0,3
931,좋아요. 더 많은 가전이 연결되었음 좋겠어요. 집에 들어가기 전에 공기청정기 켜놓고 가는데 편리합니다.,0,3
932,로보킹 등록 마지막에 제품정보 다운로드 중... 에서 계속 머무르더니 결국 청소기에서 연결실패라고 하네요 ,0,3
939,로보킹에서 집안을 cctv로 볼수 있는 것이 너무 좋네요. 그리고 집에 들어가기전 냉방을 미리 할수 있는 것이 좋습니다.,0,3
946,LG는 SW는 비싸더라도 외주주세요. 필요할때만 서버연결해야지 기본적으로 서버연결이안되면 앱이 실행도 안되게만들면 너무하네요..,0,3
948,폰연결이 안되네요 다른분이 말씀하신 비행기모드로하고 와이파이 켜도 안되네요 연결방법 설명바랍니다. 노트9 사용자입니다.,0,3
952,잘쓰고있다가 갑자기안되서보니 5ghz는 못쓴다고 메시지가 자꾸 뜨네요 어제까지도 잘만 썼는데 왜 이러죠 해당네트워크는 2.4가 맞는데말이죠 앱좀잘만들어주세요 기계만잘만들지말고,0,4
953,작년에 에어컨사용시 앱으로 조정하는데 별문제가 없었던거 같은데 요새 계속 오류로 꺼지고 모래시계처럼 동그라미만 돌아가고 제대로 연결이 안되니 불편하네요,0,3
955,밖에서 에어컨 공청기 켜고 끌수있어서 좋아요.,0,3
956,갑자기 로그인이 필요합니다 라고 뜨더니 접속 자체가 안됨 로그인이 필요합니다 예 눌러도 계속 로그인이 필요합니다 라고만 뜸,0,3
958,아니 잘쓰던 어플 왜 연결이 안되나요??? 로봇청소기 에어컨 세탁기 냉장고 모두 엘지껀데 왜 어플이 실행 안되죠?  한시간째 에어컨 연결중....도랏맨,0,3
962,업데이트 하고나서부터 모든제품등록 연결은 끊기고 세탁완료 알람만 계속되는데 지웠다 깔아도 똑같고 어찌해야하나요 연결이 안됩니다 엘지와이파이 연결되었나보라는데 연결이 안되구요,0,4
965,스탠드에어컨은 스마트씽큐에 연결 되어서 잘 사용되는데 벽걸이 에어컨은 연동이 잘 안됩니다. 아무리 해봐도 잘 연결이 되지않습니다.,0,3
972,잘쓰고있었는데 갑자기 연결이 안됩니다. 어플도 지워보고 와이파이 재설정도 해보고 제품삭제도 해봤는데 안되요.,0,4
975,와이파이 연결 어떻게 하나요?? 공기청정기 제품을 연결하려해도 lge 와이파이는 잡히지만 어플상에 다음으로 넘어가는 버튼이 활성화 되지를 않는데 어떻게 해결하나요?? 아직 파이OS를 지원하지 않는건가요??,0,3
981,등록100 뜨고 목록에도 나옴해도 실행하려고 하면 설치가 안됐다고 나오네요 기가 막히는군요 굉장히 불쾌합니다.,0,3
983,업데이트후 로그인 연결되는게 아니라 팅겨요잘쓰고 있었는데.,0,4
984,가전은 무조건 엘지!! 라고 외치며 온갖 신혼가전 다 엘지로 했는데 요 어플까지 사용하니 쇼파에 앉아 시간과 완료도 볼수있어 너무편하네요. 또한 다양한 다운로드 코스도 너무 좋아요!,0,3
986,이게 와이파이 네트워크가 깔려잇어야만 사용가능한거죠? 와이파이 안쓰는사람들은 연결못하나요? 네트워크찾기 다음에 뭐를해야되는지몰겠어요,0,3
990,9kg건조기 액정에 모든 선택사항이 없는 대신 앱을 이용하는것은 편하네요 다만 설치시 설명을 못받으면 건조기 기능을 제대로 활용못할듯 합니다,0,4
994,이 앱 사용중인데 에어컨은 온오프가 되는데 올레드 티비는 전원을 끄는 기능만 되고 켜는 기능은 먹통입니다 두제품 모두 엘지입니다 폰은 Q6사용중입니다,0,3
997,제습기는 구글어시스던트와 연동 안되나요? 계정 연동 시켜도 제습기는 나오지 않네요? 스마트띵큐가 구글에는 나오지만 연결해도 제습기는 없는것 같은데요,0,3
999,에어컨 접속하기 진짜 힘드네요 서버 관리 안하시나요? 연결이 되야 IOT지 이건 뭐 리모콘만도 못하니 원,0,3
1000,세탁기 세탁 완료시 메세지도 오고 다앙한 제품 상태 확인공기청정기도 가능해서 편리하네요.,0,3
1001,사용잘하다가 아예 갑자기 실행이 안됩니다. 어플이 계속 중단됨. 지웠다 깔아도 계속 중단됨 멘트만 나오네요,0,4
1003,퓨리케어 스마트폰 연결이 안되요. 세탁기랑 트롬은 되는데 공기청정기는 계속 스마트폰이랑 연결 안된다고 뜨네요. 뭐가 문제죠?,0,3
1007,서버 터진줄도 모르고 와이파이 재설정하고 어플 몇번이나 지웠다 설치했다 하고 제품 삭제했다가 아예 등록도 안되고....혼자 뻘짓거리했네요,0,4
1008,접속 잘안되고 서버문제라고 재실행하라 종료되고 접속 오래 걸리고 등록제품 사라지고 앱 업데이트 왜한건지 개발자들 정말 능력이 없는듯,0,4
1011,업데이트후 에어컨 실시간모니터링 개판 됐네요 빠른시일안에 개선해주세요,0,3
1012,접속이 아주 느립니다. 리모컨 찾는게 빠르겠어요,0,2
1015,세탁기알람이 왔다안왔다 좀 짜증나요..그리고 건조기 와이파이로잡는게 아니면 알람못받아서 좀 슬프네요이건 어쩔수없는것같긴하지만요..,0,3
1018,왜 뽁뽁하면서 이유없이 수시로 앱이 뜹니다. 삭제도 안되고 뭐때문에 이러는지 제발 앱 삭제 방법좀 알려주세요. 넘 불편합니다.,0,3
1025,앱과 제품연결이 불안정하네요... 앱이 이번에 업데이트되고 나선 아직까진 괜찮은거 같은데 앞으로 개선을 더 해 주셨으면하네요,0,4
1033,원격제어가 되다 말다합니다. 원격제어 기능을 탑재할거면 프로그램도 제대로 만들지 쓸데마다 짜증납니다.,0,3
1034,와이파이 다 연결했는데 제품상태 확인이 안되네요 계속 잠시 기다려 달라는 말뿐.... 먼가여이거... 한시간 넘게 다시하는데 안되네요,0,4
1036,에어컨 연결끈켜서다시연결할려고하는데 리모컨으로 와이파이 세팅하면 에어컨에와이파이표시가안되요 빨리해결좀해주세요 잘되다가안되니깝깝하네요,0,2
1041,어플이 편해요 지금 저는 공기청전기 건조기 같이 쓰고 있는데 어플이 와이파이 연결해서 바로 바로 휴대폰으로 작동할수 있으니간 엄청 편해요,0,2
1043,초반 로딩이 타 어플보다 느림. 제품 목록 순서는 등록한 순서대로만 표시되고 변경 불가.,0,4
1045,로봇청소기가 모바일과 연결이 많이 끊기고 연결도 잘 안됩니다. 나머지는 좋습니다.,0,3
1046,세탁기 사용합니다. 좋습니다. 남은 세탁시간 편리하게 알 수 있어요. 다른 기능은 더 써봐야 알겠네요..세탁코스 다운로드도 이 앱에서 하는거 맞나요?,0,3
1047,냉장고건조기세탁기공기청정기 다 절차대로 했는데 제품과 연결되지 않았다고 뜨네요 이유가 뭘까요,0,3
1049,공기청정기 사용하면서 다운받아 편하게 썼었는데 건조기 구입하면서 같이 활용하는데 너무 좋네요 기계치인 저도 편히 사용하고 있답니다 ,0,3
1050,와이파이 블루투스 강제로 켜짐 끄는거 대체 어디에 있나요? 실행할때마다 강제로 켜져서 정말 짜증나네요.,0,3
1052,서버로부터 응답이 없다고 계속뜨네요. 와이파이 연결까지 가능한데 그 이후로 제품상태확인은 불가능합니다.,0,4
1057,예약도 되고 좋네요!! 기계 켜짐과 문열기 도 가능하면 좋겠는데.. 안되는 이유가 있겠죠??,0,3
1058,편하고 사용하기좋고 공기청정기랑 연결이 아주 잘됨! 정말 잘 사용하고 있음,0,3
1059,업데이트 이후에 에어컨이랑 공기청정기 세탁기가 연결해제되었고 그 후로 연결이 안되네요....,0,3
1060,왜 꼭 한번씩 등록된 제품들이 몇개씩 연결해제 되었다고 정보를 못 읽는지.. 휴.... 잘 되다가도 한번씩 진상..,0,4
1063,유용하게 잘 쓰고있읍니다 다만 앱실행시간이 너무오래걸려요 조금만 가벼워졌으면 빠를텐데....,0,3
1065,연결이 쉽고 잘된다. 만족함. 냉장고와 스타일러 연결해서 사용중,0,3
1067,와이파이 연결이 안되요!!! 처음 한번만 연결되고 계속 연결이 안되는데 왜이런거에요진짜 답답하네!!,0,3
1068,냉장고하고 드럼세탁기 등록할려니 서버 접속이 안된다고 합니다 방금전에 티비 공기청정기하고 제습기는 다 등록했는데 2개 제품은 도저히 안되네요,0,4
1069,앱 구동 속도가 너무 느리고 로봇청소기 기기 업데이트 시 기기와 연결이 계속 끊어집니다.,0,2
1072,외부에서도 상태 확인할수 있어서 너무 좋아요,0,3
1074,다른일하다가도 세탁이나 공기청정기 제습기 정수기 등등의 상태나 완료를 확인할수있어서 아주 유용합니다,0,3
1077,kt충정로화재 이후 물 사용량 기록이 안됩니다. 앱 삭제후 다시 설치해 보았지만 똑같습니다. 왜 그럴까요?,0,4
1078,전원이 안켜지믄 원격제어가 안되는점이 아쉽네요!전원을 계속 켜놓을수도 없고...그런것 말고는 잘 쓰고 있어요,0,3
1082,아 진짜 서버 너무 엉망임 틈만나면 서버 문제로 폰으로 에어컨제어도 못하게 만들고 짜증남. 어플을 뭐 이따구로 만드는지,0,3
1084,왜 어플이랑 제품이랑 연결 안되는거 안고쳐요? 메일 달래서 보내도 왜 답변 없어요? 왜 일 안하는 거예요?,0,3
1090,편리해요 외출했을때 30분전에 에어컨 실행시켜서 집에오면 시원하고 세탁기나 건조기도 다됐을때 알림오구 너무 좋아요,0,3
1092,업데이트후에 건조기 원격이 안되요...상태는 보이는데 원격설정할라하면 설정중 상태에서 남어가질 않네요...후... 짜증,0,3
1093,갑자기 연결안되고 어플 서버응답없다고 꺼지길래 나만이상한가해서 한시간동안 별짓을다하는데 나만이상한게아니었군요 ,0,2
1096,한번씩 끊길때도 있지만 유용하게 잘 씁니다,0,3
1097,건조가 완료되면 건조기가 꺼지니까 연결이 안됨 어플의 의미가 없네요 기능도 별로없고 개선바랍니다,0,3
1099,얼마전까지 잘되었는데 최근 업데이트 이후 로그인이 안되네요. 앱 오류 나는 것 같아요,0,3
1103,서버로부터 응답이 없습니다. 떠서 확인 누르면 앱이 그냥 꺼져요. 접속 해볼라 했더만 아무것도 안 되네요,0,3
1104,세탁기는 전원이켜진상태로 모드설정해야한다는게쫌 그냥.키고.끄고돌리고. 다될수있음좋으련만,0,3
1106,연결이안되네요 와이파이에 lge어쩌고하는게 자꾸오류라고떠고 공기청정기 껐다꼈다를 반복해도 안되는데 빨리해결해주세요노트9입니다,0,3
1108,다 좋은데용 어플 실행하면 서버의 뭐가확인이 안된다고 자꾸떠요 뒤로가기누르면없어지고 확인 누르면 어플종료되구요 개선해주세욥,0,3
1110,잘사용하고있다가 몇일전에 연결이 끊겨서 앱부터 다시깔고 제품등록이 안되네요 빠른 조치 부탁드립니다,0,4
1112,lg의 생활가전들을 아주 편리하게 사용할 수 있어 좋네요,0,3
1113,업데이트 한 뒤로 로봇청소기 청소 시작 종료 알림이 뜨질 않아요. 왜 구런거에욤?,0,2
1114,잘되다가 갑자기 안되요 로그인하라고 뜨는데 확인버튼 눌러도 로그인화면으로 이동이 안됩니다,0,3
1116,연결하느라 힘들었지만 막상 연결되니 편하네요특히 냉장고 안에 음식관리가 좋네요,0,3
1117,세탁기와건조기구입사용중인데요 세탁 건조 완료알림오는건좋은데 완료외면 전원이꺼져서 세탁건조 완료된시간이 표시되었으면좋겠네요,0,3
1119,좋습니다 다만 어플이 너무느리네요 조금빠릿빠릿했으면 좋을거같아요 티비설정티 셋탑도 컨트롤할수있으면 더좋을것같기도합니다,0,3
1125,정말 편하고 좋습니다. 세탁완료시 알림뜰때 시간도 같이 표시되면 더 좋을 것 같아요,0,3
1127,로딩과 접속이 조금 느리지만 원격기능이 유용하고 편리합니다.,0,4
1129,업데이트 되고 에어컨 와이파이 연결이 안돼요 잘사용하고 있는것 왜 업데이트 해서  언제 고쳐주는가요,0,3
1133,외출시 가전제품들 관리하기가 정말 편해요,0,3
1135,이거 KT홈와이파이 특수문자때문에 연결이 안돼.. 재설치하니 연결이 되긴 하네요,0,3
1136,얼음정수기냉장고 양문형을 쓰고있는데 어플에 제품등록까지 하다가 스마트폰과 제품 연결이 아예 되지않네요..,0,4
1137,연결해제 뜹니다. 메일도 보내놨는데 해결이안되네요. 빨리 해결 좀 해주세요.,0,3
1139,드럼세탁기 기능 잘 쓰고 있습니다. 넘 편리해서 다른 가전도 스마트씽큐 가능한 모델로 바꾸고 싶어요.,0,3
1140,스마트하게 잘 쓰고 있어요. 몇몇 제품은 자동으로 켜지지 않는게 조금 아쉽네요 ,0,2
1144,처리중 오류 500E가 뜨면서 모든 루트의 가입절차가 진행되지 않습니다.,0,3
1146,스마트폰으로 공기청정기 상태 및 필터 상태 확인이 모나터링이 되어서 좋아요,0,2
1149,최신 업데이트 후 에어컨 및 스타일러가 연결이 강제 해제되고 재연결이 안됨 어플 재설치해도 안됨 빨리 조치하시요 엘지,0,3
1150,제품 설정 설명이 구버전으로되어있어 설치기사분한테 별도문의하여설치완료함.,0,4
1155,업데이트 후 타워형 에어컨이 잡히지 않는다.  뭐가문제인가,0,3
1157,건조기랑 세탁기를 연결시키니까 너무 편리하고좋아요! 그래서 별 5개 드려요 홧팅입니다!,0,3
1158,편리해요 단 세탁기와 건조기 같은 경우 원격으로 전원 ONOFF가 되면 더 좋겠어요...,0,3
1159,너무 편리하고 좋아요. 건조기정수기공기청정기 쓰고 있는데 오류없이 잘 되요,0,3
1161,서버로부터 응답이 없다고 계속 꺼지네요  오죽하면 지우고 새로 깔았는데... 아무것도 없는데 응답이 없다니요...,0,3
1162,편하고 좋은데 제품감지하는데 가끔 에러가있네요 에어컨도 와이파이가 다 켜지고 휴대폰도 다켜져있는데 감지를 못함,0,3
1163,외출시 건조상황을 알수있고건망증있는사람에겐 좋음.작동법도 앱을통해알수있었어용.,0,3
1164,편리한 가전을 더 편리하게 쓸 수 있는 앱 정말 편리하고 좋네요. 알림을 줘서 참 편해요.,0,3
1167,앱이 너무 느리네요.. 에어컨이 안좋은건지지.. 샤오미 만도 못한 성능에 사용할때마다 답답함,0,4
1171,잘쓰다가 몇일전부터 안되더니 이젠 아예 안되세 새르깔았는데 제품등록부터 막힘그 리모콘으로 하는데 와이파이버튼이 에어컨에서 깜빡이질 않음...,0,3
1172,에어컨이 앱으로 원격이 안되네요. 앱 업데이트 후부터 안되는데 앱도 안정화 못 시키나요...,0,3
1179,터치없는 냉장고 와이파이 설정 2단계에서 더 이상 넘어가는 버튼이 없는데 어떻게 하나요?,0,3
1182,갑자기 느리고 로그아웃되고 다시 들어가니 제품등록된거 다 사라지고 뭔 앱을 업데이트를 했나 쓰레기 앱이 되버렸네,0,4
1185,세탁기 사용기록이 9일까지만 나오네요. 계속 세탁 완료알림은 떳는데 뭐가문제죠?,0,3
1186,좋지만 예약기능에 취침모드 설정 등 좀 더 구체적인 설정기능이 추가되기 바랍니다.,0,4
1187,생각보다 편리하네요.. 지방에 가 있어도 애들이 세탁한거까지 알수있어서 좋아요. 세탁물이 세탁기안에서 잠들지는 않아요 ,0,4
1188,세탁 완료시 알림이 소리로 안오고 알람내역으로만 표시가 되요.설정들어가서 알림설정했는데도 그래요,0,3
1189,이거tv가 연동은되는데 제품등록목록에는 안나오네요 그래서 클로버연동시 tv목록이 아예읍습니다 점검이필요할듯해요,0,4
1191,앱을 어케 만들면 이렇게 버벅이는지.... LG제품으로 가전 다쓰는데... 청소기 성능은 괜춘한데... 앱은... 진짜... 쓰레기 수준....,0,4
1193,알고는있었는데 안쓰고있다가 친구가 너무 추천해서 썼는데 와.. 짱이예여,0,3
1194,알림기능 참 편리하네요. 전원을 켤수 있는 기능이 추가되면 좋을 듯합니다.,0,3
1196,태끄온으로하는건 등록되는데 와이파이로하는건 오류나면서 제품등록안됨 와이파이문제가아니라 앱오류임,0,2
1198,미세먼지 알리미 등록후 연결안됨 해당제품 초기화해도 안되고 제품 삭제도 안됨,0,4
1204,좋아요. 제품 연결이 잘 안 되는 경우가 있어요.,0,4
1208,세탁기 건조기 남은 시간 표시기능이 아주 편리해요.,0,3
1210,에어컨 작년에 사서 작년에는 그럭저럭 편리했었는데 지금은 연결도 절끊기고 느리고... 불편하네요,0,2
1211,밤만되면 에어컨과 연결이잘안됨 직원들퇴근해서 그런가? 반응도느리고 여러므로 엘지가전제품은 구입안하는게 좋을거같다는생각이 이 앱사용하면서 드는생각임,0,3
1212,사용할땐 다 좋은데 왜 로그아웃이 안되죠??아무리 눌러도 안되서 삭제하고다시깔고해야하네요 그리고 제품등록도 안되요 전엔 한번에됐는데 지금 30분넘게 붙잡고있는데 안되네요,0,4
1213,사용이 편리하고 다양한 기능이 있어 사용하기 좋은 제품입니다,0,3
1214,편하게 잘쓰고있어요 살짝느리긴하지만..,0,3
1216,사용 잘 하구 있습니다.,0,3
1219,안녕하세요 LG ThinQ앱을 쓰고있는 사람입니다. 다른제품은잘되는데 세탁기를사용할려고 하는데 Tng on를사용할려하는데 세탁기 전원을 켰는데도 제품의 전원이 켜지지않아 사용할수없습니다. 라는문구가 떠서 다운로드가 안됩니다. 그리고 정수기는 스마트케어 진단을 할려하는데 소리로 진단이 불가하다 는말만뜨고 스마트케어가 안되요.해결책 알려주세요. 빠른 답글부탁드립니다. 답글좀 빨리해주세요 에러발생 장면을 캡춰를 했는데 어떻게 올려요? 고객계정은 무슨 계정이요?? 정수기 모델명 WD302GB 세탁기 모델명 T17DH 입니다.,0,3
1221,tv 연결하는데 계정연결에 문제가 있습니다. 연결이 안되네요,0,3
1222,어제 점검 후 벽걸이에어컨과 연결이 잘 안되더니 아예 안됩니다.,0,4
1224,편하게 잘 쓰고 있어요,0,3
1226,알람되서 편하네요 근데 와이파이 기능없는 제품은 안되서 아쉽네요 비싸게 주고샀는데하하,0,4
1227,세탁기 건조기 스타일러 등의 제품도 타 제품처럼 전원을 켤 수 있으면 더 좋겠음,0,3
1229,업데이트 되고 연결이 굉장히 느려졌고 서버와 연결이 원할하지 않다고 하는 경우가 잦아졌네요,0,3
1230,잘쓰고있었는데 왜갑자기 세탁완료알림도 그렇고 안되는거죠? 개선해주세요,0,3
1234,이사하면서 세탁기바꾸고사용중인데 너무좋아요.다른일하다가도 앱에서세탁상황이체크가능해서너무편리하네요,0,3
1235,제품연결도 쉽고 다른볼일 보며 제품사용할수있어서 너무편리하네요,0,4
1236,에어컨은 연결상태를 유지하는데 스타일러는 계속 꺼지네요 ,0,3
1238,편리하고 실시간 정보알수있어서 좋아요. 폰으로 제어도 되고 좋은 세상입니다.,0,3
1243,연결이 되어야 쓰죠.. 에어컨 냉장고 다 연결안됨,0,3
1246,제품을 켜는기능도 필요함 생각보다 기능이 없음 느리고 인터페이스가 불편함,0,4
1250,작년에 참 잘 썼는데 너무 느려지고 느려도 사용이 됐는데 밤만 되면 먹통이네요 개선 좀 빨리 해주세요,0,4
1251,업데이트전에는 잘됏엇는데 후에는 검색하는데도오래걸리고 연결이잘안된다하고 거의 먹통이네요,0,4
1252,세탁기 냉장고 에어콘 건조기가 엘지꺼라 이어플연결해서 쓰니 너무 편리하고 좋아요,0,3
1253,에어컨과 의류건조기 쓰면서 사용하고 있어요. 편리하네요.,0,3
1254,업데이트이후 세탁완료알림이 안와요 개선해주세요 세탁기 돌려놓고 잊을때가 많아 씽큐사용후 좋았는데 빨리 해결부탁드려요,0,3
1255,새로운코스를선택할수있어좋으나원격제어시 코슨선택후원하는대로추가행굼을추가할수없어서 아쉽내요,0,2
1265,전원을키고 원격제어를 눌러야만되는게 불편해요 밖에있을때 작동하고싶은데,0,2
1273,엘지 폰으로 엘지 앱깔아서 엘지 가전연결하려는데 안되네... 앱 개발자 누구냐..정말 너무하네..,0,3
1274,서버 연결 실패가 뜨며 그냥 꺼져버림. 할 수 있는게 하나도 없음.,0,2
1280,엘지 스마트 팅 어플 처음써보는 건데 편하고 좋네요. 핸드폰으로 확인할수있어서 좋아요.,0,3
1281,모든 가전이 LG가 아닌 것이 아쉬울정도로 너무 편합니다!!,0,3
1284,에어컨을 원격으로 켤수있어서 좋은데 어플자체가 좀 느려서 별하나는 뺐어요,0,3
1292,쓰라고 만들어논 앱 일건데 매번 서버응답이 없고 기다리기만 하다가 결국 안되네요 이거 왜이럼?,0,3
1293,현재 서버로부터 응답없다는데 왜그런건가요 잘사용하다 오늘부터 이럽니다 다시 깔고 제품등록할려니 계속 서버 응답없답니다 빠른조치바랍니다,0,4
1296,네트워크 연결이 안된다고 하여 어플자체가 안켜짐,0,3
1298,처음 접속시 부팅하는 속도랑 시간이 너무 느려요.,0,4
1299,의류건조기 종료시간도 알 수 있고 작동도 할 수 있으니 편하고 참 유용하네요 진짜 좋은 세상입니다 ,0,3
1305,사용시간 확인 및 상태 확인 엄청 편하게 사용중 입니다!,0,3
1306,어플 업데이트 이후로 에어컨 연결해제되고 다시 연결이안됩니다. 잘 쓰던게 안되니까 답답하네요 FQ17D8DWAN 모델입니다,0,3
1307,너무 느림. 삼성 스마트띵스 벤치마킹 좀 하세요.. 속도가 무슨 56k모뎀보다 못합니다..,0,2
1308,좋아요. 기능 UI도 직관적이고 사용하기 편리합니다,0,3
1309,편리하고 자세하게 잘되어 있어서 좋네요,0,3
1311,입수가 문제인줄 알았는데 진단후 배수가 문제인걸 확인해서 도움 많이 받았어요,0,3
1312,갑작스런 세탁기 오류에 사용하니 너무 좋았어요. 정말 편합니다,0,3
1313,외부에서도 바로 작동 및 확인이 가능하여 편리하네요,0,3
1316,시간얼마나 남았나 확인하러 안가고 앉아서 폰으로 확인할수있어서 편하고 좋으네요,0,3
1318,정수기 바꾸면서 사용해 봤는데 물을 얼마나 마시는지 확인할 수 있어서 참 좋네요,0,3
1320,전원을 누루고 원격을 눌러놔야 사용이 가능한건 정말 아쉽네요,0,2
1321,건조기연결해놓고썼는데..갑자기연결이안되네요...,0,4
1323,공기청정기 사용중. 아주 편리해요.역시 엘지,0,3
1324,소음도 없고 냉기도 잘 나오고 넘넘 만족스럽습니다.,0,3
1328,설치하려는데오류코드910뜨면서계속실패네요. 어찌하나용,0,3
1333,완료시간도 알려주고 조금이지만 외부컨트롤 기능도 있어서 유용합니다,0,3
1335,문제점을 메일로 보내달라 하셔서 메일 보냈는데 확인도 없으시고... 사용자는 어떡합니까?,0,3
1343,생각보다 많이 쓰고있어요 공기청정기 집에 들어가기전에 켜놓기용으로요,0,3
1350,매우편하고좋아요. 이앱때문에 가전을 다 엘지로바꾸고싶습니다.,0,3
1351,어플은 좋은데...동작하고나서 기계 연결하는데 너어무 오래걸려요...,0,3
1352,계속 서버문제로 제품등록이 안됩니다 조치가 필요한듯 하네요,0,4
1357,사용하기 쉽게 설명도 잘 되어있고 인식도 잘하네요.,0,3
1358,업데이트 한거죠? 그 후부터는 에어컨 시간예약을 하려면 연결도 안되고.. 답답해요..,0,4
1359,구글홈과 연동되지않습니다 연동되는것처럼 넘어가다가 되질않네요 확인해주세요,0,2
1362,건조기 다되면 알려줘서 좋아요,0,3
1365,스마트폰으로 외부에서도 가전 조작 가능하고 좋아요!,0,3
1368,건조기나 세탁기 공기청정기 돌려놓고 밖에서도 상황이 확인되서 좋아요,0,3
1370,세탁기 건조기 완료알림이 안됩니다.앱 삭제후 다시 깔아도 마찬가지입니다.,0,4
1371,밖에서도 온오프 및 설정이 가능해서 편리합니다,0,3
1372,요즘들어 접속이 잘 안됨 연결해제라고 뜸 잘쓰던 앱이 왜이래요,0,4
1375,원격으로 전원도 켜지면 더 편리할 것 같다.,0,3
1376,왜 어플 실행만 하면 와이파이랑 블루투스가 자동으로 켜지나요?,0,2
1378,에어컨등록하고 잘 쓰고있었는데 갑자기 안되네요 등록도 안됩니다,0,4
1380,모니터링 잘되고 재미있는 앱이네요 원격제어보다는 모니터링 위주로 사용 하심이 좋겠네요,0,3
1384,상태확인만 가능하네? 설정은 안되고 와이파이기능은 왜 달은겨 그러니 맨날 삼성한테 처발리지,0,4
1386,광파오븐에 와이파이NFC 다 동원해도 연결이 안됨. 스마트THINQ 라벨을 벗기고 싶음,0,2
1387,앱 실행할때마다 와이파이가 켜져서 불편해여.,0,2
1389,건조기랑 연결해서 사용중이에요. 넘 편리해요,0,3
1395,진단기능 너무 좋아요,0,3
1396,와이파이 연결이 가끔 안돼는거 빼고는 괜찮네요,0,2
1399,처음 연결할때 조금 번거로웠지만 연결등록후에는 세상 편함...,0,3
1401,건조기.세탁기 원격이 안되는이유가 아이들이 들어가는 안전사고라니 구더기 무서워서 장 못담근다는 속담이 딱맞아 떨어지네요. 스마트씽큐 연결하고 제품등록단계에서 등록이 안되면 처음부터 다시해야함. 정말 스마트 답게 업그레이드 되길 기대해보네요.,0,4
1402,알림 소리 변경 기능 있으면 좋을 듯. 메시지를 읽어주는 것도 좋을 것 같고.,0,3
1405,어플을설치했는데 구글플레이통해서 들어가지는데 폰에는 어플이 깔린게보이지않아요 조치해주세요,0,3
1408,럼청 편하고 좋아요,0,3
1409,모니터링 수준... 동작제어 안됨. 4개 가전 사용중 .,0,3
1410,밖에 나와 있어도 세탁기와 건조기 작동 시간을 확인할 수 있고 종료되면 알림이 와서 좋습니다.,0,3
1413,타사 원격 서비스 앱들보다 기기 연결 속도가 느려요.,0,4
1418,어플로 공기청정기 작동이 훌륭하네요!,0,3
1424,스마트 폰으로 에어컨 상태를 조정 한다니 마냥 신기방통합니다,0,3
1425,가끔 의류건조기 사용하지도 않는데 건조가 완료되었다고 알림이옴,0,2
1431,좋아요  초기 접속시 조금 느린거 빼고 다 좋아요,0,4
1432,처음 사용해보는데 좋습니다 비싼 이유가 있는듯 합니다 잘 쓰겠습니다,0,3
1434,V50S로 연결해봄... 좋음,0,3
1441,LG제품과 연동되어 매우 편리하게 사용하고 있습니다.,0,3
1442,집에서 lg에어컨과 lg광파오븐 사용중입니다 구글홈을통해서 에어컨 및 오븐제어 안되나요? 구글홈에서 디바이스 등록할때 띵큐계정으로 로그인을 해도 등록이 안돼네요,0,2
1445,필터 관리 및 예약 설정이 편리함,0,3
1447,반응이 엄청느리고 서버오류도 수시로 나오고 정말 짜증남,0,3
1448,SmartThinQ가 실행중입니다 이 알림좀 끌수있게 해주세요,0,3
1450,스타일러 NFC기능 어케쓰는지 모르겠고 코스도 탈취코스가 어디있는지 모르겠네요 ,0,3
1452,가전은 LG가 최고죠!! 어플도 잘 사용하고 있어요 ,0,4
1455,밖에서도 제품사용과 확인이 가능해서 좋습니다,0,3
1457,lg폰 사용이 아니라서 그런가요? 연결이 너무너무너무 불안정 합니다.,0,3
1460,아니뭔 가입을 할 수 있게 해줘야 쓸거 아닙니까 이걸로 연결해도 저걸로 가입해도 오류가 뜨면 사용을 어케 하나여????????!!!!,0,3
1462,가전을 편리하게 조정할 수 있는 유용한 앱이네요,0,3
1469,사용할라고 하면 맨날 점검 점검 잘 만들어서 편리하게 사용하게 해주세요,0,4
1470,세탁기 전원이꺼지면 어플로 작동이 안되서 불편함,0,2
1471,업데이트 후 이상해짐 제품 다시 등록해야 되네 ,0,4
1480,원격 매번 다시눌러줘야하는것만 수정하면 좋겠습니다,0,3
1483,어플실행시 바로튕깁니다,0,3
1484,에어컨 꺼짐 예약 분단위로 되게 업데이트 좀 해주세요,0,3
1488,외출시에도 건조상태를 알수있어서 편함,0,3
1490,좋아요 근데 상태 체크 로딩이 좀 긴거같아요,0,2
1493,좋네요 냉장고는 연결이 잘안되네요,0,3
1501,집에있는 가전의 제어및 상태를 모니터링할수있어 너무 좋아요,0,3
1502,서버가 계속 불안전하다고 외부접속이안되네요 어플언제수정되죠???,0,4
1503,편리하네요 정수기는 물 사용량도 나오고,0,3
1508,폰을 리모컨처럼 쓰고 제품 진단기능도 있어서 만족해요,0,3
1511,특별한기능보다요 세탁기가 완료되었습니다 요것만도 감사지요,0,4
1514,세탁기랑 건조기 스타일러의 각 코스마다 설명을 자세하게 써주면 좋겠습니다. 코스 이름만 보고는 어떨때 사용하는지 잘 모르겠습니다,0,3
1516,되게 편리한앱입니다,0,4
1520,편합니다. 밖에 나와있어도 종료 알려주고 원격제어까지굿!!!,0,3
1521,쓸데없이 무겁고 오류많은 어플 엘지쪽에서 개발자를 개털어도 시원찮을 어플,0,3
1529,와이파이 빵빵한데 에어컨 작동 후에는 스마트커트롤이 안됩니다 ,0,2
1532,가전제품은 엘지만 쓰는데 너무 편하고 좋아요,0,3
1533,스타일러 기능 유용하게 잘쓰고있습니다.,0,3
1537,빨래 다 되면 다 됐다고 알려줘서 좋아여 전원키고 끄는 것도 원격으로 되게 해주세요,0,3
1541,일단세탁기 연동시켜 쓰고있는데편하내요. 다운로드코스가있어서 유용하게 쓰고있어요.,0,3
1543,약간 편한정도 약간... 좀더 조작이 편해 졌으면,0,2
1547,좋아요! wifi 잘 작동하는것만 해도 감사합니당,0,3
1551,핸드폰으로 공기 청정기 전원도 켜고 제품 상태도 알수있어서 좋아요,0,3
1553,세탁 건조된 전체 시간이 나왔으면 좋겠음,0,3
1554,이거 사용하라고 만든거에요? 엘지는 샤오미 발끝도 못따라가네요 이거 만든 개발팀 진짜 한심함,0,4
1562,인식이 않될때도 있고 느리고 사용이 불편하다,0,2
1564,qr코드 등록시 고객번호가 다르다고 나와요. 왜 그런건가요? 답변 주세요. 퓨리케어 냉온정수기에요,0,4
1573,밖에서도 연결이되었음좋겠습니다.,0,3
1576,앞으로 좀더 원격기능이 더 잘 쓸수 있으면 좋겠네요,0,3
1580,잘쓰고있어요리모컨역활이 되서 너무좋네요,0,3
1581,앞으로도 더 편리한 기능이 많이 추가 되었으면 좋겠네요,0,4
1585,맨날 연결 안된데요  밖에있을때 사용 하려고 한건데 이건 뭐 ,0,3
1592,세탁기만 써본 후기지만 별탈없이 쓸만합니다,0,3
1594,하루이틀되더니 어플실행도안되고 계속오류나고 로그인도안되고 머이딴게다있는지 로봇청소기고나발이고 다박살내고싶네진짜 집구석에 사람없을때청소해야지 있는데청소가되겠냐고,0,3
1596,스마트폰으로 조작하기 아주 쉽네요 good!,0,2
1598,세탁기랑 건조기 사용중인데 시간이랑 완료를 알려줘서 편리함...,0,3
1606,건조 완료시간을 알려주고 좋아요. 좀더 써봐야겠지만 지금까지는 만족에 한표!!!,0,3
1607,업데이트후로그인 자체가 안됨,0,3
1611,오류만계속남시간버림,0,2
1613,자꾸 와이파이 연결이 끊겨요...,0,3
1614,구글계정등록이 없다면서 엘지 id등록하라네요 구글홈사요하려고하는데요,0,3
1629,원격제어 버턴 안 누르고 폰에서 다 할수 있게끔 해주세요.,0,3
1630,남은 시간도 알수있고 다되면 알려주고 좋아요. 아직 원격제어는 별로 안해봤지만 조금 다양하게 선택할 수 있었음 좋겠어요,0,3
1631,엘지 제품 사용을 더 효율적으로 할수있게 해주네요,0,4
1632,엘지 v50으로 에어컨 제어를 할 수 있어서 너무 좋네요  감사합니다 ,0,3
1635,냉장고 현재 온도도 보았으면 좋겠어요.,0,3
1641,너무 편리한거 같아요 뭐가 잘 못됐는지도 바로바로 일수 있고,0,3
1650,도대체가 제품 등록이 되야 앱을 써먹지..등록도 안되는 앱 만들어서 뭐합니까?,0,4
1657,에어컨 자동건조 기능 추가해주세요,0,2
1663,의류건조기 사용 하면서 다되면 알림도되고 좋아요,0,3
1666,설정이 어렵지만 설정하고 나니 편하네요,0,3
1669,상태 확인 및 사용이 편리해요,0,3
1670,좋긴한데 제품 off상태라하더라도 on할수잇는기눙잇엇음좋겟어요,0,3
1672,건조기 다되면 알려주고 참편하네요 다만연결하는데 시간이 오래걸려요,0,3
1678,전원관리도좀됬으면 딱인데.,0,3
1679,사용해보니 아주좋아요 집에 가전제품을 엘지로 다바꿀까 생각중입니다,0,3
1681,어플로 건조기 전원켜서쓸수있음좋겟음,0,3
1684,항상안전하게 기분좋게 사용하고 있네요.. 백샥가전은 엘지자나요...,0,4
1685,앱에 남은시간시 표시되니 아주편리하네요,0,3
1692,왜 앱에 들어가지지가 않아요? 계속 로긴하라고만 뜨고 .. 바로 답변주셨네요 언능 조치해주세여 캄사,0,2
1693,업데이트 이후 연결이 안되는데 저만 그런건가요?,0,4
1696,이거 너무좋음 이거때문에 다른 제품도 사게됨 끝,0,4
1700,엘지가전이 많아 유용하게 쓰고있습니다!,0,3
1702,에러코드가 뭔지몰라도 이걸로 다 되니 편리한 가전사용. 엘지 좋아요.,0,3
1712,너무편하고 더 많은 기능이 있어서 좋아요,0,3
1716,정말 편리하고 사용하기 쟇습니다,0,3
1725,끝남 알림기능만 쓰는데 편합니다.,0,3
1726,모든 가전이 엘지인데 이걸로 편하게 관리할수 있어요,0,3
1727,편하고 좋은데 업데이트가 잘안되네요,0,3
1729,편하게 잘 사용하고 있네요,0,3
1730,정말 좋아요 잘 호환되고 진짜 좋아요,0,3
1733,조금만 더 사용자를 편하게 해준다는 생각을 하면 좋을거 같아요 잘 쓰고있습니다,0,3
1735,외출 시에도 확인과 제어가 되니까 편하네요,0,3
1737,건조기나 세탁기 전원 도작도 되면 좋겠어요,0,3
1741,로딩이 느리긴하지만 편리함,0,2
1747,건조기 사용 후 종료 시 알람으로 알려주고 좋네요,0,3
1748,밖에서도 편리하게 잘 쓰고있어요,0,3
1751,처음 와이파이설정이 헷갈렸지만 금방 해결되니사용하기 좋아요,0,3
1775,편리하게잘사용하고있습니다,0,3
1778,편해요 조금 접속이 느리지만 괜찮아요,0,2
1786,아주좋아요 스마트폰으로 제어되는 제품도있네요,0,3
1787,세탁기 연결은 잘 안되네요,0,3
1793,전원을 켜고 끄는 기능이 있음 너무 좋을 듯,0,3
1795,엄청느림 개선좀해줘요 다른iot어플은 이렇게 느린거없음,0,2
1808,연결도 잘되고 편하네요,0,3
1819,서버로부터 응답이 없습니다.....정말 답이 없습니다!!,0,3
1831,정말 편하네요 알아서해주고 알아서 알려줘서 편하게 사용하고있습니다,0,3
1833,좋아요 에어컨사용중인데 유용하게 사용하고있어요,0,3
1836,스마트폰으로 확인 제어를 하니 너무 편하네요,0,3
1840,로딩시간이 단축됐으면 좋겠어요,0,2
1841,전원도 켜졌으면 더 좋겠습니다,0,3
1845,세탁완료 알림 및 세탁코스 다운로드 받을수있어서 좋지만 세탁기가 켜져있어야되네요,0,3
1848,IoT제품이 늘수록 역쉬 lg입니다. 좋네요.,0,4
1851,세탁기 킬 수 있는 기능도 있으면 좋겠어요,0,3
1853,안됨... 앱을 누구 학생이 만든건가 연결이 되지 않음..,0,4
1855,제품 연결이 잘 안되요,0,4
1867,스마트하게 관리가 되어서 너무 좋아요,0,3
1880,에러없이 넘나 잘 사용중입니다.,0,3
1882,편하게 설정할수있어서 너무 좋아요,0,3
1883,알림이 잘오다 업데이트 후부터 알림이 1도 오지 않아요.,0,3
1884,업데이트 되곤 안되네요 어제까지 잘 사용했건만...,0,4
1890,세탁실 안들어가고 건조기 세탁기 상태 볼수 있어서 좋네요,0,3
1891,LG가전을 밖에서도 제어할 수 있어요,0,3
1897,건조기 인식도 못하네 태그온 되지도 않구만 다운로드코스 만들지를 말든가,0,4
1898,알림기능과 다운로드모드 사용등이 유용하네요,0,3
1900,스타일러 다운로드 모드 사용하는데 좋네요,0,3
1906,원격제어라기 보다는 모니터링 앱 이라고 생각합니다,0,3
1908,아주아주좋아요 정말로 좋은 제품입니다,0,3
1909,약간 느림 그래도 편함,0,3
1912,원격으로 관리를 할수 있어 편해요,0,3
1914,핸드폰으로 확인 할 수 있으니 좋아요 ,0,3
1915,연결오류날때 가끔있음,0,3
1918,시간설정을 시분으로 선택 가능하면 좋겠네요,0,3
1921,처음 사용하는데 일단 만족합니다,0,3
1922,좋아요 사용하기도 편하고 좋네요,0,3
1926,건조기 와이파이 버튼누르라고 하는 설명다음으로 넘아가지를 않음,0,3
1928,세탁 건조 완료를 알려주니 편하네요.,0,3
1932,너무편하고.유용한기능,0,3
1938,한번씩연결끊길때 빼곤 무지 좋아요,0,3
1943,잘 됩니다. 잘 되요,0,3
1960,어느날부터 폰이 와이파이에 연결되어야 알람을 받을수 있네요,0,3
1963,이상이 있어서 스마트진단을 했는데 이상이 없다는건 뭐임?,0,3
1964,사용하기 편리하고 좋아요,0,3
1966,사용하기 편리하고 좋아요,0,3
1967,tv가 않되는게 아쉬어요,0,2
1971,LG 제품들을 통합 관리가 가능하구. 필요 정보를 바로 볼수 있어서 좋아요.,0,3
1974,좋은것같아요 아직더알아가는중,0,4
1979,편리합니다. 아주 유용해요,0,3
1986,알림이 와서 좋아요,0,3
2000,유용하게 잘사용하고 있어요 좋습니다.,0,3
2006,세탁기가 얼어서 스마트진단으로 해결했습니다,0,3
2007,세탁기는 코스로밖에 할수 없어서 불편해요,0,3
2008,좋아요세탁실안가고 건조기확인할수있어 완전좋아요 ,0,3
2011,세탁기랑 공기청정기 사용시에는 편하네요,0,3
2013,연결이 돼야 쓰든말든하지...,0,4
2016,갑자기 안됨 잘 안됨 느림,0,4
2021,간혹잘안될때가있습니다,0,4
2024,루팅폰에서도 사용가능하게 해주세요,0,3
2025,지금사용해보려합니다!,0,3
2027,lg제품 많이 사용하면 유용한 어플이예요,0,3
2029,좋아요 그런데 켜야지 작동이 된다는 거,0,3
2031,세탁다되었다고 알려줘서 좋음,0,3
2035,업데이트 왜케 느려요  한시간이라니,0,4
2036,사용이 편리하진않음.,0,3
2037,세탁이 끝나면 알려주고 시간이 얼마남았는지도 알려주어서 너무 편해요,0,3
2038,스스로 진단가능해서 좋아요,0,3
2039,사용하기 쉽고 좋아요,0,3
2043,스마트폰앱이랑 연동되서 넘 편해요,0,3
2044,내맘데로 세탁을 할 수 있어서 아주좋네요,0,3
2047,편하게 사용하고 있어요,0,3
2055,알림이 안되서 2번이나 지우나 깔고 하니 되네요.,0,3
2056,너무편리합니다 엘지전자최고에요,0,4
2064,너무 편리한 기능이에요!!!,0,4
2066,좋아요 모델명도 나왔으면 좋겠어요,0,3
2070,편리한기능 잘 쓰고 있어요,0,3
2074,제품의 상태를 실시간으로 알려주니까 좋네요..,0,3
2077,매우좋아요 관리도잘되고요,0,3
2086,폰으로 빨래상태 알수있어서 좋아요,0,3
2090,완전 요긴하게잘쓰고 있어요.역시 갓 엘지네요,0,3
2092,시간알려주고 예약도할수있고 정말 편합니다,0,3
2096,예약 시간 설정돼게 해주세요 에어컨,0,3
2097,사용이 편리해서 좋네요.,0,3
2098,건조후 알림이와서 편해요...,0,3
2120,사용해보니 아주 편리하게 잘 사용하고있습니다,0,3
2130,사용해 보니 정말 편하네요,0,3
2131,원격접속이 되었다 안되었다 이거 뭐,0,4
2137,폰으로 제어가 되고 알림이 뜨니 매우 편하네요,0,3
2138,작동을와이파이로편리하게,0,3
2146,스마트기능을 사용할 수 있어서 너무좋아요,0,3
2149,앱으로 on 기능도 됐으면 좋겠네요,0,4
2150,좋은것같아요 스타일러,0,3
2154,켜지는 기능도 있으면 더 좋겠다,0,3
2158,편하게 잘 쓰고 있습니다,0,3
2163,알림이 되서 너무 편하네요.,0,3
2164,편하고 너무 좋네요,0,3
2169,너무 편리하고 좋아요,0,3
2171,좋음. 켜는 기능도 있으면 만점,0,4
2172,원격으로 유용하게 사용하고 있습니다,0,3
2176,유용한것 같네요 오늘 처음이라 더 사용해보고요,0,3
2179,완료 상태를 알수 있는게 좋아요,0,3
2204,세탁 종료 건조기 종료 알람좋아요,0,3
2219,정말 편하게 사용하고 있습니다,0,3
2220,어플이 실행자체가 안되요 폰 v30,0,3
2222,종료된것을 알려주니 편리합니다,0,3
2226,건조기 끝나고 알림오니 좋네요,0,3
2232,아니 이 앱 왜이리 느립니까..,0,4
2238,리모콘 건전지 안써서 좋다는,0,4
2240,집에서 세탁기 끝나면 메세지가 와서 편해요.,0,3
2246,사용하기 편하게 되어 있네요 만족합니다,0,3
2253,스타일러에 사용하는데 좋네요,0,3
2255,진짜 유용하게 잘 사용하고 있습니다,0,3
2256,편히 이용가능해서 좋아요,0,3
2258,실행이 안되고 앱종료가 자꾸돼요 어떻해요??,0,4
2278,의류 관리 아주 좋아요,0,3
2284,스마트한 기능은 없네요,0,3
2287,세탁기 돌려놓고 깜빡 하고 있어도 알림해주니 참 편합니다,0,3
2297,꺼진 기기도 켤수 있으면 좋겠다,0,2
2301,스마트하지 않음 그냥 알람임,0,2
2314,편리한 기능 입니다,0,4
2317,사용 편하고 스타일러 짱짱맨,0,3
2320,세탁기 원격 잘 됨,0,3
2349,건조기끝난거 알림 좋아요,0,3
2356,원격제어 정말좋네요,0,3
2357,세탁기 스마트진단 잘썼네요,0,3
2372,괜찮음. 알람 기능향상 필요함,0,3
2373,업데이트가 좋았어요!,0,3
2375,좋아요 너무 편해요,0,3
2377,사용하기 편하네요.,0,3
2380,lg전자제품 쓰는 사람은 반드시 설치해야 하는 앱이네요 좋아요,0,3
2382,이런기능까지 넘좋네요,0,3
2388,아직 사용할줄몰라서  남은 시간만 확인하고있어요,0,3
2396,확인유무 알수 있어서 좋다,0,3
2489,스마트기능 진짜 편리하겠네요,0,3
2495,좋으네요 역시 가전은 엘지,0,3
2507,세탁이 끝난 걸 알 수 있어 좋네요,0,3
2524,편리하네요조금더써보면익숙해지겠죠,0,3
2536,아직 스마트하지 못함... 전국에 이쁜이란 이름을 쓰는 분들이 그다지....할많하않..,0,3
2542,아예 앱 실행이 안되네요,0,4
2544,세탁기나 건조기 다됐나 안됐나 확인안해도 집밖에 외출해도 알람이 오니깐 너무좋아요,0,3
2551,좋은 정수기 정말 감사합니다,0,3
2557,lg 가전제품에 스마트 진단이라는 마크는 있으면 등록 가능한 가전제품인가요?,0,3
2568,지금막사용중 아주죽여줘요,0,3
2578,아주 잘사용하고 있어요 너무 좋아요 ,0,3
2584,뭐 하는거죠??! 상태확인 정도 인가요?!,0,3
2588,완료 됐다고 알려주는 기능이 제일 좋네요 ,0,3
2592,냉장고 세탁기 건조기 에어콘을 한번에 관리한다,0,3
2599,알림안오고 관리안되는거 멜로 보내라고 해서 멜로 보냈으니 개선 되겠죠?,0,2
2617,5월 27일 업데이트이후 알림이 안옵니다,0,3
2618,엘지 에어컨 구입한 내 인생이 레전드다,0,4
2622,신데렐라도 아니고 11시만돼면 앱이 먹통이야,0,4
2624,바로바로 알람이 되니까 참 편하네요,0,3
2626,세탁 건조를 알려줘서 좋아요,0,3
2628,알림기능으로 바로 알수있어 좋아요,0,3
2635,아깐 안 됐는데 지금은 잘 돼요,0,4
2637,세탁건조 완료되면 알려주네요,0,3
2652,오... 원격지에서도 알려주고 좋아요,0,3
2656,IOT 기술은 샤오미 보다 못한 엘지 ,0,3
2657,전 잘 쓰고있어요 좋아용,0,3
2668,편리하게 잘 쓰고 있어요,0,3
2675,잘 사요하고 있어요,0,3
2678,건조기 짱짱짱 너므 잘쓰고 있으요,0,3
2686,너무 편해요 알림떠서,0,3
2689,처음사용 했는데 참좋아 요,0,3
2699,좋아요 종료되면 바로 알려주고,0,3
2714,이게 바로 원격이구먀!!,0,3
2736,엘지가 왜 헬지인지 알겠다,0,3
2738,좋아요 원격제어 개꿀!,0,3
2741,정보를 알수있어좋아요,0,3
2745,세탁 다됬다는 알람 와서 편해요,0,3
2748,세탁시간 알려주니 좋아요,0,3
2756,매우매우 좋아요!!!,0,3
2939,엘지 정말 쵝오 엘지빠,0,3
3020,잘 사용하고 있습니다,0,3
3091,세탁종료 알림은 넘좋아요. 세탁기에서 원격제어를 켜야 앱으로 컨트롤이 가능하구요..꺼져있으면알림만 되네요.,0,3
3217,업데이트후 puricare 공기청정기에서 필터관리를 선택하면 오류가 발생합니다..확인부탁 합니다.. getGtAPSIDEMENUFILTERMANAGEMENTCHANG,0,3
3218,업데이트 된 후부터 폰이랑 연결이 안됩니다.,0,3
3247,전원도 켜지면 더 좋을것같아요 건조기입니다,0,3
3450,기본적으로 주변가전과 연결이 너무느림. 온도한번 바꾸고 3초. 모드바꾸고 3초. 뭐 확인하면 3초.. 가전과 통신 딜레이가 너무 긴것이 문제.,0,3
3451,와....앱이 정말 쓸모가 없는듯...심심하면 서버 연결안된다고 팅기고 등록한 제품 연결해제라고 뜨고...앱은 뭐할때 쓰라고 만든건가요? 이제는 제품 등록도 안돼네요 ,0,4
3752,good ! 좋아요,0,3
3816,기존 간편로그인 사용자인데..업데이트하고나니 로그인페이지가 나오네요? 가입하고 제품연결 다시.해야되는건가요?,0,3
4208,금일 업데이트후 에어컨 연결이 해제 되었습니다. 그전 업데이트 때는 잘되더니.. 스마트씽크 기능하나 보고 3백만원 이상 금액들여 난방겸용으로 최고급이라고 구매했는데 필요할때 못쓰면 어쩌자는 건지 참... 업데이트 도 좋고 다 좋습니다. 고객이 어떤기능을 원하는지 잘생각해주세요...,0,3
4211,집에서 LG 가전 사용하고 있는데 편리하고 쉽네요 계속 좋은기능 업데이트 되면 좋겠어요,0,3
4281,어플이 갑자기 로그인이 안된다고 뜨네요. 확인 누르면 계속 로그인이 필요하다고 그러고 갑자기 이러는데 어떻게 해야하나요?,0,3
4415,스타일러 사용중인데 좋네요.,0,3
4426,"대기업에서 만든 어플이 샤오미iot어플보다도 연결이 힘들고 버벅임. 에어컨과 제습기를 등록하여 사용중이나 하나가 잘연결되면 하나가 
연결해제당해있고 연결되었지만 제품에서 제품이 명령을 인식못한다고 하고...아...정말 개선이 느림",0,4
4437,"이건 뭐 됐다안됐다 어플을 왜만들고 광고는 왜하는지? 2년전부터 있던건데 아직도 서비스 안정이 안되었나요? 대기업이란 엘지도 
헛일인가",0,3
4441,다른국가계정에이미등록됫다구연결실패!삭제후제등록하라는데 이거 언제 되나요?작년까지잘쓰다 앱업데이트후 이러는데 빨리 수정해주세요,0,4
4442,1. 원격제어를 해야 app 제어할수있도록 한 이유가 있나요? 불편해요 2. 전력사용량에 그래프만 나오고 수치는 안나와요,0,3
4448,"로봇청소기 정수기 에어컨 냉장로 모두 엘지사용을 하게되네요  원래 냉장고만 엘지였는데...사용하다보니 한 앱으로 모든것을 
관리할수있어서 좋습니다",0,3
4459,앱이 좀 가벼워졌음좋겠어용. 정보 불러오는게 너무 느려서 인내심이 필요하지만 편하게 잘쓰고있습니다 D 엘지가전흥해라!! 화이팅,0,3
4463,몇분전까지 잘 쓰고있다가 비번변경하라고 뜨더니 로그인안되고 계속 오류만 반복되네요. 한두개 제품 등록되어있는게 아닌데,0,4
4466,에어컨등록하려는데 왜 안되나요?확인중에서 넘어가지를 않네요? 제 폰이나 공유기는 아무 문제가 없는데 일시적 장애인가요?왜이런거죠,0,3
4489,앱 이거 어제 7시부터 계속 제품연결중만 나오는데요? 연결이 안 됌 왜이렇게 요즘 오류가 많아요.,0,4
4496,기능 좋음. Tv도 등록하고싶은데..기능좀넣어주세요. 그리고 전원이 켜져있으면 스타일러랑 건조기 led가 계속 켜져있는데 끌순 없는지요?,0,3
4498,가존에 LG스마트전구 어플사용했었는데 핸드폰바꾸고나서 다시 설치하려고보니 나오지않더군요... 씽큐나오기전에 스마트전구 블루투스로 이용했던 사람들은 이제 사용 아예 못하는건가요?,0,3
4500,처음에 연결실패가 몇번 있었고 끈기를 가지고 재도전하니 네번째에 연결되었습니다. 스마트기능 좋긴하네요!!,0,3
4512,아니 전원을 켤때! 공기청정기만 따로켤수없나를 물어보는건데. . 에어컨 안켜고,0,2
4518,에어컨 연결이 안되고 냉장고도 안됩니다 세탁기만 되구요...에어컨 안되니 답답합니다,0,3
4554,다른제품은 잘연결되서 쓰고있는데 14k건조기는 스마트폰과 연결중이라는 문구만나오고 연결안됨,0,3
4555,아니 저만 안되는줄알앗는데 7월달까지 잘되고 쓰고있는데 에어컨만 스탼트 자꾸 와이파이가 꺼지고 연결이 안됩니다 공유기까지 바꿔다 고장인줄알고 교체해도 에어컨 와이파이가 연결이 안됨 도대체 뭐가 문제인지...lg에휴 답답합니다,0,3
4578,집에 와이파이공유기없으면 연결안되나요??에어컨 연결하려는데 마지막 단계에서 안되요,0,3
4598,7월23일 업데이트이후에 오류뜨네요 해결 ......lg홈페이지다시 로그인하면 앱실행 됨 이런 불편함이,0,2
4607,잘 작동하다가 연결해제로 표시됩니다. 에어컨과 연결하여 사용중인데 전원 공유기 등을 재시작해도 해결이 안되네요.,0,2
4613,접속이 느린것만 빼면 앱은 쓸만하네요,0,4
4614,이 앱 뭔가요? 연결도 안되고 메일 주신다더니 회신도 없고,0,3
4615,에어컨 연결할려니깐 연결이안되요 와이파이가 켜져있어도 안되요,0,3
4627,시작 후 제품을 작동할수 있는 상태까지의 로딩이 너무 길어서 잘 안쓰게됨,0,2
4632,에어컨냉장고세탁기 연결해서 잘 사용중입니다 편리하네요 엘지 제품들 모으는 재미가 쏠쏠합니다 ,0,3
4633,에어컨 리모컨보다 이게 더편해요 편리하게 잘만들어진거 같아요,0,3
4635,공기청정기 연결했는데 정말 편하네요,0,3
4641,인식이 하나도 안되네요....어플 사용 좀 해보려고 했는데,0,4
4642,세탁기 건조기 미니세탁기 모두 사용했는데 안내도 잘해주고 연결도 잘되서 넘나 좋네요 정말 스마트한 가전잘샀어요,0,3
4643,지금 오류코드 500뜨는데 뭐죠?,0,3
4644,서버 다운됐나요?! 집안에 와이파이는 문제없는데 모든기기가 연결이 안되요,0,4
4647,업데이트 하고나서 로그인이 잘 안되더니 지금은 아예 안되네요..,0,4
4664,공기청정기 의류건조기 쓰고 있습니다 건조 다되면 폰에 알람으로 알려주고 좋네요,0,3
4666,오늘 서버에 문제가 있음. 빠른 조치가 안되고 있어 문제가 많습니다,0,3
4667,이런 기능은 좋으나 현실에 조금더 사용이 편리하게끔....됐으면함,0,3
4668,에어컨사용시 에너지모니터링이 없네요 다른사람들은 있는데 왜 제껀 없는거죠,0,3
4672,집에 있는 제품들의 정상작동 여부를 알기쉽게 해줘서 좋습니다.,0,3
4676,건조기 전력소비량 표시가 에어컨처럼 되었음 좋겠네요,0,2
4678,편해요 집안모든제품이 엘지다보니 한눈에 다봐지네요,0,3
4690,좋은데 어로 잘 안씀,0,3
4691,접속이 좀 느리지만 괜찮아,0,2
4694,이사하면서 가전을 엘지로바꾸고 너무 잘 사용중인 앱,0,3
4695,잘 연결이 안되는건지 내가 잘 못하는건지 연결이 잘 안되네요,0,4
4697,금일 업데이트 한다고 안내받았는데 에어컨제품등록언제 정상적으로 등록되나요?,0,4
4702,다운로드 받아서 그때그때 필요한 기능 잘 쓰고 있어요 감사합니다,0,3
4712,설정만 해 놓으면 유용하게 사용 가능해요.,0,3
4724,좋은기능이 많아 사용하기 좋네요,0,3
4725,앱에 여러기능이있어서 좋아요,0,4
4729,에어컨 편리하게 사용 하고 있어요,0,3
4733,전 잘사용하고 잇어요,0,3
4735,에어컨사용하기 아주유용합니다.,0,3
4746,정말좋아요 사용하기도 편해요,0,3
4747,원격으로 사용되니 좋네요,0,3
4755,스마트 진단기능이 좋네요.,0,3
4766,좋음 사용해보면 편함,0,3
4777,잘 사용하고 있습니다..,0,3
4872,"가전제품의 전원을 꼭 켜야하면 이 기능이 무슨 의미가 있는건지? 기기의 전원을 켜지 않으면 안됨 그냥 집에서 리모콘 정도의 역학밖에 
안하는듯. 보통 밖에서 전원 키고 동작까지 시키려고 이 기능 쓰는게 아닌가?",0,2
4876,"이번에 구입한 14킬로 건조기가 와이파이 연결 자체가 안됩니다. 에어컨은 연결해서 사용중인걸로 봐선 건조기가 불량같은데 해도해도 안되면 
건조기 교환할겁니다.",0,3
4879,"삼성은 전원을 켜고 끄고 기능이 있던데 엘지는 직접기계에서 전원을 켜지않으면 이앱을 못쓰는건가요??아침에 세탁기 전원을 켜고 나와서 
집에 가기전 돌리려고하니 연결해제로 되어있네요 전원을 앱에서 킬수 있도록 해야하지 않나요?제가 잘못알고 있는건지..답주세요...",0,3
4881,정해진 세탁 코스만 이용해야 하는게 불편합니다. 가령 행굼만 별도로 추가할 수 있도록 코스를 조절하는 기능이 추가되었으면 합니다.,0,2
4890,에어컨 연동해서 안드로이드 기반으로 사용중입니다. 앱 로딩과 반응 속도만 조금 빨라지면 좋겠네요 D,0,2
4898,"공유기를 변경하고나서 연결을 하니 계속 연결해제 상태네요 에어컨에 접속이 안되요 기기지우고 다시 시도해봐도 똑같네요 어떻게 쓰란건지 
불편하네요",0,3
4905,어컨 위젯추가좀 하세요 에어컨 킬때 앱실행하고 연결기다리고 뭐지이건 쓰라고 만든건가,0,4
4910,스마트 진단이 너무 편리합니다 역시 LG네요 맘에듭니다,0,3
4912,"현재 Lg G6 사용중인데 이 앱을 설치하여 도움말에 하지말라는거 다 해제시키고 스탠다드 에어컨 와이파이를 켜서 연결을 시켜보았는데 
아무리해도 안되네요 삼성 갤럭시 S8로 해보니 바로 10초도안되서 연결이되는데 무슨 경우인가요?",0,4
4917,빨래나 건조기가 끝남을 알려줘서 좋네요 다른 기기도 다 연결해야 겠어요,0,2
4918,로딩 속도가 개선됐으면 합니다.,0,4
4920,어플 속도좀 올려주세요느려요.,0,4
4925,앱 설치가 안 돼요,0,4
4927,에어컨사고 깔앗는데 넘좋네요. 집에 오면서 에어컨켜놓으니 넘나 시원한거,0,3
4934,너무너무 스마트함이 좋아요 KT 지니와도 연동이 잘됨,0,3
4943,제품이랑 연결이 안되네요.... 후....,0,4
4945,편리하네요 기능을더추가할수이써좋습니다,0,4
4946,밖에서도 제어가 되고 아주 편리하네요 굿.,0,3
4950,정수기랑 와이파이 연결이 되지 않습니다.,0,3
4954,제어도 하고 편하고 좋네요!,0,3
5009,"너무 좋은데... 당장 건조기 세팅해놓구 자야하는 상황에서 업데이트안하면 아예 사용할 수 없어서 불편합니다 업데이트안한다고 
어플사용못하는건... 진짜 전무후한듯합니다",0,3
5010,"공기청정기 쓰고 있는데 처음 로딩 시간?이 조금 걸리는 것 말고는 편하고 좋아요 그런데 여러 기기에 연결은 안돼나요? 폰에 
연결하고 기종은 같은 다른 폰에 연결하려는데 연결이 안돼네요",0,3
5011,"건조기는 원격제어를 사람이 버튼을 눌러야돼서 어이없었고.공기청정기는 연결안돼고. 별 쓸모도없어서 연결 안하고. 정수기도 뭐.. 에어컨만 
원격제어의 편함을 느낌...다른 제품은 별점 주기도 민망할정도...",0,3
5018,건조기때문에 가입했는데 스마트폰으로 전원 온오프는 기본 아닌가요 건조기로 가서 전원키고 원격버튼 누를거면 뭐하러 이런 앱 만들어요,0,3
5019,"에어컨 제어가 편리하다면 편리하지만 어플이 너무 무겁고 연동부분은 잘 안되네요 등록은 되었는데 네트워크 못 잡아서 삭제하고 재등록하려니 
그때부터 오류의 연속 이번에 업데이트하고나니 에어컨 온도 제어 버튼은 어디갔는지 찾을수가 없군요",0,3
5021,"뭐 이건 엘지 좋아하지만 앱이 오류가 너많음 업데이트 이후 공기청정기 등록이 사라지고 등록도 다시 안되요 이런거에 조금만 관심가지면 더 
많이 구매할텐데",0,3
5024,벽걸이에어컨 thinq앱과 연결하려고 하는데제품 연결 설정에서 계속 연결확인 중만 떠요 와이파이도 잘 됩니다,0,4
5029,가끔 음성으로 작동않됨 연결할수 없다고 나옴,0,2
5038,업데이트후 에어컨 온도설정이 안보이네요 앱은 느리고 샤오미 IOT참고 해보시길 바랍니다,0,4
5039,시간을 알수있고 마무리되면알림이 뜨니 좋아요,0,3
5041,왜 냉장고 온도설정이 화씨로 나오나요 냉장고에서 직접 바꾸려고 해도 화씨에요,0,3
5049,전원을 켜고 끌수 없는 원격제어...,0,2
5050,완전한 원격 제어가아닌군요.. 지금은 반반이네요..,0,3
5051,생각보다 편리하게 만드셨네요!,0,4
5052,아직 잘 모르겠음.사용해보고요,0,3
5084,"연결이 불안정했는데 전원 분리 후 다시 연결하니 정상작동되는군요. 전반적으로 조금씩 앱이 사용하기 편하게 개선이 되어가는 것이 
보입니다. 공기청정기만 사용중인데 외출하고 돌아올 때 편하고 외출하면서 꺼놓았는지 가물가물할 때 좋네요.",0,3
5085,"에어컨에 연결해서 써보는데 좋네요 그런데 집안에선 전원을 켜고 끄고가 잘 되는데 외부에선 안되는건가요?? 전원을 아무리 눌러도 꺼지지가 
않네요....",0,3
5093,"지우고 다시해도 계속연결이 안되서 짜증나 미칠것같네요 기존썼는데 에어컨 여름되서 다시들어가보니 초기화되서 다시등록뜨더니 그때부터 계속 
연결중만뜨네요",0,4
5096,세탁기 건조기는 전원켜기가 되면 좋을거같아요,0,3
5105,편리해요 전력사용량을 알수있어 편해요,0,3
5108,lg thinq 좋아요!,0,3
5139,"건조기에 잘쓰던앱 업데이트후에 제품연결이 안됩니다 와이파이도 켜져있고 원격제어버튼도 눌러서 켜놨지만 서버확인하라고만뜨네요 대체 잘되던걸 
왜 이렇게 해놨나요 빨리 수정해주세요 편하게써보려다 화병나겠어요!",0,3
5148,공기청정기 잘 등록해서 쓰고있었는데 업데이트 되고나서 갑자기 안되네요.다시 등록할려고 해도 안돼요..아호...,0,4
5154,공기청정기 너무 좋은데 앱이 쓰래기네요 업데이트 하고부터인가 로그인이 안되거나 정보를 못가져오거나,0,3
5155,연결이 잘 안되요 반응도 느리고요 샤오미랑 속도등 비교시 많이 느려요,0,4
5158,처음에 공기청정기를 켠 상태에서 wifi연결이 안됐으나 청정기를 껐다가 잠시후 다시 켜고 연결하니 잘됩니다. 다른분들도 한번 해보세요.,0,3
5159,"앱 실행속도와 제품 정보 불러오는게 너무 느립니다. 심지어 연결이 끊어지는 경우도 많네요. 그냥 기기에서 바로 하는 것이 빠를 것 같아 
지웁니다.",0,4
5163,건조기 업데이트 후에 연결이 엄청 오래 걸리네요 기존에 등록된 제품 삭제 후 재 등록하니 빨리 연결됩니다. 이유는 모르겠지만요,0,4
5165,새로운 엘지 제품 추가하고나니 기존 연결제품 정보가 다 엉키어 전부 제어기 않됨.,0,2
5168,회장님은 아세요? 어플때문에 제품작동에 불편함이 있다는것을요? 정보보고 건입니다 진짜,0,3
5173,로그인도 제대로 안되고 서버로부터 응답이 안된다는 창만 계속 뜨네요,0,3
5174,아니 업데이트하고 왜 공기청정기 안됩니까? 돌겠네,0,4
5177,응답이있어야사용을할거아니에요? 스마트기능만들어놓으면뭐하나요 작동도안되는데,0,3
5180,건조기랑 스타일러 등록해 사용중인데 클로바랑 연동하려고하니 등록된기기가 없다고 뜨네요. 버그인가요,0,2
5184,무슨 앱켜고 정보받아오는 로딩이 이렇게 긴지...,0,3
5185,어플 위젯기능이 없어 조금 아쉽네요,0,2
5187,건조기는 전원이들어와있는 상태에서만 앱으로 제어가되네요 앱으로 전원켰다껐다할수있게 해주세요,0,2
5189,좋은 세상이네. 엘지가 가전을 선도하는 구만,0,3
5193,근데 연결이 안되네요 ,0,3
5195,정수기 사용하는데 연결도 쉽고 정수기 상태나 물 사용량 등을 알수 있어서 좋아요,0,3
5213,간편하게 사용할 수 있어요 정말 좋아요,0,3
5215,벽걸이 에어컨 자동청소 기능 없나요?,0,2
5220,좋아요 질 사용해 볼께요,0,3
5246,삼성 스마트폰에서는 연결이 불가하기에 lg 스마트폰에서 연결하고 설정한후에 다시 삼성폰에서 하면 연결되네요. 헐...,0,3
5247,"업데이트이후 자꾸 튕깁니다.. 홈화면까지 들어가는데도 한참걸리고 들어가서 공청이나 세탁기 작동중인걸 확인하려고 누르면 네트워크 에러라고 
뜨면서 응답이없다고 꺼지네요..",0,3
5252,렌탈한 정수기와 건조기 사용 중인데 아주 잘 동작하네요 만족합니다,0,2
5259,연결이 되야 어떻게 하던지 할텐데..,0,3
5261,에어컨이랑 연결도 진짜 잘 안되고 넘 실망이네여,0,3
5263,생활이 편리해지는 은행어플 다음으로 내인생 최고의 어플 ,0,4
5269,좋네요 건조기 시간도 나오고,0,3
5283,전에는 알림 기능 덕분에 잘 사용했는데 3월 30일까지 알림 오더니 세탁기가 된건지 건조기가 된건지 알림이 안오길래 방금 막 전자렌지로 테스트 해보니 알림 절대 안옴 몇번을 해도 안옴. 업데이트는 왜 한건지요??? 엉망입니다.,0,3
5287,음.. 세탁기 돌린지 30분이 넘어서 얼마나 되나 봤더니 세탁기에 와이파이만 켜진채 진행이 안됨.. 그래서 뭐지? 하고 스마트 씽크를 여니 업데이트하래. 업데이트하자마자 세탁기가 돌아감.. 우연의 일치인가.. 아님 연결후 업데이트 안하면 작동이 안되게 해논걸까,0,3
5288,LG건조기 신형 출시직후 사서 쓰는데 알람이 전혀 안옵니다. App 실행하면 건조기 동작 상태 확인 및 컨트롤도 잘 되는데 알람만 안와요. 왜 그런걸까요?,0,3
5289,공기청정기 3일전에 처음등록해서 사용중인데 저는 잘됩니다. 다른분들 리뷰보니 앞으로 오류가 날수도 있겠네요..,0,2
5295,invalid terms type 이뜻이 먼가요?! LG계정이 있는데 왜?????또 추가 가입을 시키는거죠?! 시른 사람도 있는데!!!   동의를 다 눌러도 invalid terms type 이 문구만 계속 나옵니다!!!,0,3
5306,업데이트 후에 앱이 바보가 되었넹,0,3
5307,돌아버린 어플임. 영상3도의 추운날에 쾌적모드를 켜면 에어컨이 돌아가요. 이게 말이 됩니까??,0,2
5313,정말  편리하게 즐길수 있어서 너무 좋아요 ,0,3
5319,연결이 안되요!!!!!!!!!! 이거원....,0,3
5326,의류건조기는 이미등록했었고 추가로 공기청정기를 등록할려는데 등록버튼이보이질않습니다 앱오류일듯한데요 조치부탁드려요,0,2
5329,업데이트전에는 건조기 완료 알림이 왔는데 지금은 안되네요,0,3
5331,약관동의에서 다음으로 안넘어가요 해결바랍니다,0,3
5332,약관동의가 안됨 어플 만든놈 짤라야함,0,2
5334,회원가입하려는데 모든동의 체크했는데 안됐다고 가입이안되네요,0,3
5345,이거 대만에서는 기계등록이 안되나요? 로보킹 샀는데 해당국가에서는 등록 안된다고 하네요  문의사항에 답변도 없고 뭐 쓰지 말라는 얘기로 들리네요,0,4
5358,계속 가입오류뜨네요 얼른 개선해주세요,0,2
5376,좋습니다  t15dr블랙라벨플러스 세탁기 사용중입니다. 와이파이 연결해서 사용중입니다. 집에 와이파이가 있는 집이라면 와이파이를 연결하시고예약버튼 을 3초이상 누르시면 활성화됩니다 이어플로 제품등록하시면 세탁기 돌려놓고 자거나 티비보다가도 끝나면 알려주고 실시간으로 몇분남았는지 휴대폰으로 확인가능합니다. 좋은어플이에요 전 오류 따로 없었네요 ,0,2
5379,제품정보다운중기다려주세요라는 안내만  계속나오고 어플실행이 안되고있습니다..쓰라고만들어진어플이..맞나요?,0,3
5380,서비스 약관동의  안넘어가요. 다 읽고 동의해도 안되는데 왜안되나요? 핸드폰도g6인데 삼성도 아닌,0,3
5386,가입하려는데 약관동의하고 읽어보고 확인눌러도 자꾸 읽고확인하라고뜨는데 왜 안되는건지 모르겠네요..,0,3
5387,약관다읽고 동의눌럿는데 자꾸확인하래어떻게쓰라는거예요!!,0,3
5395,중요한건아이폰은 어플안되고 세탁기나 건조기 다운로드코스안됨이게뭐가스마트홈이얔,0,3
5397,건조기 등록 한시간하다  제품등록 안돼서 못하고 취소했습니다,0,4
5403,왜 WiFi연결시 IP주소를 맞출 수 없나요? IP충돌 나네요,0,3
5404,앱다시깔고 제품등록하고 세탁기경우 다되면 알림이왔었는데 안와요....,0,4
5407,연결이안되고 와이파이계속팅깁니다. 개선해주세요,0,4
5438,편리하라고 만든건 알겠는데 작동이 돼야 쓰든말든하죠 공기청정기 호환문제 언제 해결해 줄거냐고요!! 앱관리좀 똑바로합시다,0,4
5443,Wifi로 연결만 하면 원격으로 관리할수있어서 좋은것 같습니다. 센서같은것도 나오는거 같던데 한번써보고싶네요,0,3
5450,LG브랜드를 무색하게 만드는 앱이네요. LG제품 선호하는데 앱은 정말 사용하기 불편합니다,0,4
5457,왜 1.9.24 버전 업데이트 하면 제품 연결이 안되나요 건조기 짜증나 미치겠네요,0,4
5468,샤오미 보다 못한 UI....등록도 잘 안되고 켜지는 기능 마저 없는,0,4
5477,업데이트후 네트워크 에러로 연결이 안된다고 나옵니다.,0,3
5478,제어는 안되고 그냥 모니터링인가요?,0,3
5479,업데이트 이후 실행이 안되네요.,0,4
5486,아.. 이거 쓰라고 만든거야 뭐야.. 아니  업데이트하라고 눌렀는데 현황도 안나오고 계속 하얀 화면떠있고...,0,3
5489,집에 제품이 하나도 등록이 안되요..세탁기며 냉장고면 에어컨이며. 하나라도 등록이 되는게없음..,0,4
5493,어플자체는 좋은것 같은데 어플이 폰 배경화면에 안뜨는데 어떻게 해야 배경화면에 뜰까요?  여태껏 다른 어플 받고 이런적 없었습니다,0,3
5502,접속조차안되는데요....,0,4
5539,에어컨 외부에서 사용하려고 접속하면 연결해제라고 뜨면서 네트워크 연결이 안되었거나 전원이 꺼져 있다고 나온다.어플을 깔았다 지웠다 여러번 반복.   2.4G로 셋팅함.해결해 주세여,0,3
5544,짜증.. 3일전부터 연결은 되는데 제품등록이 안됨.. 에어컨 반만 쓰고있음.. 빨리 좀.... 해결좀 해줘요,0,3
5545,옛날 에어컨은 wifi가 안되는데 왜 이걸 깔라고 하는거지? 이 앱은 개발자만 위한 앱.,0,3
5551,진짜 제대로 안만듦? 밖에서쓸라면 접속이되는적이없네  가전 죄다 엘지쓰는데 이럴꺼면 앱을만들지 말던지  개노답이네,0,3
5554,아니 건조기 이거 기능을하려는데 와이파이가안되는데 뭔 다운로드코스를만들엇대요 그래서다들 삼성삼성하나봐요 개스트레스진짜,0,4
5573,와이파이 안되는 제품은 쓰지도 못하네요. 실망이 가득한 앱입니다.,0,4
5582,갑자기 앱실행이 안됨 에러뜨고 꺼짐 10번이나계속 아직도,0,3
5594,진짜 최악이네. 깔아도 실행안되는 앱도있네,0,4
5596,문제있으면 메일보내라면서 보내도 답변도 없네요 ,0,2
5598,제가쓴리뷰 어디갔나요 ,0,3
5600,등록만되고 연결이 안됨 ,0,4
5603,잘 썻었는데 근래에선가 앱을 실행하지 못했습니다  서버응답없음 같은게 자주 뜹니다,0,3
5613,더운데 미리 에어컨 틀어놓고싶어도 앱이 켜지질않아서 쓸수가 없네요,0,2
5618,앱연결 자체가 안되는데...,0,3
5624,좋아요근데 원격은 불편하내요,0,3
5629,에어컨이 리모컨 기능이 안되고 TV는 리모컨 기능이 없나요?,0,4
5632,최악 말이 칠요 없다,0,4
5644,세탁기때문에 설치했는데  태그온으로 쓸수있는기능보다 할 수있는게 줄었네요 . 많이쓰지 않는 기능은 없어진건가요?  예전엘지스마트세탁기 앱을 쓰는 방법은 없습니까?,0,4
5652,왜 오늘 실행이 안되죠??? 지난번엔 다시 등록하라고 하고.. 이런 오류들만 없으면 좋아요 밖에서 에어컨 작동시켜놓고 들어오니 개꿀,0,2
5662,제품등록하려는데 네트워크 검색이 계속 안되고 있네요...,0,4
5671,로봇청소기 두시간 걸쳐 제품등록화면이드디어 100가는데 까지 성공했는데 제품등록 na 라는 팝업이 떠서 확인 누르면 제품등록에 아무것도 안뜨네요 기기에서 띠리링소리도 나길래 다 된줄알았건만,0,4
5684,접속도 안되는 이딴 왭을 왜 만들었지 생각이 없는건가,0,4
5685,오늘 에어컨 설치하고 앱 깔아 제품등록하고 사용해봤는데 연결도 잘 되고 스마트폰으로 리모컨  기능을 대신하니 편리함,0,4
5691,에어컨 정수기 공기 청정기 제품 등록하고 몇일 있다가 상태확인하러 어플 실행하면 등록된 제품이 없는걸로 나오네요벌써 두번이나 그래서 리뷰 남김니다,0,4
5695,앱이 접속이 않됩니다 집에서는 잘됐는데 외부에 나와서하니 접속실패로 자꾸뜨네요,0,3
5698,뭐하나 제대로 되는게없음...어플관리좀 하시길..,0,3
5712,서버에 접속하지 못했다고 계속 뜨는데 원격제어는 어떻게 사용 하라는건가요?,0,3
5717,잘 사용하다 몇일 전부터 화면이 실행안됨 백지 업데이트 해주세요 v20,0,2
5722,세탁기에 이상이 생겨 스마트진단을 하려하는데 이 어플이 켜지질 않네요 ....,0,2
5740,에어컨은 wifi로 세탁기는 nfc로 등록 완료.  제품의 전원 키고 시작. 폰 데이터 연결은 끄고.하나 등록하고 안되서 폰 껐다 킴.에어컨을 폰으로 작동 시키니 편리함. 세탁기 다운로드코스 다운받음.,0,3
5745,이거로 다시 쓰라고 해서 기기등록까지 되었는데 왜 네트워크 연결상태를 확인 하라고 하는지 이해가 안가네요 다 정상적으로 작동하는데요,0,3
5746,Lg퓨리케어 정수기 렌탈아닌 구매했는데 어플등록이 안되네요. QR코드로는 인식안되고 고객번호는 어떻게 알수있나요? 렌탈이 아니고 구매라서 계약서를 받지 않았는데.. 어떻게 해야하나요?,0,4
5747,로봇청소기 부분은 요일별 작동시간 달리하는기능과 1일에 2회이상 예약가능하도록 하고 청소랑브러리가 실시간 업데이트 되면 좋겠어요,0,4
5751,동의하라는게 너무 많다.,0,3
5760,공기청정기는 되는데..에어컨은 되지도 않음...몇번이고 해도..제품등록실패....되기는 하나 몰라..,0,4
5762,문의 메일 보내드렸는데 1주일 넘게 읽지도 않으시네요  제발 내용 좀 보시고 답변메일 좀 보내주세요,0,2
5774,로봇청소기 청소하는 동안 실시간으로 청소 맵경로 모니터링하는 기능 있으면 더 좋을 듯 합니다.,0,4
5782,로봇청소기 청소예약 기능 개선좀 해주세요. 특정요일만 청소하고 싶은데 지금은 매일 돌릴수밖에 없게 되어있네요,0,4
5783,러시아에서 드럼세탁기 현지모델 구입했는데 제품에문제없는데도 스마트디아고노시스 실행해보면 문끼임 에러있다고나옴.,0,3
5786,Fq17m7wwc 설치했습니다.이모델은 wifi기능 안되나요? 내장되어있지 않나요?,0,3
5787,업데이트하고 제품연결안됨!!제품삭제하고 다시깔아봐도 연결 40에서 실패하고 반복  왜이러나요,0,4
5790,청정기등록 안되여  와이파이잡히는데 화면안넘어감,0,3
5791,에어컨연결이계속않돼네요!,0,3
5799,제품등록은 안되는데 답변은 복붙해서 넣기만하고.. 공기청정기 모델명 as181daw 앱깔고 와이파이 접속하고 제품등록하고 앱으로 연결해보려면 연결안되있다 그러고 다시 제품등록하려면 제품등록안되고 앱삭제하고 다시깔아봤자 반복... 명쾌한 답변줘봐요 메일로 다시 보내라 고딴 답변말고,0,4
5804,되던 앱을 업데이트 하라해서 다운 받으니까. 로그인도 안되다.... 버럭버럭 별 한개도 아깝다...,0,3
5806,메일을 드렸는데 확인을 안하시네요.. 확인 좀 해주세요 제발,0,2
5809,와이파이 기능 사용할려고 제품등록 했지만 연결시 다시 제품 재등록해야 하고 어플 최악이네요,0,4
5814,약관 읽고 동의해도 자꾸 오류 뜨는데요.,0,3
5818,앱 오류가 많음! 대대적인 보완 필요함!,0,3
5820,연결 쓰레기네요 정말 등록이 안되는 lg폰만 되게 만든건가? 이게 개선이 안되면 휴대폰이 더 팔리는게 아니라 다른 가전이 더 안팔릴듯,0,4
5831,공기청정기 등록하려고 앱설치후 로그인하려고했더니 흰바탕만나오는 앱이네요,0,3
5834,제품 등록도 못하겄네요..안되는건지 못하는건지..,0,4
5835,에어컨 설치 후 iot기능 확인해보려했더니 첫화면부터 앱이 로딩도 안되네여빠른조치부탁해여,0,2
5840,스타일러사용중인데요 좋네요,0,3
5844,잘쓰고있는중에 어느날 갑자기 앱을여니까 로그인하라고 하네요 귀찮아서 안쓰려고그냥뒀더니..로그인하라고 사용도 못하고있는 앱에서 세탁기 세탁다됐다고 알람은 계속오고 다시 사용하려고 계정다시만들어서 앱도 깔고지우고반복2번이나해도 제품등록이 진행중으로만 되고 등록은 되지도않고 므슨 이런앱이,0,4
5846,최악. 어제 디오스 S839W30  냉장고 샀는데 Smart ThinQ 기능 있어서 연결하려는데 안되네요. 앱 제대로 만들어주세요. 속히 업데이트 좀 ,0,4
5849,제품등록이되어도 자꾸튕겨요 다운로드 기능을 사용할수없네요 돈 더주고 산건데 이걸이용할수없음 돈 아깝잖아요 왜안돼는거죠?,0,4
5853,다른건 다 등록되는데 퓨리케어공기청정기만 와이파이로 연결하는건데 계속해서 등록실패떠요 데이터자동전환도 해제하고 했는데도 그러네요 문제좀 해결해주세요,0,4
5859,와 이런 그지같은 앱은 첨보겠네 도대체 연결이 되긴하는건지 이거먼저써봤음 스타일러안사는건데 후회되네요 대시보드만들어가면 연결끊김 왜 다운로드코스는 만들어서 어휴 그냥 기기내에서 해결하게 만들지.. 앱못쓰면 쓰지말라는건가?  엘지가 대기업이란게 믿기지않을지경..,0,3
5865,스타일러한번 사용하려는데 업데이트안되고 계속꺼지고 한시간넘게 씨름함..이게 가요,0,3
5866,방금 잘 사용하고 업데이트하고 다시 제품 사용하려니 연결도 안되네요. 업데이트 전이신 분들 업데이트 하지마세요,0,3
5887,로봇청소기연결이 안되네요 와이파이까지는 연결이 되는데 로봇청소기에서 연결실폐라고 말합니다 왜 연결이 안되는건지 모르겠네요,0,4
5889,앱실행해서 제품등록을하려고 하는데 와이파이설정이 안되요..,0,4
5890,업데이트후 시그니처 공기청정기와연결이 전혀 안되네요 그전 버전으로 잘사용하고있었는데 정말 불편하네요,0,4
5892,계정로그인버튼 누르면 왜 흰화면만 나오나요,0,3
5898,가전은 역시 엘지 제품이 좋와야앱이 편리 하고 좋와서 잘 사용하고 있어요엘지최고,0,4
5899,다운로드 코스를 제작하여 사용할수는 없는건가요?,0,3
5903,연결도 안되는거 뭐하러 만들어요???,0,4
5904,완전 좋네요   앞으로 더 잘좀 됐음 하네요,0,3
5907,아주 좋아요. 휘센 fq251 연결 제어 상태 확인 아주 좋습니다.,0,3
5918,원래쓰던  스타일러앱이 더 나아요 이앱에는 기본코스가 없어서 별로인듯..기본코스가 항목은있는데 안에 코스들이없음.. 기본코스도 앱에서 사용하게 해주세요. 16년식 스타일러인데 다운로드코스만 앱에서 사용가능한데 불편해요 앱수정해주세요!,0,3
5921,어플을 깔고 첫화면 로그인 화면이후로 백지상태로 넘어가지를 않습니다. 어떻게해도 안됨. 아무것도 할 수 없음. V20 휴대폰쪽 원격상담 as도 받았으나 안됨. 가능한 방법 꼭 알려주십시오,0,4
5923,2013년lg휘센사용하던 어플 업데이트되어서 설치해보니 잘되네요!! 작년에 안되었던 어플이라 깔까말까했는대  개선되었네요 !!   이번여름 에어컨잘쓰겠습니당,0,4
5925,로보킹  VR6480VMNC 모델을 수령하여 사용 하려고 하는데 제품 등록이 안됩니다.  9698에서 계속 실패 청소기가 wifi모드가 아니라는 메세지만 계속 뜨네요. 청소기 wifi 모드를  어떻게 바꾸는지는 어디에도 나와있지 않고 남편 핸드폰은 등록이 되는데 제핸드폰은 등록이 2시간이 동안 계속 했지만 안되네요. 방법 알려주세요. 메일 보내놨어요.회신주세요.,0,3
5932,아직 부족해 보이는 부분이 많지만 지속적으로 기능이 추가되고 개선되고 있어서 좋은것 같습니다. 앞으로도 사용하기 편리한 앱 계속 만들어 주세요.,0,4
5946,로보킹 배송받고 앱설치해서 제품등록하려는데 9698에서 계속 실패..... 청소기가 wifi모드가 아니라는 메세지만 계속 뜨는데 로보킹을 어떻게 wifi로 변경하는지도 안나오고 화만 나고 시간만 흐르고 어찌하라는 건지 참나....!!,0,3
5947,전에 폰에서는 잘써왔는데 폰바꾸니 연결실패 왜이런가요...계속그래요,0,3
5949,집안에 여러제품을 한번에 확인할수있어서 좋네요,0,4
5950,센서의 상태를 음성으로 알려주니 너무 편하고 좋네요,0,3
5956,세탁끝나면 바로 알려주는 서비스 정말 편리하네요,0,3
5959,집안에 있는 가전들 하나하나 관리하기 편한거 같아요,0,3
5960,사용하기 참 편리하고 좋습니다. 좋은 세상이에요,0,3
5967,많은 LG 스마트제품을 사용하는 고객에게는 유용하지만 저에게 필요한 어플은 아닙니다. 괜히 용량만 더 차지하구요 사용법도 편하지않습니다. 사용자에게 어플 사용 선택권을 주지 않고 한가지 어플만 사용하라하는것은 고객서비스 취지에 어긋난거아닌가요? 기존 스타일러 어플 사용하도록 해주세요.,0,3
5977,만들꺼면 제대로 만들던지. 자주쓰던 코스들은 다 삭제되고 앱 사용은 불편하게 만들고 스타일러 못쓰겠네요,0,3
5983,집에 쓰는 가전이 거의가 엘지꺼라 다 들어있는게 좋아보이긴 한데 아닌사람 한테는 유용할지 모르겠네요...호불호가 많이 갈릴 듯...,0,3
5990,모든 제품을 한가지앱으로 관리할 수있어서 편합니다. 다만 구동속도는 조금 개선할 필요는 있어 보입니다.,0,4
5991,사용하기가 너무어렵고 불편합니다.전에 사용했던게 더좋은거같네요.앱추천은 안하고 싶네요.,0,3
5996,기존에 쓰던 앱을 통합을 하려면 최소한 그 기능들은 쓸 수 있게 해야지 통합된 앱에서는 스마트진단 이외에는 할 수 있는게 없어요. 기존앱 다시 돌려주세요,0,4
5997,이제 스마트 기능 적용 제품들이 하나의 앱으로 제어되니 아주 유용할듯합니다,0,3
6003,LG시그니쳐 공청기 에어컨 셋트로 구매해서 써보니  집에 공기상태도 확인되고 공짜로 사용할 수 있어 너무 좋네요,0,3
6005,너무 불편하네 새로 나오는 앱이면 개선되어서 나와야지 더 불편하게 만들어서 내놓으면 어쩌란 건지 짜증납니다 진짜,0,3
6009,스타일러앱 잘 쓰고 있었는데 담당자분들은 생각을 잘 안하시고 무작정 앱만 만드시나 봅니다.,0,3
6014,용량큰거빼면 앱 하나로 가전을 다 제어가능해서 좋아요! 가전이 대부분 엘지꺼라,0,3
6017,리뷰 수준만큼 못쓸만한건 아닌거 같구요,0,2
6019,다양하고 유용한 기능들이 많은 것 같네요. 휴대폰으로 가전을 제어 할수있어서 편리하네요.,0,3
6021,스타일러 신형이라고 해서 산건데 수십번 시도해도 안되고다운로드 안받으면 결국 기능도 다 못쓰는거 아니에요?,0,3
6022,전에 사용하던 기능조차없네요. 새로 기능을 추가하진 않더라도 기존꺼는 유지한채 새로운 앱 사용하도록 해야하는거 아닌가요..전에 사용하던 앱 사용하게 해주세요. 국가 모델명 또 말해달라고 하시겠죠,0,2
6023,기능도 없고 등산복 파카 자주쓰는기능 죄다 없고 원래있는기능도 껍데기뿐인 기능이였나 의심되네요,0,4
6040,어플하나로 사용중인 제품이 다 확인되서 좋아요,0,2
6044,이번에 사용하려고 설치했습니다. 잘 사용하겠습니다. 감사합니다.,0,3
6050,얼마전까지 썼는데 갑작이 연결해제되더니 그 후론 계속 연결이 안되네요. 제품을 삭제하고 재등록해도 안되구요.,0,4
6055,세탁기 다운로드 코스도 안되고 그나마 lg스마트폰만 제품등록되고 삼성스마트폰은 등록도 안된다 심지어 lg as기사도 못하고 웃고갔다,0,3
6060,엘지드럼세탁기사용중인데 원격으로 어떻게사용하나요??,0,3
6074,조금 복잡하긴 하지만 모든 제품을 한꺼번에 쓸 수 있어서 좋네요. 따로 따로 설치하느라 번거로왔는데.,0,3
6075,사용하기 편하도록 자세하게 설명되어있어 좋네요. 룩도 심플하고요. 장볼때도 폰으로 냉장고 안을 볼 수 있어서 정말 편리합니다,0,3
6076,하나의 앱으로 가전과 IoT 제품들까지 지원되니 좋네요 ,0,4
6081,기존 에어컨에 있는 기능 몇가지는 유저들이 사용을 잘 안한다하여 기능을 임의적으로 삭제하여 사용할수 없게끔 하질않나 이제는 통합한다하여 본 어플을 설치했더니 카메라 기능있는건 5프레임 나오려나... 무지 끊기고 화질저하에 회면크기역시 작아져서 불편함이 이만저만 아닙니다. 목소리 녹음하여 onoff시 녹음될수있는 설정도 지우고 개선해달라는건 안하고 엉뚱한 어플만 만들어서 소비자불만만 삽니까!,0,3
6084,어떻게 만들었길래 별거 없는 ui에서 버벅임이 있답니까 기능 써보기도 전에 답답해서 종료하고 싶어지네요,0,4
6085,예전에는 앱을 두세개 깔아야됐는데 하나로 쓸수있으니 좋네요.. .  조금 느리는건 개선되면 좋겠어요,0,4
6091,전 아주 유용하게 사용하고있습니다. 처음써보는대 아주 편리하네요 ,0,3
6102,없어요 세탁기냉장고 등 몇개만있고 띵크허브는 어디서파나요 ??,0,2
6104,로봇청소기 정말 편하네요,0,3
6108,공기청정기를 구매해서 연결하려고 하는데 계속 연결 오류네요 핸폰G4 공유기U까지 모두 엘진데. . . 다시 깔면 된다기에 여러번 했는데 그래도 안되네요 빨리 수정 바래요,0,3
6117,저희집은 인터넷? 제품을 사용하고 있는데 다운로드코스 기능 좋네요. 그리고 외부에서 조작할 수있어서 밖에서 일보고 있다가 귀가 전에 시작 시켜놓으면 집에 가면 딱 세탁이 완료되어있어서 편리합니다. 완료되면 완료 알림도 와서 굳이 세탁기를 보고 있지 않아도되네요. 속도는 조금 느리지만 그거빼고는 사용할만 합니다.,0,3
6118,한꺼번에 하는 것은 좋은데...좀 더 속도를 빠르게 하면 좋겠습니다,0,4
6120,에어컨 외부에서 작동되는 기능은 만족하나 어플을 깔고 난 후부터 휴대폰이 급격하게 느려졌습니다. 개선 좀 해주세요. 세탁기도 외부에서 컨트롤 할 수 있는 기능이 있으면 좋겠네요,0,4
6124,우리집에 유일한 lg 전기 제품 오븐.  다른 기기까지 컨트롤 해야 할까요? 제품 등록도 안 되고 심지어 앱이 열리지도 않음. 이럴 땐 예전 앱이라도 사용하게 해주시오.,0,3
6127,"공기청정기 전원을 끄고 켤때마다 어플을 다시 깔아야하다니... 어떻게 중소기업제품 어플만도 못한 기술력을 자랑하시는지 모르겠네요. 
유닉스어플 매우 잘 됩니다. 보고 좀 배우세요.",0,4
6132,"이런 쓰뤠기 앱이 있나요? 섭스기사 왔다갔는데도 스맛폰 연결이 안되네요.처음엔 잘되었는데 업데이트 이후로 연결이 안되네요. 빨리 해결해 
주세요.",0,3
6134,로봇청소기를 주로 쓰는데 집 안팎에서 사용할 수 있어서 매우 편리하네요! 미리 청소도 시켜놓을 수 있고 청소이력도 확인 가능하니 집이 한결 깨끗해진 것 같아요.,0,3
6138,"작년부터 쓰지만 업데이트를 해도 별 다를건 없는 어플임. 어플로 연동시켜놓고 리모컨으로 끄거나 키면 어플연동 자동으로 해제됨  
하빡쳐 ... 매번 어플이랑 연동시켜야하고 귀찮고 전혀 스마트하지않음",0,2
6139,이거 되는 앱 맞나요? 데이터끄고 와이파이 킷나고 해서 했는데 안되고 비행기 모드하고 와이파이만 켰는데도 안되고 제품등록 연결할때마다 와이파이 비번 눌러야하고 불편하고 등록도 안되고 저절로 꺼지고 한시간째 이것저것했는데도 등록 못함. 대기업에서 만든 앱이 이모양이라니... 정말 실망.,0,4
6141,집에 wifi LG가전이 여러개 있는데 가전마다 별도로 앱은 깔지 않고 하나의 앱으로 다 처리할 수 있어서 좋네요.,0,3
6143,트럼스타일러 제품에 와이파이가 잡히지 않고 이딴것 왜 만들어 피곤하게 하는지요? 제품은 와이파이 없으면 구동도 안되고 피곤하네요,0,3
6146,엘지가전 많은데 하나의 앱에서 관리되고 좋네요 앱이 조금 불안정하지만 더 좋아질거라 믿고 잘쓸게요,0,3
6148,12년도에산 휘센 스마트에어컨아닌데 스마트에어컨 아닌사람들은 다버리는거야? 서비스를 하려면 제대로 해야지. 이래서 lg쓰면안되,0,3
6149,진짜 어플 개똥이네  가입하려는데 약관읽고동의하라해서 다 읽고 확인누르고 동의눌렀는데도 계속 다 읽고 확인누르라고 써보지도못하고 삭제함,0,3
6155,얼마전까지 되다가 앱 실행이 안 되네요. 실행 에러라고 뜨기만 하고 세탁기 다운로드 코스는 왜 만들어가지고 기능을 사용 못하게 하는지 원 참,0,3
6165,세탁기를등록하려하면 테그온이지원하지않는제품이라뜨네요 스마트세탁기어플도그러더니 버전수정된뒤 대던대 이어플도그런건지 안되서 짜증나내여,0,3
6167,매뉴얼대로 해도 연결 못하는 앱. LG 폰으로 2018 년 모델 에어컨을 연결못하는 문제,0,3
6169,집에 2.4주파수가 있는데 5주파수라고 연결이 되지 않습니다. 그냥 삭제가 답이네요,0,3
6170,에어컨등록실패가 자꾸 뜨네요 뭐가 문젠가요 자꾸 그러니 짜증나요,0,3
6171,최악의 앱 시간 낭비했음 앱개발자 빨리 해고 시키시길 바란다 엘지야,0,2
6172,아니 이거 앱 설치가 안돼잖아요 10번이나해도 절돼안됨,0,4
6180,앱도않깔리네요 안드로이드  4.1.2인데  왜설치가  않돼나요?,0,4
6182,집에 있는 로보킹 에어컨을 앱하나로 제어 할수 있어서 편하네요.,0,3
6185,에어컨 리모콘이 필요한데 무슨 로그인에 마켓팅동의에,0,3
6191,자꾸 오류가 나고 연결이 끊김.,0,3
6196,YongWoo Kim 님 저도 G3 마시멜로우인데 앱 지웠다가 다시 설치하니까 잘 되네요,0,4
6198,정말 좋아요 에어컨에 사용하면 정말 좋네요 집에 들어가기 전에 에어컨을 켜노면 집이 정만 시원해요,0,3
6202,오오오진즉에 사용할껄 이런 게 있는줄몰랐네요 lg전자 파이팅,0,2
6205,스타일러의 예약에 분단위도 추가해주시면 좋겠습니다,0,3
6206,잘 쓰고 있어요 더운데 집에 들어가기 전에 에어컨 틀어놓으니 너무너무 좋네요.,0,3
6207,되지도 않는걸 뭐하러 만든건지...  예전앱은  되기라도 했어요,0,4
6210,오늘 처음 정수기랑 청정기설치하고 스마트기능 연결해 보았는데 좋네요.,0,3
6242,제가 이거 다운받았는데 돼요!!!이 앱 만드신 제작자님!힘네세요!!!,0,4
